participant,condition,round,stage,stage_idx,protection,is_transition
participant_20240910183549_score_84_model_CH_5,transition_aware,1,R1-10,0,0.8998486965337489,1
participant_20240910183549_score_84_model_CH_5,transition_aware,2,R1-10,0,0.9005867493840697,1
participant_20240910183549_score_84_model_CH_5,transition_aware,3,R1-10,0,0.9407812603322443,1
participant_20240910183549_score_84_model_CH_5,transition_aware,4,R1-10,0,1.0,1
participant_20240910183549_score_84_model_CH_5,transition_aware,5,R1-10,0,0.7751864557403525,1
participant_20240910183549_score_84_model_CH_5,transition_aware,6,R1-10,0,0.8931785897958823,1
participant_20240910183549_score_84_model_CH_5,transition_aware,7,R1-10,0,0.9188646147520049,1
participant_20240910183549_score_84_model_CH_5,transition_aware,8,R1-10,0,1.0,1
participant_20240910183549_score_84_model_CH_5,transition_aware,9,R1-10,0,0.8244494471109604,1
participant_20240910183549_score_84_model_CH_5,transition_aware,10,R1-10,0,0.9623997937416725,1
participant_20240910183549_score_84_model_CH_5,transition_aware,11,R11-20,1,0.9516837907792761,1
participant_20240910183549_score_84_model_CH_5,transition_aware,12,R11-20,1,0.8790424202151247,1
participant_20240910183549_score_84_model_CH_5,transition_aware,13,R11-20,1,0.867718203409035,1
participant_20240910183549_score_84_model_CH_5,transition_aware,14,R11-20,1,0.7161822085908128,1
participant_20240910183549_score_84_model_CH_5,transition_aware,15,R11-20,1,1.0,1
participant_20240910183549_score_84_model_CH_5,transition_aware,16,R11-20,1,0.6902705673814038,1
participant_20240910183549_score_84_model_CH_5,transition_aware,17,R11-20,1,0.6931312994407821,1
participant_20240910183549_score_84_model_CH_5,transition_aware,18,R11-20,1,0.6641745796022626,1
participant_20240910183549_score_84_model_CH_5,transition_aware,19,R11-20,1,0.7350565151780778,1
participant_20240910183549_score_84_model_CH_5,transition_aware,20,R11-20,1,0.7408188662847373,1
participant_20240910183549_score_84_model_CH_5,transition_aware,21,R21-30,2,1.0,1
participant_20240910183549_score_84_model_CH_5,transition_aware,22,R21-30,2,0.8244494471109604,1
participant_20240910183549_score_84_model_CH_5,transition_aware,23,R21-30,2,0.8290866247204792,1
participant_20240910183549_score_84_model_CH_5,transition_aware,24,R21-30,2,0.7970513751300802,1
participant_20240910183549_score_84_model_CH_5,transition_aware,25,R21-30,2,0.7146154680743207,1
participant_20240910183549_score_84_model_CH_5,transition_aware,26,R21-30,2,0.8196281134384806,1
participant_20240910183549_score_84_model_CH_5,transition_aware,27,R21-30,2,0.7964893772577005,1
participant_20240910183549_score_84_model_CH_5,transition_aware,28,R21-30,2,0.9188646147520049,1
participant_20240910183549_score_84_model_CH_5,transition_aware,29,R21-30,2,1.0,1
participant_20240910183549_score_84_model_CH_5,transition_aware,30,R21-30,2,0.783082176507216,1
participant_20240910183549_score_84_model_CH_5,transition_aware,31,R31-40,3,0.7161822085908128,1
participant_20240910183549_score_84_model_CH_5,transition_aware,32,R31-40,3,0.7496375562100419,1
participant_20240910183549_score_84_model_CH_5,transition_aware,33,R31-40,3,1.0,1
participant_20240910183549_score_84_model_CH_5,transition_aware,34,R31-40,3,1.0,1
participant_20240910183549_score_84_model_CH_5,transition_aware,35,R31-40,3,1.0,1
participant_20240910183549_score_84_model_CH_5,transition_aware,36,R31-40,3,0.7161822085908128,1
participant_20240910183549_score_84_model_CH_5,transition_aware,37,R31-40,3,0.6931312994407821,1
participant_20240910183549_score_84_model_CH_5,transition_aware,38,R31-40,3,0.7170595500283735,1
participant_20240910183549_score_84_model_CH_5,transition_aware,39,R31-40,3,0.8888773983995458,1
participant_20240910183549_score_84_model_CH_5,transition_aware,40,R31-40,3,0.7170595500283735,1
participant_20240910184410_score_85_model_CH_5,transition_aware,1,R1-10,0,0.8524486301668717,1
participant_20240910184410_score_85_model_CH_5,transition_aware,2,R1-10,0,0.7474836481369194,1
participant_20240910184410_score_85_model_CH_5,transition_aware,3,R1-10,0,0.804126580284453,1
participant_20240910184410_score_85_model_CH_5,transition_aware,4,R1-10,0,1.0,1
participant_20240910184410_score_85_model_CH_5,transition_aware,5,R1-10,0,1.0,1
participant_20240910184410_score_85_model_CH_5,transition_aware,6,R1-10,0,0.9220323365614134,1
participant_20240910184410_score_85_model_CH_5,transition_aware,7,R1-10,0,0.8888773983995458,1
participant_20240910184410_score_85_model_CH_5,transition_aware,8,R1-10,0,0.9564712180674274,1
participant_20240910184410_score_85_model_CH_5,transition_aware,9,R1-10,0,0.8276718880605415,1
participant_20240910184410_score_85_model_CH_5,transition_aware,10,R1-10,0,0.9409212503891795,1
participant_20240910184410_score_85_model_CH_5,transition_aware,11,R11-20,1,0.8216919394759734,1
participant_20240910184410_score_85_model_CH_5,transition_aware,12,R11-20,1,0.9233954292878119,1
participant_20240910184410_score_85_model_CH_5,transition_aware,13,R11-20,1,1.0,1
participant_20240910184410_score_85_model_CH_5,transition_aware,14,R11-20,1,0.8069054221652054,1
participant_20240910184410_score_85_model_CH_5,transition_aware,15,R11-20,1,0.7420186074079257,1
participant_20240910184410_score_85_model_CH_5,transition_aware,16,R11-20,1,0.7161822085908128,1
participant_20240910184410_score_85_model_CH_5,transition_aware,17,R11-20,1,0.7463909703915956,1
participant_20240910184410_score_85_model_CH_5,transition_aware,18,R11-20,1,1.0,1
participant_20240910184410_score_85_model_CH_5,transition_aware,19,R11-20,1,0.7676124344694212,1
participant_20240910184410_score_85_model_CH_5,transition_aware,20,R11-20,1,0.7718344017945931,1
participant_20240910184410_score_85_model_CH_5,transition_aware,21,R21-30,2,0.8882899809703187,1
participant_20240910184410_score_85_model_CH_5,transition_aware,22,R21-30,2,1.0,1
participant_20240910184410_score_85_model_CH_5,transition_aware,23,R21-30,2,0.8375001976900155,1
participant_20240910184410_score_85_model_CH_5,transition_aware,24,R21-30,2,1.0,1
participant_20240910184410_score_85_model_CH_5,transition_aware,25,R21-30,2,0.8874260859407329,1
participant_20240910184410_score_85_model_CH_5,transition_aware,26,R21-30,2,1.0,1
participant_20240910184410_score_85_model_CH_5,transition_aware,27,R21-30,2,0.6693102550214488,1
participant_20240910184410_score_85_model_CH_5,transition_aware,28,R21-30,2,0.8874260859407329,1
participant_20240910184410_score_85_model_CH_5,transition_aware,29,R21-30,2,1.0,1
participant_20240910184410_score_85_model_CH_5,transition_aware,30,R21-30,2,1.0,1
participant_20240910184410_score_85_model_CH_5,transition_aware,31,R31-40,3,0.7434404647358629,1
participant_20240910184410_score_85_model_CH_5,transition_aware,32,R31-40,3,0.8674527523859623,1
participant_20240910184410_score_85_model_CH_5,transition_aware,33,R31-40,3,0.8387919911696736,1
participant_20240910184410_score_85_model_CH_5,transition_aware,34,R31-40,3,0.7293515379829776,1
participant_20240910184410_score_85_model_CH_5,transition_aware,35,R31-40,3,0.7250401129646206,1
participant_20240910184410_score_85_model_CH_5,transition_aware,36,R31-40,3,0.7229884663765911,1
participant_20240910184410_score_85_model_CH_5,transition_aware,37,R31-40,3,1.0,1
participant_20240910184410_score_85_model_CH_5,transition_aware,38,R31-40,3,0.660489479581293,1
participant_20240910184410_score_85_model_CH_5,transition_aware,39,R31-40,3,0.716081019399431,1
participant_20240910184410_score_85_model_CH_5,transition_aware,40,R31-40,3,0.6923627510464264,1
participant_20240910184436_score_82_model_CH_5,transition_aware,1,R1-10,0,0.6915820967861389,1
participant_20240910184436_score_82_model_CH_5,transition_aware,2,R1-10,0,1.0,1
participant_20240910184436_score_82_model_CH_5,transition_aware,3,R1-10,0,1.0,1
participant_20240910184436_score_82_model_CH_5,transition_aware,4,R1-10,0,0.76161972523722,1
participant_20240910184436_score_82_model_CH_5,transition_aware,5,R1-10,0,0.780196416366737,1
participant_20240910184436_score_82_model_CH_5,transition_aware,6,R1-10,0,0.7270917498057288,1
participant_20240910184436_score_82_model_CH_5,transition_aware,7,R1-10,0,0.8794166055435383,1
participant_20240910184436_score_82_model_CH_5,transition_aware,8,R1-10,0,0.8468441863450895,1
participant_20240910184436_score_82_model_CH_5,transition_aware,9,R1-10,0,0.7496375562100419,1
participant_20240910184436_score_82_model_CH_5,transition_aware,10,R1-10,0,0.7796354175694434,1
participant_20240910184436_score_82_model_CH_5,transition_aware,11,R11-20,1,1.0,1
participant_20240910184436_score_82_model_CH_5,transition_aware,12,R11-20,1,0.6902705673814038,1
participant_20240910184436_score_82_model_CH_5,transition_aware,13,R11-20,1,0.8076884111080397,1
participant_20240910184436_score_82_model_CH_5,transition_aware,14,R11-20,1,1.0,1
participant_20240910184436_score_82_model_CH_5,transition_aware,15,R11-20,1,0.7496375562100419,1
participant_20240910184436_score_82_model_CH_5,transition_aware,16,R11-20,1,1.0,1
participant_20240910184436_score_82_model_CH_5,transition_aware,17,R11-20,1,0.6746907957347514,1
participant_20240910184436_score_82_model_CH_5,transition_aware,18,R11-20,1,0.747548573891677,1
participant_20240910184436_score_82_model_CH_5,transition_aware,19,R11-20,1,0.7170595500283735,1
participant_20240910184436_score_82_model_CH_5,transition_aware,20,R11-20,1,0.7724916245314318,1
participant_20240910184436_score_82_model_CH_5,transition_aware,21,R21-30,2,0.7514149631846356,1
participant_20240910184436_score_82_model_CH_5,transition_aware,22,R21-30,2,0.7228749556757555,1
participant_20240910184436_score_82_model_CH_5,transition_aware,23,R21-30,2,0.7561067480566522,1
participant_20240910184436_score_82_model_CH_5,transition_aware,24,R21-30,2,0.76161972523722,1
participant_20240910184436_score_82_model_CH_5,transition_aware,25,R21-30,2,1.0,1
participant_20240910184436_score_82_model_CH_5,transition_aware,26,R21-30,2,0.7246364511805223,1
participant_20240910184436_score_82_model_CH_5,transition_aware,27,R21-30,2,0.7839698313453046,1
participant_20240910184436_score_82_model_CH_5,transition_aware,28,R21-30,2,0.9386398617289454,1
participant_20240910184436_score_82_model_CH_5,transition_aware,29,R21-30,2,0.8892283404339156,1
participant_20240910184436_score_82_model_CH_5,transition_aware,30,R21-30,2,0.9180845479001136,1
participant_20240910184436_score_82_model_CH_5,transition_aware,31,R31-40,3,1.0,1
participant_20240910184436_score_82_model_CH_5,transition_aware,32,R31-40,3,0.8468441863450895,1
participant_20240910184436_score_82_model_CH_5,transition_aware,33,R31-40,3,0.8387919911696736,1
participant_20240910184436_score_82_model_CH_5,transition_aware,34,R31-40,3,0.8529367212727008,1
participant_20240910184436_score_82_model_CH_5,transition_aware,35,R31-40,3,0.8526310918211969,1
participant_20240910184436_score_82_model_CH_5,transition_aware,36,R31-40,3,0.8430070916941916,1
participant_20240910184436_score_82_model_CH_5,transition_aware,37,R31-40,3,0.8860339068700156,1
participant_20240910184436_score_82_model_CH_5,transition_aware,38,R31-40,3,0.7293515379829776,1
participant_20240910184436_score_82_model_CH_5,transition_aware,39,R31-40,3,0.7420186074079257,1
participant_20240910184436_score_82_model_CH_5,transition_aware,40,R31-40,3,0.6997780632351185,1
participant_20240910184600_score_83_model_CH_5,transition_aware,1,R1-10,0,0.8883587640181702,1
participant_20240910184600_score_83_model_CH_5,transition_aware,2,R1-10,0,1.0,1
participant_20240910184600_score_83_model_CH_5,transition_aware,3,R1-10,0,0.8931785897958823,1
participant_20240910184600_score_83_model_CH_5,transition_aware,4,R1-10,0,0.8790424202151247,1
participant_20240910184600_score_83_model_CH_5,transition_aware,5,R1-10,0,0.8998486965337489,1
participant_20240910184600_score_83_model_CH_5,transition_aware,6,R1-10,0,0.9188646147520049,1
participant_20240910184600_score_83_model_CH_5,transition_aware,7,R1-10,0,1.0,1
participant_20240910184600_score_83_model_CH_5,transition_aware,8,R1-10,0,1.0,1
participant_20240910184600_score_83_model_CH_5,transition_aware,9,R1-10,0,0.7514149631846356,1
participant_20240910184600_score_83_model_CH_5,transition_aware,10,R1-10,0,0.9703575306124926,1
participant_20240910184600_score_83_model_CH_5,transition_aware,11,R11-20,1,0.7196357415826465,1
participant_20240910184600_score_83_model_CH_5,transition_aware,12,R11-20,1,0.7975006112483117,1
participant_20240910184600_score_83_model_CH_5,transition_aware,13,R11-20,1,0.6898979034756408,1
participant_20240910184600_score_83_model_CH_5,transition_aware,14,R11-20,1,0.7266936683719593,1
participant_20240910184600_score_83_model_CH_5,transition_aware,15,R11-20,1,1.0,1
participant_20240910184600_score_83_model_CH_5,transition_aware,16,R11-20,1,0.6898979034756408,1
participant_20240910184600_score_83_model_CH_5,transition_aware,17,R11-20,1,0.660489479581293,1
participant_20240910184600_score_83_model_CH_5,transition_aware,18,R11-20,1,1.0,1
participant_20240910184600_score_83_model_CH_5,transition_aware,19,R11-20,1,1.0,1
participant_20240910184600_score_83_model_CH_5,transition_aware,20,R11-20,1,0.9220323365614134,1
participant_20240910184600_score_83_model_CH_5,transition_aware,21,R21-30,2,0.7604820108648145,1
participant_20240910184600_score_83_model_CH_5,transition_aware,22,R21-30,2,0.660489479581293,1
participant_20240910184600_score_83_model_CH_5,transition_aware,23,R21-30,2,0.7721178290196543,1
participant_20240910184600_score_83_model_CH_5,transition_aware,24,R21-30,2,0.76161972523722,1
participant_20240910184600_score_83_model_CH_5,transition_aware,25,R21-30,2,0.7676124344694212,1
participant_20240910184600_score_83_model_CH_5,transition_aware,26,R21-30,2,0.7514149631846356,1
participant_20240910184600_score_83_model_CH_5,transition_aware,27,R21-30,2,0.7209848604301851,1
participant_20240910184600_score_83_model_CH_5,transition_aware,28,R21-30,2,0.7608545826048688,1
participant_20240910184600_score_83_model_CH_5,transition_aware,29,R21-30,2,0.780196416366737,1
participant_20240910184600_score_83_model_CH_5,transition_aware,30,R21-30,2,0.7401034916753303,1
participant_20240910184600_score_83_model_CH_5,transition_aware,31,R31-40,3,0.7929944901403722,1
participant_20240910184600_score_83_model_CH_5,transition_aware,32,R31-40,3,0.761498132441029,1
participant_20240910184600_score_83_model_CH_5,transition_aware,33,R31-40,3,0.7246142066856996,1
participant_20240910184600_score_83_model_CH_5,transition_aware,34,R31-40,3,0.7830096363112015,1
participant_20240910184600_score_83_model_CH_5,transition_aware,35,R31-40,3,1.0,1
participant_20240910184600_score_83_model_CH_5,transition_aware,36,R31-40,3,0.6898979034756408,1
participant_20240910184600_score_83_model_CH_5,transition_aware,37,R31-40,3,1.0,1
participant_20240910184600_score_83_model_CH_5,transition_aware,38,R31-40,3,1.0,1
participant_20240910184600_score_83_model_CH_5,transition_aware,39,R31-40,3,0.7463909703915956,1
participant_20240910184600_score_83_model_CH_5,transition_aware,40,R31-40,3,0.7724916245314318,1
participant_20240910185047_score_84_model_CH_5,transition_aware,1,R1-10,0,0.8216875598196213,1
participant_20240910185047_score_84_model_CH_5,transition_aware,2,R1-10,0,1.0,1
participant_20240910185047_score_84_model_CH_5,transition_aware,3,R1-10,0,0.9172454554187994,1
participant_20240910185047_score_84_model_CH_5,transition_aware,4,R1-10,0,0.7108532201180573,1
participant_20240910185047_score_84_model_CH_5,transition_aware,5,R1-10,0,1.0,1
participant_20240910185047_score_84_model_CH_5,transition_aware,6,R1-10,0,0.7796354175694434,1
participant_20240910185047_score_84_model_CH_5,transition_aware,7,R1-10,0,0.9746991211668681,1
participant_20240910185047_score_84_model_CH_5,transition_aware,8,R1-10,0,0.8567948032078271,1
participant_20240910185047_score_84_model_CH_5,transition_aware,9,R1-10,0,0.8342973656068825,1
participant_20240910185047_score_84_model_CH_5,transition_aware,10,R1-10,0,0.8342973656068825,1
participant_20240910185047_score_84_model_CH_5,transition_aware,11,R11-20,1,0.870666974886284,1
participant_20240910185047_score_84_model_CH_5,transition_aware,12,R11-20,1,0.9319378474579764,1
participant_20240910185047_score_84_model_CH_5,transition_aware,13,R11-20,1,0.8998486965337489,1
participant_20240910185047_score_84_model_CH_5,transition_aware,14,R11-20,1,0.7799410887105677,1
participant_20240910185047_score_84_model_CH_5,transition_aware,15,R11-20,1,0.6641745796022626,1
participant_20240910185047_score_84_model_CH_5,transition_aware,16,R11-20,1,0.7250401129646206,1
participant_20240910185047_score_84_model_CH_5,transition_aware,17,R11-20,1,0.7247339974298455,1
participant_20240910185047_score_84_model_CH_5,transition_aware,18,R11-20,1,0.716081019399431,1
participant_20240910185047_score_84_model_CH_5,transition_aware,19,R11-20,1,0.6693102550214488,1
participant_20240910185047_score_84_model_CH_5,transition_aware,20,R11-20,1,0.6931312994407821,1
participant_20240910185047_score_84_model_CH_5,transition_aware,21,R21-30,2,0.7408188662847373,1
participant_20240910185047_score_84_model_CH_5,transition_aware,22,R21-30,2,0.7350565151780778,1
participant_20240910185047_score_84_model_CH_5,transition_aware,23,R21-30,2,0.6931312994407821,1
participant_20240910185047_score_84_model_CH_5,transition_aware,24,R21-30,2,0.8453501798995957,1
participant_20240910185047_score_84_model_CH_5,transition_aware,25,R21-30,2,0.8196281134384806,1
participant_20240910185047_score_84_model_CH_5,transition_aware,26,R21-30,2,0.8032851810948856,1
participant_20240910185047_score_84_model_CH_5,transition_aware,27,R21-30,2,0.8072323611097096,1
participant_20240910185047_score_84_model_CH_5,transition_aware,28,R21-30,2,0.7676124344694212,1
participant_20240910185047_score_84_model_CH_5,transition_aware,29,R21-30,2,0.7718344017945931,1
participant_20240910185047_score_84_model_CH_5,transition_aware,30,R21-30,2,0.7929944901403722,1
participant_20240910185047_score_84_model_CH_5,transition_aware,31,R31-40,3,0.8263398943135098,1
participant_20240910185047_score_84_model_CH_5,transition_aware,32,R31-40,3,1.0,1
participant_20240910185047_score_84_model_CH_5,transition_aware,33,R31-40,3,0.9110046293988926,1
participant_20240910185047_score_84_model_CH_5,transition_aware,34,R31-40,3,0.9110470949910401,1
participant_20240910185047_score_84_model_CH_5,transition_aware,35,R31-40,3,0.9232678197757922,1
participant_20240910185047_score_84_model_CH_5,transition_aware,36,R31-40,3,1.0,1
participant_20240910185047_score_84_model_CH_5,transition_aware,37,R31-40,3,0.9159914846254522,1
participant_20240910185047_score_84_model_CH_5,transition_aware,38,R31-40,3,1.0,1
participant_20240910185047_score_84_model_CH_5,transition_aware,39,R31-40,3,0.8877601414489413,1
participant_20240910185047_score_84_model_CH_5,transition_aware,40,R31-40,3,0.8947089178250314,1
participant_20240910190236_score_83_model_CH_5,transition_aware,1,R1-10,0,0.9420055155841807,1
participant_20240910190236_score_83_model_CH_5,transition_aware,2,R1-10,0,0.9110470949910401,1
participant_20240910190236_score_83_model_CH_5,transition_aware,3,R1-10,0,0.818043541837118,1
participant_20240910190236_score_83_model_CH_5,transition_aware,4,R1-10,0,0.6997780632351185,1
participant_20240910190236_score_83_model_CH_5,transition_aware,5,R1-10,0,0.818043541837118,1
participant_20240910190236_score_83_model_CH_5,transition_aware,6,R1-10,0,0.7277382707564203,1
participant_20240910190236_score_83_model_CH_5,transition_aware,7,R1-10,0,0.9235143022987434,1
participant_20240910190236_score_83_model_CH_5,transition_aware,8,R1-10,0,0.9986767551225774,1
participant_20240910190236_score_83_model_CH_5,transition_aware,9,R1-10,0,1.0,1
participant_20240910190236_score_83_model_CH_5,transition_aware,10,R1-10,0,0.7830096363112015,1
participant_20240910190236_score_83_model_CH_5,transition_aware,11,R11-20,1,1.0,1
participant_20240910190236_score_83_model_CH_5,transition_aware,12,R11-20,1,0.9273232033274932,1
participant_20240910190236_score_83_model_CH_5,transition_aware,13,R11-20,1,0.870666974886284,1
participant_20240910190236_score_83_model_CH_5,transition_aware,14,R11-20,1,0.8790424202151247,1
participant_20240910190236_score_83_model_CH_5,transition_aware,15,R11-20,1,0.8524486301668717,1
participant_20240910190236_score_83_model_CH_5,transition_aware,16,R11-20,1,0.8076884111080397,1
participant_20240910190236_score_83_model_CH_5,transition_aware,17,R11-20,1,0.7913906164154427,1
participant_20240910190236_score_83_model_CH_5,transition_aware,18,R11-20,1,0.8153872643652484,1
participant_20240910190236_score_83_model_CH_5,transition_aware,19,R11-20,1,0.7235310362867602,1
participant_20240910190236_score_83_model_CH_5,transition_aware,20,R11-20,1,0.6902705673814038,1
participant_20240910190236_score_83_model_CH_5,transition_aware,21,R21-30,2,0.747548573891677,1
participant_20240910190236_score_83_model_CH_5,transition_aware,22,R21-30,2,0.7170595500283735,1
participant_20240910190236_score_83_model_CH_5,transition_aware,23,R21-30,2,0.7196357415826465,1
participant_20240910190236_score_83_model_CH_5,transition_aware,24,R21-30,2,0.9220323365614134,1
participant_20240910190236_score_83_model_CH_5,transition_aware,25,R21-30,2,0.6746907957347514,1
participant_20240910190236_score_83_model_CH_5,transition_aware,26,R21-30,2,0.6915820967861389,1
participant_20240910190236_score_83_model_CH_5,transition_aware,27,R21-30,2,1.0,1
participant_20240910190236_score_83_model_CH_5,transition_aware,28,R21-30,2,0.730882469884173,1
participant_20240910190236_score_83_model_CH_5,transition_aware,29,R21-30,2,0.7105443259768215,1
participant_20240910190236_score_83_model_CH_5,transition_aware,30,R21-30,2,1.0,1
participant_20240910190236_score_83_model_CH_5,transition_aware,31,R31-40,3,0.7280617114305422,1
participant_20240910190236_score_83_model_CH_5,transition_aware,32,R31-40,3,0.7327467316052476,1
participant_20240910190236_score_83_model_CH_5,transition_aware,33,R31-40,3,0.9516837907792761,1
participant_20240910190236_score_83_model_CH_5,transition_aware,34,R31-40,3,0.9220323365614134,1
participant_20240910190236_score_83_model_CH_5,transition_aware,35,R31-40,3,0.7660564430524919,1
participant_20240910190236_score_83_model_CH_5,transition_aware,36,R31-40,3,0.7561067480566522,1
participant_20240910190236_score_83_model_CH_5,transition_aware,37,R31-40,3,0.8587087224276923,1
participant_20240910190236_score_83_model_CH_5,transition_aware,38,R31-40,3,0.8375001976900155,1
participant_20240910190236_score_83_model_CH_5,transition_aware,39,R31-40,3,0.7919961526718451,1
participant_20240910190236_score_83_model_CH_5,transition_aware,40,R31-40,3,1.0,1
participant_20240910190846_score_86_model_CH_5,transition_aware,1,R1-10,0,0.8196281134384806,1
participant_20240910190846_score_86_model_CH_5,transition_aware,2,R1-10,0,0.7316947023510775,1
participant_20240910190846_score_86_model_CH_5,transition_aware,3,R1-10,0,0.783082176507216,1
participant_20240910190846_score_86_model_CH_5,transition_aware,4,R1-10,0,0.7105065145184509,1
participant_20240910190846_score_86_model_CH_5,transition_aware,5,R1-10,0,0.9405659961763306,1
participant_20240910190846_score_86_model_CH_5,transition_aware,6,R1-10,0,0.6693102550214488,1
participant_20240910190846_score_86_model_CH_5,transition_aware,7,R1-10,0,0.9746991211668681,1
participant_20240910190846_score_86_model_CH_5,transition_aware,8,R1-10,0,1.0,1
participant_20240910190846_score_86_model_CH_5,transition_aware,9,R1-10,0,0.8790424202151247,1
participant_20240910190846_score_86_model_CH_5,transition_aware,10,R1-10,0,1.0,1
participant_20240910190846_score_86_model_CH_5,transition_aware,11,R11-20,1,1.0,1
participant_20240910190846_score_86_model_CH_5,transition_aware,12,R11-20,1,0.968574595780645,1
participant_20240910190846_score_86_model_CH_5,transition_aware,13,R11-20,1,0.7970513751300802,1
participant_20240910190846_score_86_model_CH_5,transition_aware,14,R11-20,1,0.6931312994407821,1
participant_20240910190846_score_86_model_CH_5,transition_aware,15,R11-20,1,0.7408188662847373,1
participant_20240910190846_score_86_model_CH_5,transition_aware,16,R11-20,1,0.6953380603610795,1
participant_20240910190846_score_86_model_CH_5,transition_aware,17,R11-20,1,0.9188646147520049,1
participant_20240910190846_score_86_model_CH_5,transition_aware,18,R11-20,1,0.8167408274043763,1
participant_20240910190846_score_86_model_CH_5,transition_aware,19,R11-20,1,0.7906324229090286,1
participant_20240910190846_score_86_model_CH_5,transition_aware,20,R11-20,1,1.0,1
participant_20240910190846_score_86_model_CH_5,transition_aware,21,R21-30,2,1.0,1
participant_20240910190846_score_86_model_CH_5,transition_aware,22,R21-30,2,0.790205737828662,1
participant_20240910190846_score_86_model_CH_5,transition_aware,23,R21-30,2,0.7059273613776834,1
participant_20240910190846_score_86_model_CH_5,transition_aware,24,R21-30,2,1.0,1
participant_20240910190846_score_86_model_CH_5,transition_aware,25,R21-30,2,0.8181083031606017,1
participant_20240910190846_score_86_model_CH_5,transition_aware,26,R21-30,2,0.8488540896655354,1
participant_20240910190846_score_86_model_CH_5,transition_aware,27,R21-30,2,1.0,1
participant_20240910190846_score_86_model_CH_5,transition_aware,28,R21-30,2,0.8752708712090276,1
participant_20240910190846_score_86_model_CH_5,transition_aware,29,R21-30,2,0.8889864624255626,1
participant_20240910190846_score_86_model_CH_5,transition_aware,30,R21-30,2,0.9113603885288347,1
participant_20240910190846_score_86_model_CH_5,transition_aware,31,R31-40,3,1.0,1
participant_20240910190846_score_86_model_CH_5,transition_aware,32,R31-40,3,0.8049797396408241,1
participant_20240910190846_score_86_model_CH_5,transition_aware,33,R31-40,3,0.7899526862560722,1
participant_20240910190846_score_86_model_CH_5,transition_aware,34,R31-40,3,0.7953392328625013,1
participant_20240910190846_score_86_model_CH_5,transition_aware,35,R31-40,3,0.7860876894550209,1
participant_20240910190846_score_86_model_CH_5,transition_aware,36,R31-40,3,0.818043541837118,1
participant_20240910190846_score_86_model_CH_5,transition_aware,37,R31-40,3,0.8152214364844128,1
participant_20240910190846_score_86_model_CH_5,transition_aware,38,R31-40,3,1.0,1
participant_20240910190846_score_86_model_CH_5,transition_aware,39,R31-40,3,0.7319632630926197,1
participant_20240910190846_score_86_model_CH_5,transition_aware,40,R31-40,3,0.967681175723542,1
participant_20240910190901_score_88_model_CH_5,transition_aware,1,R1-10,0,1.0,1
participant_20240910190901_score_88_model_CH_5,transition_aware,2,R1-10,0,0.958869787756649,1
participant_20240910190901_score_88_model_CH_5,transition_aware,3,R1-10,0,0.783082176507216,1
participant_20240910190901_score_88_model_CH_5,transition_aware,4,R1-10,0,0.8276718880605415,1
participant_20240910190901_score_88_model_CH_5,transition_aware,5,R1-10,0,1.0,1
participant_20240910190901_score_88_model_CH_5,transition_aware,6,R1-10,0,0.792703423467886,1
participant_20240910190901_score_88_model_CH_5,transition_aware,7,R1-10,0,0.9333819151242844,1
participant_20240910190901_score_88_model_CH_5,transition_aware,8,R1-10,0,0.6923627510464264,1
participant_20240910190901_score_88_model_CH_5,transition_aware,9,R1-10,0,0.761498132441029,1
participant_20240910190901_score_88_model_CH_5,transition_aware,10,R1-10,0,0.7196357415826465,1
participant_20240910190901_score_88_model_CH_5,transition_aware,11,R11-20,1,0.7128927266150645,1
participant_20240910190901_score_88_model_CH_5,transition_aware,12,R11-20,1,0.7796354175694434,1
participant_20240910190901_score_88_model_CH_5,transition_aware,13,R11-20,1,0.968574595780645,1
participant_20240910190901_score_88_model_CH_5,transition_aware,14,R11-20,1,0.9571043113361117,1
participant_20240910190901_score_88_model_CH_5,transition_aware,15,R11-20,1,0.7676124344694212,1
participant_20240910190901_score_88_model_CH_5,transition_aware,16,R11-20,1,0.7434404647358629,1
participant_20240910190901_score_88_model_CH_5,transition_aware,17,R11-20,1,0.7056883914664764,1
participant_20240910190901_score_88_model_CH_5,transition_aware,18,R11-20,1,0.7246364511805223,1
participant_20240910190901_score_88_model_CH_5,transition_aware,19,R11-20,1,0.7664987904603818,1
participant_20240910190901_score_88_model_CH_5,transition_aware,20,R11-20,1,0.9446316616886666,1
participant_20240910190901_score_88_model_CH_5,transition_aware,21,R21-30,2,0.9854583861557612,1
participant_20240910190901_score_88_model_CH_5,transition_aware,22,R21-30,2,1.0,1
participant_20240910190901_score_88_model_CH_5,transition_aware,23,R21-30,2,0.9342911771630836,1
participant_20240910190901_score_88_model_CH_5,transition_aware,24,R21-30,2,0.9245414826449,1
participant_20240910190901_score_88_model_CH_5,transition_aware,25,R21-30,2,0.9564354950325941,1
participant_20240910190901_score_88_model_CH_5,transition_aware,26,R21-30,2,0.9421658846108498,1
participant_20240910190901_score_88_model_CH_5,transition_aware,27,R21-30,2,0.9979589825917634,1
participant_20240910190901_score_88_model_CH_5,transition_aware,28,R21-30,2,0.957172904423699,1
participant_20240910190901_score_88_model_CH_5,transition_aware,29,R21-30,2,0.987917003770175,1
participant_20240910190901_score_88_model_CH_5,transition_aware,30,R21-30,2,0.979159131754882,1
participant_20240910190901_score_88_model_CH_5,transition_aware,31,R31-40,3,1.0,1
participant_20240910190901_score_88_model_CH_5,transition_aware,32,R31-40,3,0.8712138911077638,1
participant_20240910190901_score_88_model_CH_5,transition_aware,33,R31-40,3,0.8794166055435383,1
participant_20240910190901_score_88_model_CH_5,transition_aware,34,R31-40,3,0.9317931217291381,1
participant_20240910190901_score_88_model_CH_5,transition_aware,35,R31-40,3,0.9080526227992834,1
participant_20240910190901_score_88_model_CH_5,transition_aware,36,R31-40,3,1.0,1
participant_20240910190901_score_88_model_CH_5,transition_aware,37,R31-40,3,0.9038818570729548,1
participant_20240910190901_score_88_model_CH_5,transition_aware,38,R31-40,3,0.9407812603322443,1
participant_20240910190901_score_88_model_CH_5,transition_aware,39,R31-40,3,0.7799410887105677,1
participant_20240910190901_score_88_model_CH_5,transition_aware,40,R31-40,3,0.9319378474579764,1
participant_20240910194715_score_91_model_CH_5,transition_aware,1,R1-10,0,0.7474836481369194,1
participant_20240910194715_score_91_model_CH_5,transition_aware,2,R1-10,0,0.8931785897958823,1
participant_20240910194715_score_91_model_CH_5,transition_aware,3,R1-10,0,0.7970513751300802,1
participant_20240910194715_score_91_model_CH_5,transition_aware,4,R1-10,0,1.0,1
participant_20240910194715_score_91_model_CH_5,transition_aware,5,R1-10,0,1.0,1
participant_20240910194715_score_91_model_CH_5,transition_aware,6,R1-10,0,0.8069054221652054,1
participant_20240910194715_score_91_model_CH_5,transition_aware,7,R1-10,0,1.0,1
participant_20240910194715_score_91_model_CH_5,transition_aware,8,R1-10,0,0.967407563920079,1
participant_20240910194715_score_91_model_CH_5,transition_aware,9,R1-10,0,0.8465394972863179,1
participant_20240910194715_score_91_model_CH_5,transition_aware,10,R1-10,0,0.9235143022987434,1
participant_20240910194715_score_91_model_CH_5,transition_aware,11,R11-20,1,0.7026838568675319,1
participant_20240910194715_score_91_model_CH_5,transition_aware,12,R11-20,1,0.7108532201180573,1
participant_20240910194715_score_91_model_CH_5,transition_aware,13,R11-20,1,1.0,1
participant_20240910194715_score_91_model_CH_5,transition_aware,14,R11-20,1,0.8181083031606017,1
participant_20240910194715_score_91_model_CH_5,transition_aware,15,R11-20,1,0.7799410887105677,1
participant_20240910194715_score_91_model_CH_5,transition_aware,16,R11-20,1,0.830385077821861,1
participant_20240910194715_score_91_model_CH_5,transition_aware,17,R11-20,1,0.7235310362867602,1
participant_20240910194715_score_91_model_CH_5,transition_aware,18,R11-20,1,1.0,1
participant_20240910194715_score_91_model_CH_5,transition_aware,19,R11-20,1,1.0,1
participant_20240910194715_score_91_model_CH_5,transition_aware,20,R11-20,1,1.0,1
participant_20240910194715_score_91_model_CH_5,transition_aware,21,R21-30,2,1.0,1
participant_20240910194715_score_91_model_CH_5,transition_aware,22,R21-30,2,1.0,1
participant_20240910194715_score_91_model_CH_5,transition_aware,23,R21-30,2,1.0,1
participant_20240910194715_score_91_model_CH_5,transition_aware,24,R21-30,2,1.0,1
participant_20240910194715_score_91_model_CH_5,transition_aware,25,R21-30,2,0.967407563920079,1
participant_20240910194715_score_91_model_CH_5,transition_aware,26,R21-30,2,0.9289496688505663,1
participant_20240910194715_score_91_model_CH_5,transition_aware,27,R21-30,2,0.9290590029868736,1
participant_20240910194715_score_91_model_CH_5,transition_aware,28,R21-30,2,1.0,1
participant_20240910194715_score_91_model_CH_5,transition_aware,29,R21-30,2,0.8072323611097096,1
participant_20240910194715_score_91_model_CH_5,transition_aware,30,R21-30,2,0.8163115530549508,1
participant_20240910194715_score_91_model_CH_5,transition_aware,31,R31-40,3,0.8196281134384806,1
participant_20240910194715_score_91_model_CH_5,transition_aware,32,R31-40,3,0.8072323611097096,1
participant_20240910194715_score_91_model_CH_5,transition_aware,33,R31-40,3,0.8233363539748477,1
participant_20240910194715_score_91_model_CH_5,transition_aware,34,R31-40,3,1.0,1
participant_20240910194715_score_91_model_CH_5,transition_aware,35,R31-40,3,1.0,1
participant_20240910194715_score_91_model_CH_5,transition_aware,36,R31-40,3,1.0,1
participant_20240910194715_score_91_model_CH_5,transition_aware,37,R31-40,3,1.0,1
participant_20240910194715_score_91_model_CH_5,transition_aware,38,R31-40,3,1.0,1
participant_20240910194715_score_91_model_CH_5,transition_aware,39,R31-40,3,1.0,1
participant_20240910194715_score_91_model_CH_5,transition_aware,40,R31-40,3,1.0,1
participant_20240910200349_score_83_model_CH_5,transition_aware,1,R1-10,0,0.9110046293988926,1
participant_20240910200349_score_83_model_CH_5,transition_aware,2,R1-10,0,1.0,1
participant_20240910200349_score_83_model_CH_5,transition_aware,3,R1-10,0,0.8276718880605415,1
participant_20240910200349_score_83_model_CH_5,transition_aware,4,R1-10,0,0.9290590029868736,1
participant_20240910200349_score_83_model_CH_5,transition_aware,5,R1-10,0,0.7371998463724356,1
participant_20240910200349_score_83_model_CH_5,transition_aware,6,R1-10,0,0.792703423467886,1
participant_20240910200349_score_83_model_CH_5,transition_aware,7,R1-10,0,0.8883587640181702,1
participant_20240910200349_score_83_model_CH_5,transition_aware,8,R1-10,0,0.8823020957623106,1
participant_20240910200349_score_83_model_CH_5,transition_aware,9,R1-10,0,0.747548573891677,1
participant_20240910200349_score_83_model_CH_5,transition_aware,10,R1-10,0,0.6746907957347514,1
participant_20240910200349_score_83_model_CH_5,transition_aware,11,R11-20,1,0.7514149631846356,1
participant_20240910200349_score_83_model_CH_5,transition_aware,12,R11-20,1,0.6771002566401296,1
participant_20240910200349_score_83_model_CH_5,transition_aware,13,R11-20,1,1.0,1
participant_20240910200349_score_83_model_CH_5,transition_aware,14,R11-20,1,0.666341203519998,1
participant_20240910200349_score_83_model_CH_5,transition_aware,15,R11-20,1,0.7166601722381106,1
participant_20240910200349_score_83_model_CH_5,transition_aware,16,R11-20,1,0.7032636112607754,1
participant_20240910200349_score_83_model_CH_5,transition_aware,17,R11-20,1,0.7170595500283735,1
participant_20240910200349_score_83_model_CH_5,transition_aware,18,R11-20,1,1.0,1
participant_20240910200349_score_83_model_CH_5,transition_aware,19,R11-20,1,0.7196357415826465,1
participant_20240910200349_score_83_model_CH_5,transition_aware,20,R11-20,1,0.9031407855190844,1
participant_20240910200349_score_83_model_CH_5,transition_aware,21,R21-30,2,0.8975961212762096,1
participant_20240910200349_score_83_model_CH_5,transition_aware,22,R21-30,2,0.9077426137584564,1
participant_20240910200349_score_83_model_CH_5,transition_aware,23,R21-30,2,1.0,1
participant_20240910200349_score_83_model_CH_5,transition_aware,24,R21-30,2,0.9623997937416725,1
participant_20240910200349_score_83_model_CH_5,transition_aware,25,R21-30,2,0.9516837907792761,1
participant_20240910200349_score_83_model_CH_5,transition_aware,26,R21-30,2,0.6931312994407821,1
participant_20240910200349_score_83_model_CH_5,transition_aware,27,R21-30,2,1.0,1
participant_20240910200349_score_83_model_CH_5,transition_aware,28,R21-30,2,0.9703575306124926,1
participant_20240910200349_score_83_model_CH_5,transition_aware,29,R21-30,2,0.9446316616886666,1
participant_20240910200349_score_83_model_CH_5,transition_aware,30,R21-30,2,0.9564354950325941,1
participant_20240910200349_score_83_model_CH_5,transition_aware,31,R31-40,3,0.8493019068582665,1
participant_20240910200349_score_83_model_CH_5,transition_aware,32,R31-40,3,0.8823020957623106,1
participant_20240910200349_score_83_model_CH_5,transition_aware,33,R31-40,3,0.8488540896655354,1
participant_20240910200349_score_83_model_CH_5,transition_aware,34,R31-40,3,0.6915820967861389,1
participant_20240910200349_score_83_model_CH_5,transition_aware,35,R31-40,3,0.7056883914664764,1
participant_20240910200349_score_83_model_CH_5,transition_aware,36,R31-40,3,0.7800469121343763,1
participant_20240910200349_score_83_model_CH_5,transition_aware,37,R31-40,3,0.7751864557403525,1
participant_20240910200349_score_83_model_CH_5,transition_aware,38,R31-40,3,0.763418944216115,1
participant_20240910200349_score_83_model_CH_5,transition_aware,39,R31-40,3,0.7246364511805223,1
participant_20240910200349_score_83_model_CH_5,transition_aware,40,R31-40,3,0.780196416366737,1
participant_20240919122409_score_90_model_CH_5,transition_aware,1,R1-10,0,1.0,1
participant_20240919122409_score_90_model_CH_5,transition_aware,2,R1-10,0,0.9319378474579764,1
participant_20240919122409_score_90_model_CH_5,transition_aware,3,R1-10,0,0.7659559817252628,1
participant_20240919122409_score_90_model_CH_5,transition_aware,4,R1-10,0,0.8931785897958823,1
participant_20240919122409_score_90_model_CH_5,transition_aware,5,R1-10,0,0.7799410887105677,1
participant_20240919122409_score_90_model_CH_5,transition_aware,6,R1-10,0,1.0,1
participant_20240919122409_score_90_model_CH_5,transition_aware,7,R1-10,0,0.9516837907792761,1
participant_20240919122409_score_90_model_CH_5,transition_aware,8,R1-10,0,0.9516837907792761,1
participant_20240919122409_score_90_model_CH_5,transition_aware,9,R1-10,0,0.7753632630892531,1
participant_20240919122409_score_90_model_CH_5,transition_aware,10,R1-10,0,1.0,1
participant_20240919122409_score_90_model_CH_5,transition_aware,11,R11-20,1,0.7032636112607754,1
participant_20240919122409_score_90_model_CH_5,transition_aware,12,R11-20,1,0.6931312994407821,1
participant_20240919122409_score_90_model_CH_5,transition_aware,13,R11-20,1,0.7408188662847373,1
participant_20240919122409_score_90_model_CH_5,transition_aware,14,R11-20,1,0.7588368611429884,1
participant_20240919122409_score_90_model_CH_5,transition_aware,15,R11-20,1,0.8790424202151247,1
participant_20240919122409_score_90_model_CH_5,transition_aware,16,R11-20,1,1.0,1
participant_20240919122409_score_90_model_CH_5,transition_aware,17,R11-20,1,0.763418944216115,1
participant_20240919122409_score_90_model_CH_5,transition_aware,18,R11-20,1,1.0,1
participant_20240919122409_score_90_model_CH_5,transition_aware,19,R11-20,1,0.8072323611097096,1
participant_20240919122409_score_90_model_CH_5,transition_aware,20,R11-20,1,0.7688326519900406,1
participant_20240919122409_score_90_model_CH_5,transition_aware,21,R21-30,2,1.0,1
participant_20240919122409_score_90_model_CH_5,transition_aware,22,R21-30,2,0.7688326519900406,1
participant_20240919122409_score_90_model_CH_5,transition_aware,23,R21-30,2,1.0,1
participant_20240919122409_score_90_model_CH_5,transition_aware,24,R21-30,2,1.0,1
participant_20240919122409_score_90_model_CH_5,transition_aware,25,R21-30,2,1.0,1
participant_20240919122409_score_90_model_CH_5,transition_aware,26,R21-30,2,0.747548573891677,1
participant_20240919122409_score_90_model_CH_5,transition_aware,27,R21-30,2,0.9031407855190844,1
participant_20240919122409_score_90_model_CH_5,transition_aware,28,R21-30,2,1.0,1
participant_20240919122409_score_90_model_CH_5,transition_aware,29,R21-30,2,0.7434404647358629,1
participant_20240919122409_score_90_model_CH_5,transition_aware,30,R21-30,2,0.9031407855190844,1
participant_20240919122409_score_90_model_CH_5,transition_aware,31,R31-40,3,1.0,1
participant_20240919122409_score_90_model_CH_5,transition_aware,32,R31-40,3,0.901268890485686,1
participant_20240919122409_score_90_model_CH_5,transition_aware,33,R31-40,3,1.0,1
participant_20240919122409_score_90_model_CH_5,transition_aware,34,R31-40,3,0.7026838568675319,1
participant_20240919122409_score_90_model_CH_5,transition_aware,35,R31-40,3,1.0,1
participant_20240919122409_score_90_model_CH_5,transition_aware,36,R31-40,3,1.0,1
participant_20240919122409_score_90_model_CH_5,transition_aware,37,R31-40,3,1.0,1
participant_20240919122409_score_90_model_CH_5,transition_aware,38,R31-40,3,1.0,1
participant_20240919122409_score_90_model_CH_5,transition_aware,39,R31-40,3,1.0,1
participant_20240919122409_score_90_model_CH_5,transition_aware,40,R31-40,3,1.0,1
participant_20240919122439_score_87_model_CH_5,transition_aware,1,R1-10,0,0.7964893772577005,1
participant_20240919122439_score_87_model_CH_5,transition_aware,2,R1-10,0,1.0,1
participant_20240919122439_score_87_model_CH_5,transition_aware,3,R1-10,0,0.7408188662847373,1
participant_20240919122439_score_87_model_CH_5,transition_aware,4,R1-10,0,0.8072323611097096,1
participant_20240919122439_score_87_model_CH_5,transition_aware,5,R1-10,0,0.9188646147520049,1
participant_20240919122439_score_87_model_CH_5,transition_aware,6,R1-10,0,0.8888773983995458,1
participant_20240919122439_score_87_model_CH_5,transition_aware,7,R1-10,0,1.0,1
participant_20240919122439_score_87_model_CH_5,transition_aware,8,R1-10,0,0.7161822085908128,1
participant_20240919122439_score_87_model_CH_5,transition_aware,9,R1-10,0,0.877003797574989,1
participant_20240919122439_score_87_model_CH_5,transition_aware,10,R1-10,0,0.8276718880605415,1
participant_20240919122439_score_87_model_CH_5,transition_aware,11,R11-20,1,1.0,1
participant_20240919122439_score_87_model_CH_5,transition_aware,12,R11-20,1,0.8276718880605415,1
participant_20240919122439_score_87_model_CH_5,transition_aware,13,R11-20,1,1.0,1
participant_20240919122439_score_87_model_CH_5,transition_aware,14,R11-20,1,1.0,1
participant_20240919122439_score_87_model_CH_5,transition_aware,15,R11-20,1,0.9333819151242844,1
participant_20240919122439_score_87_model_CH_5,transition_aware,16,R11-20,1,0.8524486301668717,1
participant_20240919122439_score_87_model_CH_5,transition_aware,17,R11-20,1,0.790205737828662,1
participant_20240919122439_score_87_model_CH_5,transition_aware,18,R11-20,1,0.8823020957623106,1
participant_20240919122439_score_87_model_CH_5,transition_aware,19,R11-20,1,0.9998652986560813,1
participant_20240919122439_score_87_model_CH_5,transition_aware,20,R11-20,1,0.9446316616886666,1
participant_20240919122439_score_87_model_CH_5,transition_aware,21,R21-30,2,0.9912766433928488,1
participant_20240919122439_score_87_model_CH_5,transition_aware,22,R21-30,2,0.7056883914664764,1
participant_20240919122439_score_87_model_CH_5,transition_aware,23,R21-30,2,0.7056883914664764,1
participant_20240919122439_score_87_model_CH_5,transition_aware,24,R21-30,2,0.7105443259768215,1
participant_20240919122439_score_87_model_CH_5,transition_aware,25,R21-30,2,0.8783957081579786,1
participant_20240919122439_score_87_model_CH_5,transition_aware,26,R21-30,2,0.9050997957876677,1
participant_20240919122439_score_87_model_CH_5,transition_aware,27,R21-30,2,0.9013668239240296,1
participant_20240919122439_score_87_model_CH_5,transition_aware,28,R21-30,2,1.0,1
participant_20240919122439_score_87_model_CH_5,transition_aware,29,R21-30,2,0.9159914846254522,1
participant_20240919122439_score_87_model_CH_5,transition_aware,30,R21-30,2,0.912720782094737,1
participant_20240919122439_score_87_model_CH_5,transition_aware,31,R31-40,3,0.9232678197757922,1
participant_20240919122439_score_87_model_CH_5,transition_aware,32,R31-40,3,0.8954886972116658,1
participant_20240919122439_score_87_model_CH_5,transition_aware,33,R31-40,3,0.7277382707564203,1
participant_20240919122439_score_87_model_CH_5,transition_aware,34,R31-40,3,1.0,1
participant_20240919122439_score_87_model_CH_5,transition_aware,35,R31-40,3,1.0,1
participant_20240919122439_score_87_model_CH_5,transition_aware,36,R31-40,3,0.7604820108648145,1
participant_20240919122439_score_87_model_CH_5,transition_aware,37,R31-40,3,1.0,1
participant_20240919122439_score_87_model_CH_5,transition_aware,38,R31-40,3,0.7166601722381106,1
participant_20240919122439_score_87_model_CH_5,transition_aware,39,R31-40,3,0.6730743181198805,1
participant_20240919122439_score_87_model_CH_5,transition_aware,40,R31-40,3,0.7277382707564203,1
participant_20240919122456_score_86_model_CH_5,transition_aware,1,R1-10,0,1.0,1
participant_20240919122456_score_86_model_CH_5,transition_aware,2,R1-10,0,1.0,1
participant_20240919122456_score_86_model_CH_5,transition_aware,3,R1-10,0,1.0,1
participant_20240919122456_score_86_model_CH_5,transition_aware,4,R1-10,0,0.9202187951663459,1
participant_20240919122456_score_86_model_CH_5,transition_aware,5,R1-10,0,0.7196357415826465,1
participant_20240919122456_score_86_model_CH_5,transition_aware,6,R1-10,0,0.8587087224276923,1
participant_20240919122456_score_86_model_CH_5,transition_aware,7,R1-10,0,0.8167408274043763,1
participant_20240919122456_score_86_model_CH_5,transition_aware,8,R1-10,0,0.7056883914664764,1
participant_20240919122456_score_86_model_CH_5,transition_aware,9,R1-10,0,0.8737079830036873,1
participant_20240919122456_score_86_model_CH_5,transition_aware,10,R1-10,0,0.7608545826048688,1
participant_20240919122456_score_86_model_CH_5,transition_aware,11,R11-20,1,1.0,1
participant_20240919122456_score_86_model_CH_5,transition_aware,12,R11-20,1,0.7724916245314318,1
participant_20240919122456_score_86_model_CH_5,transition_aware,13,R11-20,1,0.9979589825917634,1
participant_20240919122456_score_86_model_CH_5,transition_aware,14,R11-20,1,0.9233954292878119,1
participant_20240919122456_score_86_model_CH_5,transition_aware,15,R11-20,1,0.76161972523722,1
participant_20240919122456_score_86_model_CH_5,transition_aware,16,R11-20,1,0.8794166055435383,1
participant_20240919122456_score_86_model_CH_5,transition_aware,17,R11-20,1,0.7327467316052476,1
participant_20240919122456_score_86_model_CH_5,transition_aware,18,R11-20,1,1.0,1
participant_20240919122456_score_86_model_CH_5,transition_aware,19,R11-20,1,1.0,1
participant_20240919122456_score_86_model_CH_5,transition_aware,20,R11-20,1,1.0,1
participant_20240919122456_score_86_model_CH_5,transition_aware,21,R21-30,2,0.9651017126215335,1
participant_20240919122456_score_86_model_CH_5,transition_aware,22,R21-30,2,0.7108532201180573,1
participant_20240919122456_score_86_model_CH_5,transition_aware,23,R21-30,2,0.7247339974298455,1
participant_20240919122456_score_86_model_CH_5,transition_aware,24,R21-30,2,1.0,1
participant_20240919122456_score_86_model_CH_5,transition_aware,25,R21-30,2,0.9446316616886666,1
participant_20240919122456_score_86_model_CH_5,transition_aware,26,R21-30,2,0.969250010787975,1
participant_20240919122456_score_86_model_CH_5,transition_aware,27,R21-30,2,0.7718344017945931,1
participant_20240919122456_score_86_model_CH_5,transition_aware,28,R21-30,2,0.7235310362867602,1
participant_20240919122456_score_86_model_CH_5,transition_aware,29,R21-30,2,0.7526180127529272,1
participant_20240919122456_score_86_model_CH_5,transition_aware,30,R21-30,2,0.7474836481369194,1
participant_20240919122456_score_86_model_CH_5,transition_aware,31,R31-40,3,0.7659559817252628,1
participant_20240919122456_score_86_model_CH_5,transition_aware,32,R31-40,3,0.7940211989257647,1
participant_20240919122456_score_86_model_CH_5,transition_aware,33,R31-40,3,1.0,1
participant_20240919122456_score_86_model_CH_5,transition_aware,34,R31-40,3,1.0,1
participant_20240919122456_score_86_model_CH_5,transition_aware,35,R31-40,3,0.773607978688996,1
participant_20240919122456_score_86_model_CH_5,transition_aware,36,R31-40,3,0.7235310362867602,1
participant_20240919122456_score_86_model_CH_5,transition_aware,37,R31-40,3,0.7821859311429935,1
participant_20240919122456_score_86_model_CH_5,transition_aware,38,R31-40,3,0.9746991211668681,1
participant_20240919122456_score_86_model_CH_5,transition_aware,39,R31-40,3,0.8244494471109604,1
participant_20240919122456_score_86_model_CH_5,transition_aware,40,R31-40,3,0.7350565151780778,1
participant_20240919122607_score_84_model_CH_5,transition_aware,1,R1-10,0,0.6902705673814038,1
participant_20240919122607_score_84_model_CH_5,transition_aware,2,R1-10,0,0.790205737828662,1
participant_20240919122607_score_84_model_CH_5,transition_aware,3,R1-10,0,0.7170595500283735,1
participant_20240919122607_score_84_model_CH_5,transition_aware,4,R1-10,0,0.996968470494253,1
participant_20240919122607_score_84_model_CH_5,transition_aware,5,R1-10,0,0.7105443259768215,1
participant_20240919122607_score_84_model_CH_5,transition_aware,6,R1-10,0,0.7434404647358629,1
participant_20240919122607_score_84_model_CH_5,transition_aware,7,R1-10,0,0.8674527523859623,1
participant_20240919122607_score_84_model_CH_5,transition_aware,8,R1-10,0,0.7246364511805223,1
participant_20240919122607_score_84_model_CH_5,transition_aware,9,R1-10,0,0.8783957081579786,1
participant_20240919122607_score_84_model_CH_5,transition_aware,10,R1-10,0,0.7899526862560722,1
participant_20240919122607_score_84_model_CH_5,transition_aware,11,R11-20,1,0.8181083031606017,1
participant_20240919122607_score_84_model_CH_5,transition_aware,12,R11-20,1,0.8410679608843087,1
participant_20240919122607_score_84_model_CH_5,transition_aware,13,R11-20,1,0.8794166055435383,1
participant_20240919122607_score_84_model_CH_5,transition_aware,14,R11-20,1,0.6693102550214488,1
participant_20240919122607_score_84_model_CH_5,transition_aware,15,R11-20,1,0.9986293035994896,1
participant_20240919122607_score_84_model_CH_5,transition_aware,16,R11-20,1,0.716081019399431,1
participant_20240919122607_score_84_model_CH_5,transition_aware,17,R11-20,1,1.0,1
participant_20240919122607_score_84_model_CH_5,transition_aware,18,R11-20,1,0.9159914846254522,1
participant_20240919122607_score_84_model_CH_5,transition_aware,19,R11-20,1,1.0,1
participant_20240919122607_score_84_model_CH_5,transition_aware,20,R11-20,1,0.9349034867231778,1
participant_20240919122607_score_84_model_CH_5,transition_aware,21,R21-30,2,1.0,1
participant_20240919122607_score_84_model_CH_5,transition_aware,22,R21-30,2,0.715956943664141,1
participant_20240919122607_score_84_model_CH_5,transition_aware,23,R21-30,2,0.6931312994407821,1
participant_20240919122607_score_84_model_CH_5,transition_aware,24,R21-30,2,0.7158314461703591,1
participant_20240919122607_score_84_model_CH_5,transition_aware,25,R21-30,2,1.0,1
participant_20240919122607_score_84_model_CH_5,transition_aware,26,R21-30,2,0.6966552354196477,1
participant_20240919122607_score_84_model_CH_5,transition_aware,27,R21-30,2,0.924676752087369,1
participant_20240919122607_score_84_model_CH_5,transition_aware,28,R21-30,2,0.7026838568675319,1
participant_20240919122607_score_84_model_CH_5,transition_aware,29,R21-30,2,0.6771002566401296,1
participant_20240919122607_score_84_model_CH_5,transition_aware,30,R21-30,2,0.8465394972863179,1
participant_20240919122607_score_84_model_CH_5,transition_aware,31,R31-40,3,0.7146154680743207,1
participant_20240919122607_score_84_model_CH_5,transition_aware,32,R31-40,3,0.6641745796022626,1
participant_20240919122607_score_84_model_CH_5,transition_aware,33,R31-40,3,0.958869787756649,1
participant_20240919122607_score_84_model_CH_5,transition_aware,34,R31-40,3,0.9651367146347474,1
participant_20240919122607_score_84_model_CH_5,transition_aware,35,R31-40,3,1.0,1
participant_20240919122607_score_84_model_CH_5,transition_aware,36,R31-40,3,0.9272753791385964,1
participant_20240919122607_score_84_model_CH_5,transition_aware,37,R31-40,3,0.9468917289770902,1
participant_20240919122607_score_84_model_CH_5,transition_aware,38,R31-40,3,0.9342911771630836,1
participant_20240919122607_score_84_model_CH_5,transition_aware,39,R31-40,3,0.7091799176514234,1
participant_20240919122607_score_84_model_CH_5,transition_aware,40,R31-40,3,1.0,1
participant_20240919122733_score_83_model_CH_5,transition_aware,1,R1-10,0,0.8931785897958823,1
participant_20240919122733_score_83_model_CH_5,transition_aware,2,R1-10,0,0.9237970227102731,1
participant_20240919122733_score_83_model_CH_5,transition_aware,3,R1-10,0,1.0,1
participant_20240919122733_score_83_model_CH_5,transition_aware,4,R1-10,0,1.0,1
participant_20240919122733_score_83_model_CH_5,transition_aware,5,R1-10,0,0.660489479581293,1
participant_20240919122733_score_83_model_CH_5,transition_aware,6,R1-10,0,0.7246142066856996,1
participant_20240919122733_score_83_model_CH_5,transition_aware,7,R1-10,0,0.8488546457377778,1
participant_20240919122733_score_83_model_CH_5,transition_aware,8,R1-10,0,0.9285002882355299,1
participant_20240919122733_score_83_model_CH_5,transition_aware,9,R1-10,0,0.9110470949910401,1
participant_20240919122733_score_83_model_CH_5,transition_aware,10,R1-10,0,0.7732812943787448,1
participant_20240919122733_score_83_model_CH_5,transition_aware,11,R11-20,1,0.8061080304273042,1
participant_20240919122733_score_83_model_CH_5,transition_aware,12,R11-20,1,1.0,1
participant_20240919122733_score_83_model_CH_5,transition_aware,13,R11-20,1,0.660489479581293,1
participant_20240919122733_score_83_model_CH_5,transition_aware,14,R11-20,1,0.7420186074079257,1
participant_20240919122733_score_83_model_CH_5,transition_aware,15,R11-20,1,0.7906324229090286,1
participant_20240919122733_score_83_model_CH_5,transition_aware,16,R11-20,1,0.6931312994407821,1
participant_20240919122733_score_83_model_CH_5,transition_aware,17,R11-20,1,0.8931785897958823,1
participant_20240919122733_score_83_model_CH_5,transition_aware,18,R11-20,1,0.7839698313453046,1
participant_20240919122733_score_83_model_CH_5,transition_aware,19,R11-20,1,0.9564712180674274,1
participant_20240919122733_score_83_model_CH_5,transition_aware,20,R11-20,1,0.8004792921829602,1
participant_20240919122733_score_83_model_CH_5,transition_aware,21,R21-30,2,0.7976594645715025,1
participant_20240919122733_score_83_model_CH_5,transition_aware,22,R21-30,2,1.0,1
participant_20240919122733_score_83_model_CH_5,transition_aware,23,R21-30,2,0.7751864557403525,1
participant_20240919122733_score_83_model_CH_5,transition_aware,24,R21-30,2,0.7228749556757555,1
participant_20240919122733_score_83_model_CH_5,transition_aware,25,R21-30,2,0.8954886972116658,1
participant_20240919122733_score_83_model_CH_5,transition_aware,26,R21-30,2,1.0,1
participant_20240919122733_score_83_model_CH_5,transition_aware,27,R21-30,2,1.0,1
participant_20240919122733_score_83_model_CH_5,transition_aware,28,R21-30,2,0.9304090621171496,1
participant_20240919122733_score_83_model_CH_5,transition_aware,29,R21-30,2,1.0,1
participant_20240919122733_score_83_model_CH_5,transition_aware,30,R21-30,2,0.8889864624255626,1
participant_20240919122733_score_83_model_CH_5,transition_aware,31,R31-40,3,0.7032391384356916,1
participant_20240919122733_score_83_model_CH_5,transition_aware,32,R31-40,3,0.7032636112607754,1
participant_20240919122733_score_83_model_CH_5,transition_aware,33,R31-40,3,0.7032636112607754,1
participant_20240919122733_score_83_model_CH_5,transition_aware,34,R31-40,3,0.7350565151780778,1
participant_20240919122733_score_83_model_CH_5,transition_aware,35,R31-40,3,0.6771002566401296,1
participant_20240919122733_score_83_model_CH_5,transition_aware,36,R31-40,3,0.790205737828662,1
participant_20240919122733_score_83_model_CH_5,transition_aware,37,R31-40,3,0.7408188662847373,1
participant_20240919122733_score_83_model_CH_5,transition_aware,38,R31-40,3,0.7146154680743207,1
participant_20240919122733_score_83_model_CH_5,transition_aware,39,R31-40,3,1.0,1
participant_20240919122733_score_83_model_CH_5,transition_aware,40,R31-40,3,0.7408188662847373,1
participant_20240919123038_score_83_model_CH_5,transition_aware,1,R1-10,0,0.9005867493840697,1
participant_20240919123038_score_83_model_CH_5,transition_aware,2,R1-10,0,0.763418944216115,1
participant_20240919123038_score_83_model_CH_5,transition_aware,3,R1-10,0,0.7056883914664764,1
participant_20240919123038_score_83_model_CH_5,transition_aware,4,R1-10,0,0.9110046293988926,1
participant_20240919123038_score_83_model_CH_5,transition_aware,5,R1-10,0,0.6641745796022626,1
participant_20240919123038_score_83_model_CH_5,transition_aware,6,R1-10,0,0.9290590029868736,1
participant_20240919123038_score_83_model_CH_5,transition_aware,7,R1-10,0,0.8509509013916015,1
participant_20240919123038_score_83_model_CH_5,transition_aware,8,R1-10,0,0.7086626819551477,1
participant_20240919123038_score_83_model_CH_5,transition_aware,9,R1-10,0,0.8276718880605415,1
participant_20240919123038_score_83_model_CH_5,transition_aware,10,R1-10,0,0.8931785897958823,1
participant_20240919123038_score_83_model_CH_5,transition_aware,11,R11-20,1,0.7964893772577005,1
participant_20240919123038_score_83_model_CH_5,transition_aware,12,R11-20,1,0.7860876894550209,1
participant_20240919123038_score_83_model_CH_5,transition_aware,13,R11-20,1,1.0,1
participant_20240919123038_score_83_model_CH_5,transition_aware,14,R11-20,1,0.6641745796022626,1
participant_20240919123038_score_83_model_CH_5,transition_aware,15,R11-20,1,0.8583462010904073,1
participant_20240919123038_score_83_model_CH_5,transition_aware,16,R11-20,1,0.7266936683719593,1
participant_20240919123038_score_83_model_CH_5,transition_aware,17,R11-20,1,0.8954886972116658,1
participant_20240919123038_score_83_model_CH_5,transition_aware,18,R11-20,1,0.7170595500283735,1
participant_20240919123038_score_83_model_CH_5,transition_aware,19,R11-20,1,0.6641745796022626,1
participant_20240919123038_score_83_model_CH_5,transition_aware,20,R11-20,1,1.0,1
participant_20240919123038_score_83_model_CH_5,transition_aware,21,R21-30,2,0.7624388436884493,1
participant_20240919123038_score_83_model_CH_5,transition_aware,22,R21-30,2,1.0,1
participant_20240919123038_score_83_model_CH_5,transition_aware,23,R21-30,2,1.0,1
participant_20240919123038_score_83_model_CH_5,transition_aware,24,R21-30,2,0.7732812943787448,1
participant_20240919123038_score_83_model_CH_5,transition_aware,25,R21-30,2,1.0,1
participant_20240919123038_score_83_model_CH_5,transition_aware,26,R21-30,2,0.7718344017945931,1
participant_20240919123038_score_83_model_CH_5,transition_aware,27,R21-30,2,0.764676134767421,1
participant_20240919123038_score_83_model_CH_5,transition_aware,28,R21-30,2,0.7091799176514234,1
participant_20240919123038_score_83_model_CH_5,transition_aware,29,R21-30,2,1.0,1
participant_20240919123038_score_83_model_CH_5,transition_aware,30,R21-30,2,0.8486102099546571,1
participant_20240919123038_score_83_model_CH_5,transition_aware,31,R31-40,3,0.6882505152496765,1
participant_20240919123038_score_83_model_CH_5,transition_aware,32,R31-40,3,1.0,1
participant_20240919123038_score_83_model_CH_5,transition_aware,33,R31-40,3,0.7086626819551477,1
participant_20240919123038_score_83_model_CH_5,transition_aware,34,R31-40,3,0.8468441863450895,1
participant_20240919123038_score_83_model_CH_5,transition_aware,35,R31-40,3,0.9110046293988926,1
participant_20240919123038_score_83_model_CH_5,transition_aware,36,R31-40,3,0.8892946225920229,1
participant_20240919123038_score_83_model_CH_5,transition_aware,37,R31-40,3,0.9013668239240296,1
participant_20240919123038_score_83_model_CH_5,transition_aware,38,R31-40,3,0.7105443259768215,1
participant_20240919123038_score_83_model_CH_5,transition_aware,39,R31-40,3,0.7277382707564203,1
participant_20240919123038_score_83_model_CH_5,transition_aware,40,R31-40,3,1.0,1
participant_20240919123048_score_82_model_CH_5,transition_aware,1,R1-10,0,0.8587087224276923,1
participant_20240919123048_score_82_model_CH_5,transition_aware,2,R1-10,0,0.8216919394759734,1
participant_20240919123048_score_82_model_CH_5,transition_aware,3,R1-10,0,0.924676752087369,1
participant_20240919123048_score_82_model_CH_5,transition_aware,4,R1-10,0,0.8490581169040304,1
participant_20240919123048_score_82_model_CH_5,transition_aware,5,R1-10,0,0.8567948032078271,1
participant_20240919123048_score_82_model_CH_5,transition_aware,6,R1-10,0,0.8233363539748477,1
participant_20240919123048_score_82_model_CH_5,transition_aware,7,R1-10,0,0.7496375562100419,1
participant_20240919123048_score_82_model_CH_5,transition_aware,8,R1-10,0,0.792703423467886,1
participant_20240919123048_score_82_model_CH_5,transition_aware,9,R1-10,0,0.7555943211247286,1
participant_20240919123048_score_82_model_CH_5,transition_aware,10,R1-10,0,0.7753632630892531,1
participant_20240919123048_score_82_model_CH_5,transition_aware,11,R11-20,1,0.9986293035994896,1
participant_20240919123048_score_82_model_CH_5,transition_aware,12,R11-20,1,0.8290866247204792,1
participant_20240919123048_score_82_model_CH_5,transition_aware,13,R11-20,1,0.9421658846108498,1
participant_20240919123048_score_82_model_CH_5,transition_aware,14,R11-20,1,0.8431544801981704,1
participant_20240919123048_score_82_model_CH_5,transition_aware,15,R11-20,1,0.8482509481246433,1
participant_20240919123048_score_82_model_CH_5,transition_aware,16,R11-20,1,0.830385077821861,1
participant_20240919123048_score_82_model_CH_5,transition_aware,17,R11-20,1,0.8499840277639364,1
participant_20240919123048_score_82_model_CH_5,transition_aware,18,R11-20,1,1.0,1
participant_20240919123048_score_82_model_CH_5,transition_aware,19,R11-20,1,1.0,1
participant_20240919123048_score_82_model_CH_5,transition_aware,20,R11-20,1,0.8152290127623606,1
participant_20240919123048_score_82_model_CH_5,transition_aware,21,R21-30,2,0.8153872643652484,1
participant_20240919123048_score_82_model_CH_5,transition_aware,22,R21-30,2,0.7899526862560722,1
participant_20240919123048_score_82_model_CH_5,transition_aware,23,R21-30,2,0.7975006112483117,1
participant_20240919123048_score_82_model_CH_5,transition_aware,24,R21-30,2,0.8277509882927963,1
participant_20240919123048_score_82_model_CH_5,transition_aware,25,R21-30,2,0.8032851810948856,1
participant_20240919123048_score_82_model_CH_5,transition_aware,26,R21-30,2,0.8167408274043763,1
participant_20240919123048_score_82_model_CH_5,transition_aware,27,R21-30,2,0.7663662685925342,1
participant_20240919123048_score_82_model_CH_5,transition_aware,28,R21-30,2,1.0,1
participant_20240919123048_score_82_model_CH_5,transition_aware,29,R21-30,2,0.7209848604301851,1
participant_20240919123048_score_82_model_CH_5,transition_aware,30,R21-30,2,0.7514149631846356,1
participant_20240919123048_score_82_model_CH_5,transition_aware,31,R31-40,3,0.6693102550214488,1
participant_20240919123048_score_82_model_CH_5,transition_aware,32,R31-40,3,0.7401034916753303,1
participant_20240919123048_score_82_model_CH_5,transition_aware,33,R31-40,3,0.7496346703901129,1
participant_20240919123048_score_82_model_CH_5,transition_aware,34,R31-40,3,0.7270917498057288,1
participant_20240919123048_score_82_model_CH_5,transition_aware,35,R31-40,3,0.7228749556757555,1
participant_20240919123048_score_82_model_CH_5,transition_aware,36,R31-40,3,0.754206523450486,1
participant_20240919123048_score_82_model_CH_5,transition_aware,37,R31-40,3,0.7529216219505354,1
participant_20240919123048_score_82_model_CH_5,transition_aware,38,R31-40,3,0.7839698313453046,1
participant_20240919123048_score_82_model_CH_5,transition_aware,39,R31-40,3,0.7718344017945931,1
participant_20240919123048_score_82_model_CH_5,transition_aware,40,R31-40,3,0.7228749556757555,1
participant_20240919123057_score_89_model_CH_5,transition_aware,1,R1-10,0,0.7448692936404363,1
participant_20240919123057_score_89_model_CH_5,transition_aware,2,R1-10,0,0.9467734417316114,1
participant_20240919123057_score_89_model_CH_5,transition_aware,3,R1-10,0,0.7555943211247286,1
participant_20240919123057_score_89_model_CH_5,transition_aware,4,R1-10,0,0.8452003905018343,1
participant_20240919123057_score_89_model_CH_5,transition_aware,5,R1-10,0,0.9327516955109346,1
participant_20240919123057_score_89_model_CH_5,transition_aware,6,R1-10,0,0.8860339068700156,1
participant_20240919123057_score_89_model_CH_5,transition_aware,7,R1-10,0,0.7964893772577005,1
participant_20240919123057_score_89_model_CH_5,transition_aware,8,R1-10,0,1.0,1
participant_20240919123057_score_89_model_CH_5,transition_aware,9,R1-10,0,0.8998486965337489,1
participant_20240919123057_score_89_model_CH_5,transition_aware,10,R1-10,0,0.877003797574989,1
participant_20240919123057_score_89_model_CH_5,transition_aware,11,R11-20,1,0.6771002566401296,1
participant_20240919123057_score_89_model_CH_5,transition_aware,12,R11-20,1,0.7975006112483117,1
participant_20240919123057_score_89_model_CH_5,transition_aware,13,R11-20,1,0.8290866247204792,1
participant_20240919123057_score_89_model_CH_5,transition_aware,14,R11-20,1,0.8465394972863179,1
participant_20240919123057_score_89_model_CH_5,transition_aware,15,R11-20,1,0.7463909703915956,1
participant_20240919123057_score_89_model_CH_5,transition_aware,16,R11-20,1,0.7032636112607754,1
participant_20240919123057_score_89_model_CH_5,transition_aware,17,R11-20,1,0.6746907957347514,1
participant_20240919123057_score_89_model_CH_5,transition_aware,18,R11-20,1,0.7146154680743207,1
participant_20240919123057_score_89_model_CH_5,transition_aware,19,R11-20,1,0.7860876894550209,1
participant_20240919123057_score_89_model_CH_5,transition_aware,20,R11-20,1,0.8375001976900155,1
participant_20240919123057_score_89_model_CH_5,transition_aware,21,R21-30,2,0.8627959888079795,1
participant_20240919123057_score_89_model_CH_5,transition_aware,22,R21-30,2,0.8808211061145502,1
participant_20240919123057_score_89_model_CH_5,transition_aware,23,R21-30,2,0.8342973656068825,1
participant_20240919123057_score_89_model_CH_5,transition_aware,24,R21-30,2,1.0,1
participant_20240919123057_score_89_model_CH_5,transition_aware,25,R21-30,2,0.8558948166605079,1
participant_20240919123057_score_89_model_CH_5,transition_aware,26,R21-30,2,1.0,1
participant_20240919123057_score_89_model_CH_5,transition_aware,27,R21-30,2,1.0,1
participant_20240919123057_score_89_model_CH_5,transition_aware,28,R21-30,2,1.0,1
participant_20240919123057_score_89_model_CH_5,transition_aware,29,R21-30,2,1.0,1
participant_20240919123057_score_89_model_CH_5,transition_aware,30,R21-30,2,1.0,1
participant_20240919123057_score_89_model_CH_5,transition_aware,31,R31-40,3,1.0,1
participant_20240919123057_score_89_model_CH_5,transition_aware,32,R31-40,3,1.0,1
participant_20240919123057_score_89_model_CH_5,transition_aware,33,R31-40,3,1.0,1
participant_20240919123057_score_89_model_CH_5,transition_aware,34,R31-40,3,1.0,1
participant_20240919123057_score_89_model_CH_5,transition_aware,35,R31-40,3,1.0,1
participant_20240919123057_score_89_model_CH_5,transition_aware,36,R31-40,3,1.0,1
participant_20240919123057_score_89_model_CH_5,transition_aware,37,R31-40,3,1.0,1
participant_20240919123057_score_89_model_CH_5,transition_aware,38,R31-40,3,0.921991697802072,1
participant_20240919123057_score_89_model_CH_5,transition_aware,39,R31-40,3,1.0,1
participant_20240919123057_score_89_model_CH_5,transition_aware,40,R31-40,3,1.0,1
participant_20240919123200_score_94_model_CH_5,transition_aware,1,R1-10,0,0.9317931217291381,1
participant_20240919123200_score_94_model_CH_5,transition_aware,2,R1-10,0,0.9289496688505663,1
participant_20240919123200_score_94_model_CH_5,transition_aware,3,R1-10,0,0.7408929672808149,1
participant_20240919123200_score_94_model_CH_5,transition_aware,4,R1-10,0,0.969250010787975,1
participant_20240919123200_score_94_model_CH_5,transition_aware,5,R1-10,0,0.9854583861557612,1
participant_20240919123200_score_94_model_CH_5,transition_aware,6,R1-10,0,0.8163115530549508,1
participant_20240919123200_score_94_model_CH_5,transition_aware,7,R1-10,0,0.7718344017945931,1
participant_20240919123200_score_94_model_CH_5,transition_aware,8,R1-10,0,0.7687638797038433,1
participant_20240919123200_score_94_model_CH_5,transition_aware,9,R1-10,0,0.7056883914664764,1
participant_20240919123200_score_94_model_CH_5,transition_aware,10,R1-10,0,1.0,1
participant_20240919123200_score_94_model_CH_5,transition_aware,11,R11-20,1,1.0,1
participant_20240919123200_score_94_model_CH_5,transition_aware,12,R11-20,1,0.9304090621171496,1
participant_20240919123200_score_94_model_CH_5,transition_aware,13,R11-20,1,0.8458800401853241,1
participant_20240919123200_score_94_model_CH_5,transition_aware,14,R11-20,1,1.0,1
participant_20240919123200_score_94_model_CH_5,transition_aware,15,R11-20,1,0.9242766218179177,1
participant_20240919123200_score_94_model_CH_5,transition_aware,16,R11-20,1,1.0,1
participant_20240919123200_score_94_model_CH_5,transition_aware,17,R11-20,1,0.7327467316052476,1
participant_20240919123200_score_94_model_CH_5,transition_aware,18,R11-20,1,1.0,1
participant_20240919123200_score_94_model_CH_5,transition_aware,19,R11-20,1,0.8911706318191726,1
participant_20240919123200_score_94_model_CH_5,transition_aware,20,R11-20,1,1.0,1
participant_20240919123200_score_94_model_CH_5,transition_aware,21,R21-30,2,1.0,1
participant_20240919123200_score_94_model_CH_5,transition_aware,22,R21-30,2,1.0,1
participant_20240919123200_score_94_model_CH_5,transition_aware,23,R21-30,2,1.0,1
participant_20240919123200_score_94_model_CH_5,transition_aware,24,R21-30,2,1.0,1
participant_20240919123200_score_94_model_CH_5,transition_aware,25,R21-30,2,1.0,1
participant_20240919123200_score_94_model_CH_5,transition_aware,26,R21-30,2,1.0,1
participant_20240919123200_score_94_model_CH_5,transition_aware,27,R21-30,2,1.0,1
participant_20240919123200_score_94_model_CH_5,transition_aware,28,R21-30,2,0.969250010787975,1
participant_20240919123200_score_94_model_CH_5,transition_aware,29,R21-30,2,0.7170595500283735,1
participant_20240919123200_score_94_model_CH_5,transition_aware,30,R21-30,2,0.9623997937416725,1
participant_20240919123200_score_94_model_CH_5,transition_aware,31,R31-40,3,1.0,1
participant_20240919123200_score_94_model_CH_5,transition_aware,32,R31-40,3,0.8196281134384806,1
participant_20240919123200_score_94_model_CH_5,transition_aware,33,R31-40,3,1.0,1
participant_20240919123200_score_94_model_CH_5,transition_aware,34,R31-40,3,1.0,1
participant_20240919123200_score_94_model_CH_5,transition_aware,35,R31-40,3,1.0,1
participant_20240919123200_score_94_model_CH_5,transition_aware,36,R31-40,3,1.0,1
participant_20240919123200_score_94_model_CH_5,transition_aware,37,R31-40,3,1.0,1
participant_20240919123200_score_94_model_CH_5,transition_aware,38,R31-40,3,1.0,1
participant_20240919123200_score_94_model_CH_5,transition_aware,39,R31-40,3,1.0,1
participant_20240919123200_score_94_model_CH_5,transition_aware,40,R31-40,3,1.0,1
participant_20240919123256_score_82_model_CH_5,transition_aware,1,R1-10,0,0.8954886972116658,1
participant_20240919123256_score_82_model_CH_5,transition_aware,2,R1-10,0,1.0,1
participant_20240919123256_score_82_model_CH_5,transition_aware,3,R1-10,0,0.7608545826048688,1
participant_20240919123256_score_82_model_CH_5,transition_aware,4,R1-10,0,0.8851057729345613,1
participant_20240919123256_score_82_model_CH_5,transition_aware,5,R1-10,0,0.8883587640181702,1
participant_20240919123256_score_82_model_CH_5,transition_aware,6,R1-10,0,0.8488540896655354,1
participant_20240919123256_score_82_model_CH_5,transition_aware,7,R1-10,0,1.0,1
participant_20240919123256_score_82_model_CH_5,transition_aware,8,R1-10,0,0.7166601722381106,1
participant_20240919123256_score_82_model_CH_5,transition_aware,9,R1-10,0,0.969250010787975,1
participant_20240919123256_score_82_model_CH_5,transition_aware,10,R1-10,0,0.7988770032552321,1
participant_20240919123256_score_82_model_CH_5,transition_aware,11,R11-20,1,0.6836476821684214,1
participant_20240919123256_score_82_model_CH_5,transition_aware,12,R11-20,1,0.9986293035994896,1
participant_20240919123256_score_82_model_CH_5,transition_aware,13,R11-20,1,0.8057790707680249,1
participant_20240919123256_score_82_model_CH_5,transition_aware,14,R11-20,1,0.7293515379829776,1
participant_20240919123256_score_82_model_CH_5,transition_aware,15,R11-20,1,0.9342911771630836,1
participant_20240919123256_score_82_model_CH_5,transition_aware,16,R11-20,1,1.0,1
participant_20240919123256_score_82_model_CH_5,transition_aware,17,R11-20,1,0.7229884663765911,1
participant_20240919123256_score_82_model_CH_5,transition_aware,18,R11-20,1,0.7146154680743207,1
participant_20240919123256_score_82_model_CH_5,transition_aware,19,R11-20,1,0.6923627510464264,1
participant_20240919123256_score_82_model_CH_5,transition_aware,20,R11-20,1,0.747548573891677,1
participant_20240919123256_score_82_model_CH_5,transition_aware,21,R21-30,2,1.0,1
participant_20240919123256_score_82_model_CH_5,transition_aware,22,R21-30,2,0.6771002566401296,1
participant_20240919123256_score_82_model_CH_5,transition_aware,23,R21-30,2,0.7057855091774742,1
participant_20240919123256_score_82_model_CH_5,transition_aware,24,R21-30,2,0.7196357415826465,1
participant_20240919123256_score_82_model_CH_5,transition_aware,25,R21-30,2,0.6746907957347514,1
participant_20240919123256_score_82_model_CH_5,transition_aware,26,R21-30,2,0.8998486965337489,1
participant_20240919123256_score_82_model_CH_5,transition_aware,27,R21-30,2,0.9290590029868736,1
participant_20240919123256_score_82_model_CH_5,transition_aware,28,R21-30,2,0.9202187951663459,1
participant_20240919123256_score_82_model_CH_5,transition_aware,29,R21-30,2,0.7913906164154427,1
participant_20240919123256_score_82_model_CH_5,transition_aware,30,R21-30,2,0.8153872643652484,1
participant_20240919123256_score_82_model_CH_5,transition_aware,31,R31-40,3,0.7975006112483117,1
participant_20240919123256_score_82_model_CH_5,transition_aware,32,R31-40,3,0.7463909703915956,1
participant_20240919123256_score_82_model_CH_5,transition_aware,33,R31-40,3,0.7628826101426799,1
participant_20240919123256_score_82_model_CH_5,transition_aware,34,R31-40,3,0.7750338274830572,1
participant_20240919123256_score_82_model_CH_5,transition_aware,35,R31-40,3,0.7713070033625701,1
participant_20240919123256_score_82_model_CH_5,transition_aware,36,R31-40,3,0.7408929672808149,1
participant_20240919123256_score_82_model_CH_5,transition_aware,37,R31-40,3,0.7688326519900406,1
participant_20240919123256_score_82_model_CH_5,transition_aware,38,R31-40,3,0.7920422221424738,1
participant_20240919123256_score_82_model_CH_5,transition_aware,39,R31-40,3,1.0,1
participant_20240919123256_score_82_model_CH_5,transition_aware,40,R31-40,3,0.7854615310285732,1
participant_20240919123307_score_91_model_CH_5,transition_aware,1,R1-10,0,0.968574595780645,1
participant_20240919123307_score_91_model_CH_5,transition_aware,2,R1-10,0,0.773607978688996,1
participant_20240919123307_score_91_model_CH_5,transition_aware,3,R1-10,0,0.7280617114305422,1
participant_20240919123307_score_91_model_CH_5,transition_aware,4,R1-10,0,0.7724916245314318,1
participant_20240919123307_score_91_model_CH_5,transition_aware,5,R1-10,0,0.8844252140053687,1
participant_20240919123307_score_91_model_CH_5,transition_aware,6,R1-10,0,0.7158314461703591,1
participant_20240919123307_score_91_model_CH_5,transition_aware,7,R1-10,0,0.7032636112607754,1
participant_20240919123307_score_91_model_CH_5,transition_aware,8,R1-10,0,0.950826439792681,1
participant_20240919123307_score_91_model_CH_5,transition_aware,9,R1-10,0,1.0,1
participant_20240919123307_score_91_model_CH_5,transition_aware,10,R1-10,0,0.8453501798995957,1
participant_20240919123307_score_91_model_CH_5,transition_aware,11,R11-20,1,0.7953392328625013,1
participant_20240919123307_score_91_model_CH_5,transition_aware,12,R11-20,1,0.9304090621171496,1
participant_20240919123307_score_91_model_CH_5,transition_aware,13,R11-20,1,0.7277382707564203,1
participant_20240919123307_score_91_model_CH_5,transition_aware,14,R11-20,1,1.0,1
participant_20240919123307_score_91_model_CH_5,transition_aware,15,R11-20,1,0.9285002882355299,1
participant_20240919123307_score_91_model_CH_5,transition_aware,16,R11-20,1,0.730882469884173,1
participant_20240919123307_score_91_model_CH_5,transition_aware,17,R11-20,1,1.0,1
participant_20240919123307_score_91_model_CH_5,transition_aware,18,R11-20,1,0.783082176507216,1
participant_20240919123307_score_91_model_CH_5,transition_aware,19,R11-20,1,1.0,1
participant_20240919123307_score_91_model_CH_5,transition_aware,20,R11-20,1,1.0,1
participant_20240919123307_score_91_model_CH_5,transition_aware,21,R21-30,2,0.8004792921829602,1
participant_20240919123307_score_91_model_CH_5,transition_aware,22,R21-30,2,0.7506551304571246,1
participant_20240919123307_score_91_model_CH_5,transition_aware,23,R21-30,2,1.0,1
participant_20240919123307_score_91_model_CH_5,transition_aware,24,R21-30,2,0.9059423146355836,1
participant_20240919123307_score_91_model_CH_5,transition_aware,25,R21-30,2,1.0,1
participant_20240919123307_score_91_model_CH_5,transition_aware,26,R21-30,2,1.0,1
participant_20240919123307_score_91_model_CH_5,transition_aware,27,R21-30,2,0.9511074234583239,1
participant_20240919123307_score_91_model_CH_5,transition_aware,28,R21-30,2,0.8558948166605079,1
participant_20240919123307_score_91_model_CH_5,transition_aware,29,R21-30,2,0.8465394972863179,1
participant_20240919123307_score_91_model_CH_5,transition_aware,30,R21-30,2,1.0,1
participant_20240919123307_score_91_model_CH_5,transition_aware,31,R31-40,3,1.0,1
participant_20240919123307_score_91_model_CH_5,transition_aware,32,R31-40,3,1.0,1
participant_20240919123307_score_91_model_CH_5,transition_aware,33,R31-40,3,1.0,1
participant_20240919123307_score_91_model_CH_5,transition_aware,34,R31-40,3,1.0,1
participant_20240919123307_score_91_model_CH_5,transition_aware,35,R31-40,3,1.0,1
participant_20240919123307_score_91_model_CH_5,transition_aware,36,R31-40,3,1.0,1
participant_20240919123307_score_91_model_CH_5,transition_aware,37,R31-40,3,1.0,1
participant_20240919123307_score_91_model_CH_5,transition_aware,38,R31-40,3,1.0,1
participant_20240919123307_score_91_model_CH_5,transition_aware,39,R31-40,3,1.0,1
participant_20240919123307_score_91_model_CH_5,transition_aware,40,R31-40,3,1.0,1
participant_20240919123310_score_85_model_CH_5,transition_aware,1,R1-10,0,0.804126580284453,1
participant_20240919123310_score_85_model_CH_5,transition_aware,2,R1-10,0,0.8399018758100547,1
participant_20240919123310_score_85_model_CH_5,transition_aware,3,R1-10,0,0.6931312994407821,1
participant_20240919123310_score_85_model_CH_5,transition_aware,4,R1-10,0,0.7227816729601112,1
participant_20240919123310_score_85_model_CH_5,transition_aware,5,R1-10,0,1.0,1
participant_20240919123310_score_85_model_CH_5,transition_aware,6,R1-10,0,0.867718203409035,1
participant_20240919123310_score_85_model_CH_5,transition_aware,7,R1-10,0,0.792703423467886,1
participant_20240919123310_score_85_model_CH_5,transition_aware,8,R1-10,0,0.8877601414489413,1
participant_20240919123310_score_85_model_CH_5,transition_aware,9,R1-10,0,0.764676134767421,1
participant_20240919123310_score_85_model_CH_5,transition_aware,10,R1-10,0,0.7663662685925342,1
participant_20240919123310_score_85_model_CH_5,transition_aware,11,R11-20,1,0.7234447807086982,1
participant_20240919123310_score_85_model_CH_5,transition_aware,12,R11-20,1,0.7105443259768215,1
participant_20240919123310_score_85_model_CH_5,transition_aware,13,R11-20,1,1.0,1
participant_20240919123310_score_85_model_CH_5,transition_aware,14,R11-20,1,0.7800469121343763,1
participant_20240919123310_score_85_model_CH_5,transition_aware,15,R11-20,1,1.0,1
participant_20240919123310_score_85_model_CH_5,transition_aware,16,R11-20,1,0.8648039449709514,1
participant_20240919123310_score_85_model_CH_5,transition_aware,17,R11-20,1,0.8661569382177441,1
participant_20240919123310_score_85_model_CH_5,transition_aware,18,R11-20,1,0.7799410887105677,1
participant_20240919123310_score_85_model_CH_5,transition_aware,19,R11-20,1,0.7228749556757555,1
participant_20240919123310_score_85_model_CH_5,transition_aware,20,R11-20,1,1.0,1
participant_20240919123310_score_85_model_CH_5,transition_aware,21,R21-30,2,0.9651367146347474,1
participant_20240919123310_score_85_model_CH_5,transition_aware,22,R21-30,2,0.9342911771630836,1
participant_20240919123310_score_85_model_CH_5,transition_aware,23,R21-30,2,0.9245414826449,1
participant_20240919123310_score_85_model_CH_5,transition_aware,24,R21-30,2,0.9421658846108498,1
participant_20240919123310_score_85_model_CH_5,transition_aware,25,R21-30,2,0.9722616826110243,1
participant_20240919123310_score_85_model_CH_5,transition_aware,26,R21-30,2,0.967681175723542,1
participant_20240919123310_score_85_model_CH_5,transition_aware,27,R21-30,2,0.7277382707564203,1
participant_20240919123310_score_85_model_CH_5,transition_aware,28,R21-30,2,0.7170595500283735,1
participant_20240919123310_score_85_model_CH_5,transition_aware,29,R21-30,2,0.9888345255545178,1
participant_20240919123310_score_85_model_CH_5,transition_aware,30,R21-30,2,0.95940030751519,1
participant_20240919123310_score_85_model_CH_5,transition_aware,31,R31-40,3,0.7189933017102474,1
participant_20240919123310_score_85_model_CH_5,transition_aware,32,R31-40,3,1.0,1
participant_20240919123310_score_85_model_CH_5,transition_aware,33,R31-40,3,0.7723385436815944,1
participant_20240919123310_score_85_model_CH_5,transition_aware,34,R31-40,3,0.8061080304273042,1
participant_20240919123310_score_85_model_CH_5,transition_aware,35,R31-40,3,0.7988770032552321,1
participant_20240919123310_score_85_model_CH_5,transition_aware,36,R31-40,3,0.825123930431707,1
participant_20240919123310_score_85_model_CH_5,transition_aware,37,R31-40,3,0.8277509882927963,1
participant_20240919123310_score_85_model_CH_5,transition_aware,38,R31-40,3,0.8812865964262823,1
participant_20240919123310_score_85_model_CH_5,transition_aware,39,R31-40,3,0.8874260859407329,1
participant_20240919123310_score_85_model_CH_5,transition_aware,40,R31-40,3,0.8712138911077638,1
participant_20240919123325_score_89_model_CH_5,transition_aware,1,R1-10,0,0.8409963592895642,1
participant_20240919123325_score_89_model_CH_5,transition_aware,2,R1-10,0,1.0,1
participant_20240919123325_score_89_model_CH_5,transition_aware,3,R1-10,0,1.0,1
participant_20240919123325_score_89_model_CH_5,transition_aware,4,R1-10,0,0.8453501798995957,1
participant_20240919123325_score_89_model_CH_5,transition_aware,5,R1-10,0,0.747548573891677,1
participant_20240919123325_score_89_model_CH_5,transition_aware,6,R1-10,0,1.0,1
participant_20240919123325_score_89_model_CH_5,transition_aware,7,R1-10,0,0.9998652986560813,1
participant_20240919123325_score_89_model_CH_5,transition_aware,8,R1-10,0,0.9031407855190844,1
participant_20240919123325_score_89_model_CH_5,transition_aware,9,R1-10,0,1.0,1
participant_20240919123325_score_89_model_CH_5,transition_aware,10,R1-10,0,0.7663662685925342,1
participant_20240919123325_score_89_model_CH_5,transition_aware,11,R11-20,1,0.7899526862560722,1
participant_20240919123325_score_89_model_CH_5,transition_aware,12,R11-20,1,0.912720782094737,1
participant_20240919123325_score_89_model_CH_5,transition_aware,13,R11-20,1,0.823920653378649,1
participant_20240919123325_score_89_model_CH_5,transition_aware,14,R11-20,1,0.8050459486223697,1
participant_20240919123325_score_89_model_CH_5,transition_aware,15,R11-20,1,0.7161822085908128,1
participant_20240919123325_score_89_model_CH_5,transition_aware,16,R11-20,1,1.0,1
participant_20240919123325_score_89_model_CH_5,transition_aware,17,R11-20,1,0.7860876894550209,1
participant_20240919123325_score_89_model_CH_5,transition_aware,18,R11-20,1,0.790205737828662,1
participant_20240919123325_score_89_model_CH_5,transition_aware,19,R11-20,1,0.925238632325057,1
participant_20240919123325_score_89_model_CH_5,transition_aware,20,R11-20,1,0.8277509882927963,1
participant_20240919123325_score_89_model_CH_5,transition_aware,21,R21-30,2,0.7026838568675319,1
participant_20240919123325_score_89_model_CH_5,transition_aware,22,R21-30,2,0.9407812603322443,1
participant_20240919123325_score_89_model_CH_5,transition_aware,23,R21-30,2,0.6953380603610795,1
participant_20240919123325_score_89_model_CH_5,transition_aware,24,R21-30,2,0.958869787756649,1
participant_20240919123325_score_89_model_CH_5,transition_aware,25,R21-30,2,0.9759577566572007,1
participant_20240919123325_score_89_model_CH_5,transition_aware,26,R21-30,2,0.9542785439596247,1
participant_20240919123325_score_89_model_CH_5,transition_aware,27,R21-30,2,1.0,1
participant_20240919123325_score_89_model_CH_5,transition_aware,28,R21-30,2,0.9703575306124926,1
participant_20240919123325_score_89_model_CH_5,transition_aware,29,R21-30,2,0.9503848168722236,1
participant_20240919123325_score_89_model_CH_5,transition_aware,30,R21-30,2,0.9503848168722236,1
participant_20240919123325_score_89_model_CH_5,transition_aware,31,R31-40,3,0.9897444746384032,1
participant_20240919123325_score_89_model_CH_5,transition_aware,32,R31-40,3,0.9532841253659329,1
participant_20240919123325_score_89_model_CH_5,transition_aware,33,R31-40,3,0.9854583861557612,1
participant_20240919123325_score_89_model_CH_5,transition_aware,34,R31-40,3,0.9267770723713644,1
participant_20240919123325_score_89_model_CH_5,transition_aware,35,R31-40,3,0.8761618401592549,1
participant_20240919123325_score_89_model_CH_5,transition_aware,36,R31-40,3,0.8700255746641223,1
participant_20240919123325_score_89_model_CH_5,transition_aware,37,R31-40,3,0.8465925338425899,1
participant_20240919123325_score_89_model_CH_5,transition_aware,38,R31-40,3,0.8860339068700156,1
participant_20240919123325_score_89_model_CH_5,transition_aware,39,R31-40,3,1.0,1
participant_20240919123325_score_89_model_CH_5,transition_aware,40,R31-40,3,0.8860339068700156,1
participant_20240919123430_score_85_model_CH_5,transition_aware,1,R1-10,0,0.76161972523722,1
participant_20240919123430_score_85_model_CH_5,transition_aware,2,R1-10,0,0.6923627510464264,1
participant_20240919123430_score_85_model_CH_5,transition_aware,3,R1-10,0,0.852621489535555,1
participant_20240919123430_score_85_model_CH_5,transition_aware,4,R1-10,0,0.7965792560529765,1
participant_20240919123430_score_85_model_CH_5,transition_aware,5,R1-10,0,0.8627959888079795,1
participant_20240919123430_score_85_model_CH_5,transition_aware,6,R1-10,0,0.9527301388651037,1
participant_20240919123430_score_85_model_CH_5,transition_aware,7,R1-10,0,0.7266936683719593,1
participant_20240919123430_score_85_model_CH_5,transition_aware,8,R1-10,0,1.0,1
participant_20240919123430_score_85_model_CH_5,transition_aware,9,R1-10,0,1.0,1
participant_20240919123430_score_85_model_CH_5,transition_aware,10,R1-10,0,0.9409212503891795,1
participant_20240919123430_score_85_model_CH_5,transition_aware,11,R11-20,1,1.0,1
participant_20240919123430_score_85_model_CH_5,transition_aware,12,R11-20,1,1.0,1
participant_20240919123430_score_85_model_CH_5,transition_aware,13,R11-20,1,0.8860339068700156,1
participant_20240919123430_score_85_model_CH_5,transition_aware,14,R11-20,1,0.7821859311429935,1
participant_20240919123430_score_85_model_CH_5,transition_aware,15,R11-20,1,0.7702522659479847,1
participant_20240919123430_score_85_model_CH_5,transition_aware,16,R11-20,1,0.7250401129646206,1
participant_20240919123430_score_85_model_CH_5,transition_aware,17,R11-20,1,0.6931312994407821,1
participant_20240919123430_score_85_model_CH_5,transition_aware,18,R11-20,1,0.6771002566401296,1
participant_20240919123430_score_85_model_CH_5,transition_aware,19,R11-20,1,0.6902705673814038,1
participant_20240919123430_score_85_model_CH_5,transition_aware,20,R11-20,1,0.7976594645715025,1
participant_20240919123430_score_85_model_CH_5,transition_aware,21,R21-30,2,1.0,1
participant_20240919123430_score_85_model_CH_5,transition_aware,22,R21-30,2,0.7913906164154427,1
participant_20240919123430_score_85_model_CH_5,transition_aware,23,R21-30,2,0.790205737828662,1
participant_20240919123430_score_85_model_CH_5,transition_aware,24,R21-30,2,1.0,1
participant_20240919123430_score_85_model_CH_5,transition_aware,25,R21-30,2,0.7769398057219581,1
participant_20240919123430_score_85_model_CH_5,transition_aware,26,R21-30,2,1.0,1
participant_20240919123430_score_85_model_CH_5,transition_aware,27,R21-30,2,0.7860876894550209,1
participant_20240919123430_score_85_model_CH_5,transition_aware,28,R21-30,2,0.7970513751300802,1
participant_20240919123430_score_85_model_CH_5,transition_aware,29,R21-30,2,1.0,1
participant_20240919123430_score_85_model_CH_5,transition_aware,30,R21-30,2,0.7988770032552321,1
participant_20240919123430_score_85_model_CH_5,transition_aware,31,R31-40,3,1.0,1
participant_20240919123430_score_85_model_CH_5,transition_aware,32,R31-40,3,1.0,1
participant_20240919123430_score_85_model_CH_5,transition_aware,33,R31-40,3,0.8453501798995957,1
participant_20240919123430_score_85_model_CH_5,transition_aware,34,R31-40,3,0.8567948032078271,1
participant_20240919123430_score_85_model_CH_5,transition_aware,35,R31-40,3,0.8509509013916015,1
participant_20240919123430_score_85_model_CH_5,transition_aware,36,R31-40,3,1.0,1
participant_20240919123430_score_85_model_CH_5,transition_aware,37,R31-40,3,0.8453501798995957,1
participant_20240919123430_score_85_model_CH_5,transition_aware,38,R31-40,3,1.0,1
participant_20240919123430_score_85_model_CH_5,transition_aware,39,R31-40,3,0.7122094813402726,1
participant_20240919123430_score_85_model_CH_5,transition_aware,40,R31-40,3,0.6693102550214488,1
participant_20240919123442_score_84_model_CH_5,transition_aware,1,R1-10,0,0.8272753714424856,1
participant_20240919123442_score_84_model_CH_5,transition_aware,2,R1-10,0,0.7401034916753303,1
participant_20240919123442_score_84_model_CH_5,transition_aware,3,R1-10,0,1.0,1
participant_20240919123442_score_84_model_CH_5,transition_aware,4,R1-10,0,0.9407812603322443,1
participant_20240919123442_score_84_model_CH_5,transition_aware,5,R1-10,0,1.0,1
participant_20240919123442_score_84_model_CH_5,transition_aware,6,R1-10,0,0.7159584941688325,1
participant_20240919123442_score_84_model_CH_5,transition_aware,7,R1-10,0,0.666341203519998,1
participant_20240919123442_score_84_model_CH_5,transition_aware,8,R1-10,0,0.9719004692131089,1
participant_20240919123442_score_84_model_CH_5,transition_aware,9,R1-10,0,0.8499315569102126,1
participant_20240919123442_score_84_model_CH_5,transition_aware,10,R1-10,0,0.8709770925568292,1
participant_20240919123442_score_84_model_CH_5,transition_aware,11,R11-20,1,0.8790424202151247,1
participant_20240919123442_score_84_model_CH_5,transition_aware,12,R11-20,1,0.6931312994407821,1
participant_20240919123442_score_84_model_CH_5,transition_aware,13,R11-20,1,0.867718203409035,1
participant_20240919123442_score_84_model_CH_5,transition_aware,14,R11-20,1,0.979159131754882,1
participant_20240919123442_score_84_model_CH_5,transition_aware,15,R11-20,1,0.6902705673814038,1
participant_20240919123442_score_84_model_CH_5,transition_aware,16,R11-20,1,0.9722616826110243,1
participant_20240919123442_score_84_model_CH_5,transition_aware,17,R11-20,1,0.8376093530136339,1
participant_20240919123442_score_84_model_CH_5,transition_aware,18,R11-20,1,0.7608545826048688,1
participant_20240919123442_score_84_model_CH_5,transition_aware,19,R11-20,1,0.7529216219505354,1
participant_20240919123442_score_84_model_CH_5,transition_aware,20,R11-20,1,0.8808211061145502,1
participant_20240919123442_score_84_model_CH_5,transition_aware,21,R21-30,2,0.7526180127529272,1
participant_20240919123442_score_84_model_CH_5,transition_aware,22,R21-30,2,0.7659559817252628,1
participant_20240919123442_score_84_model_CH_5,transition_aware,23,R21-30,2,1.0,1
participant_20240919123442_score_84_model_CH_5,transition_aware,24,R21-30,2,1.0,1
participant_20240919123442_score_84_model_CH_5,transition_aware,25,R21-30,2,1.0,1
participant_20240919123442_score_84_model_CH_5,transition_aware,26,R21-30,2,0.7408188662847373,1
participant_20240919123442_score_84_model_CH_5,transition_aware,27,R21-30,2,0.7146154680743207,1
participant_20240919123442_score_84_model_CH_5,transition_aware,28,R21-30,2,1.0,1
participant_20240919123442_score_84_model_CH_5,transition_aware,29,R21-30,2,0.7046746125749672,1
participant_20240919123442_score_84_model_CH_5,transition_aware,30,R21-30,2,0.8153872643652484,1
participant_20240919123442_score_84_model_CH_5,transition_aware,31,R31-40,3,0.8290866247204792,1
participant_20240919123442_score_84_model_CH_5,transition_aware,32,R31-40,3,1.0,1
participant_20240919123442_score_84_model_CH_5,transition_aware,33,R31-40,3,1.0,1
participant_20240919123442_score_84_model_CH_5,transition_aware,34,R31-40,3,0.7247339974298455,1
participant_20240919123442_score_84_model_CH_5,transition_aware,35,R31-40,3,0.7293515379829776,1
participant_20240919123442_score_84_model_CH_5,transition_aware,36,R31-40,3,0.7229884663765911,1
participant_20240919123442_score_84_model_CH_5,transition_aware,37,R31-40,3,0.6923627510464264,1
participant_20240919123442_score_84_model_CH_5,transition_aware,38,R31-40,3,0.7277382707564203,1
participant_20240919123442_score_84_model_CH_5,transition_aware,39,R31-40,3,1.0,1
participant_20240919123442_score_84_model_CH_5,transition_aware,40,R31-40,3,0.7196357415826465,1
participant_20240919123515_score_85_model_CH_5,transition_aware,1,R1-10,0,0.7646914286088082,1
participant_20240919123515_score_85_model_CH_5,transition_aware,2,R1-10,0,0.7975006112483117,1
participant_20240919123515_score_85_model_CH_5,transition_aware,3,R1-10,0,0.6915820967861389,1
participant_20240919123515_score_85_model_CH_5,transition_aware,4,R1-10,0,1.0,1
participant_20240919123515_score_85_model_CH_5,transition_aware,5,R1-10,0,0.9527690906879009,1
participant_20240919123515_score_85_model_CH_5,transition_aware,6,R1-10,0,0.909906421986742,1
participant_20240919123515_score_85_model_CH_5,transition_aware,7,R1-10,0,0.7718344017945931,1
participant_20240919123515_score_85_model_CH_5,transition_aware,8,R1-10,0,0.7086626819551477,1
participant_20240919123515_score_85_model_CH_5,transition_aware,9,R1-10,0,0.8383656286043748,1
participant_20240919123515_score_85_model_CH_5,transition_aware,10,R1-10,0,0.9015293218965127,1
participant_20240919123515_score_85_model_CH_5,transition_aware,11,R11-20,1,0.8488540896655354,1
participant_20240919123515_score_85_model_CH_5,transition_aware,12,R11-20,1,0.7724916245314318,1
participant_20240919123515_score_85_model_CH_5,transition_aware,13,R11-20,1,0.9467734417316114,1
participant_20240919123515_score_85_model_CH_5,transition_aware,14,R11-20,1,0.7506551304571246,1
participant_20240919123515_score_85_model_CH_5,transition_aware,15,R11-20,1,1.0,1
participant_20240919123515_score_85_model_CH_5,transition_aware,16,R11-20,1,0.7659559817252628,1
participant_20240919123515_score_85_model_CH_5,transition_aware,17,R11-20,1,1.0,1
participant_20240919123515_score_85_model_CH_5,transition_aware,18,R11-20,1,0.7970513751300802,1
participant_20240919123515_score_85_model_CH_5,transition_aware,19,R11-20,1,1.0,1
participant_20240919123515_score_85_model_CH_5,transition_aware,20,R11-20,1,0.8276718880605415,1
participant_20240919123515_score_85_model_CH_5,transition_aware,21,R21-30,2,1.0,1
participant_20240919123515_score_85_model_CH_5,transition_aware,22,R21-30,2,0.6746907957347514,1
participant_20240919123515_score_85_model_CH_5,transition_aware,23,R21-30,2,0.7056883914664764,1
participant_20240919123515_score_85_model_CH_5,transition_aware,24,R21-30,2,0.6641745796022626,1
participant_20240919123515_score_85_model_CH_5,transition_aware,25,R21-30,2,0.7327467316052476,1
participant_20240919123515_score_85_model_CH_5,transition_aware,26,R21-30,2,0.8453501798995957,1
participant_20240919123515_score_85_model_CH_5,transition_aware,27,R21-30,2,1.0,1
participant_20240919123515_score_85_model_CH_5,transition_aware,28,R21-30,2,0.867718203409035,1
participant_20240919123515_score_85_model_CH_5,transition_aware,29,R21-30,2,0.8342973656068825,1
participant_20240919123515_score_85_model_CH_5,transition_aware,30,R21-30,2,0.8558948166605079,1
participant_20240919123515_score_85_model_CH_5,transition_aware,31,R31-40,3,0.8167408274043763,1
participant_20240919123515_score_85_model_CH_5,transition_aware,32,R31-40,3,0.8624836350949582,1
participant_20240919123515_score_85_model_CH_5,transition_aware,33,R31-40,3,0.8482509481246433,1
participant_20240919123515_score_85_model_CH_5,transition_aware,34,R31-40,3,1.0,1
participant_20240919123515_score_85_model_CH_5,transition_aware,35,R31-40,3,1.0,1
participant_20240919123515_score_85_model_CH_5,transition_aware,36,R31-40,3,0.8347785781983076,1
participant_20240919123515_score_85_model_CH_5,transition_aware,37,R31-40,3,0.8777452884119784,1
participant_20240919123515_score_85_model_CH_5,transition_aware,38,R31-40,3,0.8619375656214844,1
participant_20240919123515_score_85_model_CH_5,transition_aware,39,R31-40,3,1.0,1
participant_20240919123515_score_85_model_CH_5,transition_aware,40,R31-40,3,0.8524486301668717,1
participant_20240919123626_score_90_model_CH_5,transition_aware,1,R1-10,0,0.7970513751300802,1
participant_20240919123626_score_90_model_CH_5,transition_aware,2,R1-10,0,0.6641745796022626,1
participant_20240919123626_score_90_model_CH_5,transition_aware,3,R1-10,0,0.8509509013916015,1
participant_20240919123626_score_90_model_CH_5,transition_aware,4,R1-10,0,0.7408188662847373,1
participant_20240919123626_score_90_model_CH_5,transition_aware,5,R1-10,0,0.7270917498057288,1
participant_20240919123626_score_90_model_CH_5,transition_aware,6,R1-10,0,0.877003797574989,1
participant_20240919123626_score_90_model_CH_5,transition_aware,7,R1-10,0,1.0,1
participant_20240919123626_score_90_model_CH_5,transition_aware,8,R1-10,0,0.7335959288607223,1
participant_20240919123626_score_90_model_CH_5,transition_aware,9,R1-10,0,0.9342911771630836,1
participant_20240919123626_score_90_model_CH_5,transition_aware,10,R1-10,0,1.0,1
participant_20240919123626_score_90_model_CH_5,transition_aware,11,R11-20,1,1.0,1
participant_20240919123626_score_90_model_CH_5,transition_aware,12,R11-20,1,1.0,1
participant_20240919123626_score_90_model_CH_5,transition_aware,13,R11-20,1,0.8624836350949582,1
participant_20240919123626_score_90_model_CH_5,transition_aware,14,R11-20,1,1.0,1
participant_20240919123626_score_90_model_CH_5,transition_aware,15,R11-20,1,1.0,1
participant_20240919123626_score_90_model_CH_5,transition_aware,16,R11-20,1,0.7496375562100419,1
participant_20240919123626_score_90_model_CH_5,transition_aware,17,R11-20,1,0.8157225475480346,1
participant_20240919123626_score_90_model_CH_5,transition_aware,18,R11-20,1,1.0,1
participant_20240919123626_score_90_model_CH_5,transition_aware,19,R11-20,1,1.0,1
participant_20240919123626_score_90_model_CH_5,transition_aware,20,R11-20,1,0.8823020957623106,1
participant_20240919123626_score_90_model_CH_5,transition_aware,21,R21-30,2,0.7739018068538231,1
participant_20240919123626_score_90_model_CH_5,transition_aware,22,R21-30,2,1.0,1
participant_20240919123626_score_90_model_CH_5,transition_aware,23,R21-30,2,1.0,1
participant_20240919123626_score_90_model_CH_5,transition_aware,24,R21-30,2,0.780196416366737,1
participant_20240919123626_score_90_model_CH_5,transition_aware,25,R21-30,2,1.0,1
participant_20240919123626_score_90_model_CH_5,transition_aware,26,R21-30,2,1.0,1
participant_20240919123626_score_90_model_CH_5,transition_aware,27,R21-30,2,1.0,1
participant_20240919123626_score_90_model_CH_5,transition_aware,28,R21-30,2,0.7327467316052476,1
participant_20240919123626_score_90_model_CH_5,transition_aware,29,R21-30,2,0.7246364511805223,1
participant_20240919123626_score_90_model_CH_5,transition_aware,30,R21-30,2,1.0,1
participant_20240919123626_score_90_model_CH_5,transition_aware,31,R31-40,3,1.0,1
participant_20240919123626_score_90_model_CH_5,transition_aware,32,R31-40,3,1.0,1
participant_20240919123626_score_90_model_CH_5,transition_aware,33,R31-40,3,0.660489479581293,1
participant_20240919123626_score_90_model_CH_5,transition_aware,34,R31-40,3,1.0,1
participant_20240919123626_score_90_model_CH_5,transition_aware,35,R31-40,3,1.0,1
participant_20240919123626_score_90_model_CH_5,transition_aware,36,R31-40,3,1.0,1
participant_20240919123626_score_90_model_CH_5,transition_aware,37,R31-40,3,1.0,1
participant_20240919123626_score_90_model_CH_5,transition_aware,38,R31-40,3,0.8342973656068825,1
participant_20240919123626_score_90_model_CH_5,transition_aware,39,R31-40,3,1.0,1
participant_20240919123626_score_90_model_CH_5,transition_aware,40,R31-40,3,0.7718344017945931,1
participant_20240919123720_score_88_model_CH_5,transition_aware,1,R1-10,0,0.9986293035994896,1
participant_20240919123720_score_88_model_CH_5,transition_aware,2,R1-10,0,0.8244494471109604,1
participant_20240919123720_score_88_model_CH_5,transition_aware,3,R1-10,0,0.8452003905018343,1
participant_20240919123720_score_88_model_CH_5,transition_aware,4,R1-10,0,0.8905569354392453,1
participant_20240919123720_score_88_model_CH_5,transition_aware,5,R1-10,0,0.9171531002585047,1
participant_20240919123720_score_88_model_CH_5,transition_aware,6,R1-10,0,1.0,1
participant_20240919123720_score_88_model_CH_5,transition_aware,7,R1-10,0,0.8931785897958823,1
participant_20240919123720_score_88_model_CH_5,transition_aware,8,R1-10,0,0.9571043113361117,1
participant_20240919123720_score_88_model_CH_5,transition_aware,9,R1-10,0,1.0,1
participant_20240919123720_score_88_model_CH_5,transition_aware,10,R1-10,0,1.0,1
participant_20240919123720_score_88_model_CH_5,transition_aware,11,R11-20,1,1.0,1
participant_20240919123720_score_88_model_CH_5,transition_aware,12,R11-20,1,0.7170595500283735,1
participant_20240919123720_score_88_model_CH_5,transition_aware,13,R11-20,1,0.6731848395572337,1
participant_20240919123720_score_88_model_CH_5,transition_aware,14,R11-20,1,0.8465394972863179,1
participant_20240919123720_score_88_model_CH_5,transition_aware,15,R11-20,1,0.7769398057219581,1
participant_20240919123720_score_88_model_CH_5,transition_aware,16,R11-20,1,0.7988770032552321,1
participant_20240919123720_score_88_model_CH_5,transition_aware,17,R11-20,1,0.7975006112483117,1
participant_20240919123720_score_88_model_CH_5,transition_aware,18,R11-20,1,0.7739018068538231,1
participant_20240919123720_score_88_model_CH_5,transition_aware,19,R11-20,1,0.7988770032552321,1
participant_20240919123720_score_88_model_CH_5,transition_aware,20,R11-20,1,0.8152214364844128,1
participant_20240919123720_score_88_model_CH_5,transition_aware,21,R21-30,2,0.9237970227102731,1
participant_20240919123720_score_88_model_CH_5,transition_aware,22,R21-30,2,1.0,1
participant_20240919123720_score_88_model_CH_5,transition_aware,23,R21-30,2,0.9342911771630836,1
participant_20240919123720_score_88_model_CH_5,transition_aware,24,R21-30,2,0.9651017126215335,1
participant_20240919123720_score_88_model_CH_5,transition_aware,25,R21-30,2,0.9986293035994896,1
participant_20240919123720_score_88_model_CH_5,transition_aware,26,R21-30,2,0.9272753791385964,1
participant_20240919123720_score_88_model_CH_5,transition_aware,27,R21-30,2,0.9516837907792761,1
participant_20240919123720_score_88_model_CH_5,transition_aware,28,R21-30,2,0.9342911771630836,1
participant_20240919123720_score_88_model_CH_5,transition_aware,29,R21-30,2,0.7555943211247286,1
participant_20240919123720_score_88_model_CH_5,transition_aware,30,R21-30,2,1.0,1
participant_20240919123720_score_88_model_CH_5,transition_aware,31,R31-40,3,0.761498132441029,1
participant_20240919123720_score_88_model_CH_5,transition_aware,32,R31-40,3,0.7751864557403525,1
participant_20240919123720_score_88_model_CH_5,transition_aware,33,R31-40,3,1.0,1
participant_20240919123720_score_88_model_CH_5,transition_aware,34,R31-40,3,0.8592986259734982,1
participant_20240919123720_score_88_model_CH_5,transition_aware,35,R31-40,3,0.7514149631846356,1
participant_20240919123720_score_88_model_CH_5,transition_aware,36,R31-40,3,1.0,1
participant_20240919123720_score_88_model_CH_5,transition_aware,37,R31-40,3,0.8276718880605415,1
participant_20240919123720_score_88_model_CH_5,transition_aware,38,R31-40,3,0.867718203409035,1
participant_20240919123720_score_88_model_CH_5,transition_aware,39,R31-40,3,0.8430070916941916,1
participant_20240919123720_score_88_model_CH_5,transition_aware,40,R31-40,3,0.7293515379829776,1
participant_20240919123800_score_86_model_CH_5,transition_aware,1,R1-10,0,0.968574595780645,1
participant_20240919123800_score_86_model_CH_5,transition_aware,2,R1-10,0,0.747548573891677,1
participant_20240919123800_score_86_model_CH_5,transition_aware,3,R1-10,0,0.8737079830036873,1
participant_20240919123800_score_86_model_CH_5,transition_aware,4,R1-10,0,0.7350565151780778,1
participant_20240919123800_score_86_model_CH_5,transition_aware,5,R1-10,0,0.8383656286043748,1
participant_20240919123800_score_86_model_CH_5,transition_aware,6,R1-10,0,1.0,1
participant_20240919123800_score_86_model_CH_5,transition_aware,7,R1-10,0,0.76161972523722,1
participant_20240919123800_score_86_model_CH_5,transition_aware,8,R1-10,0,0.76161972523722,1
participant_20240919123800_score_86_model_CH_5,transition_aware,9,R1-10,0,0.7975006112483117,1
participant_20240919123800_score_86_model_CH_5,transition_aware,10,R1-10,0,0.8152214364844128,1
participant_20240919123800_score_86_model_CH_5,transition_aware,11,R11-20,1,0.8244494471109604,1
participant_20240919123800_score_86_model_CH_5,transition_aware,12,R11-20,1,0.9272753791385964,1
participant_20240919123800_score_86_model_CH_5,transition_aware,13,R11-20,1,0.9985457573388392,1
participant_20240919123800_score_86_model_CH_5,transition_aware,14,R11-20,1,0.7293515379829776,1
participant_20240919123800_score_86_model_CH_5,transition_aware,15,R11-20,1,0.9420055155841807,1
participant_20240919123800_score_86_model_CH_5,transition_aware,16,R11-20,1,0.7588368611429884,1
participant_20240919123800_score_86_model_CH_5,transition_aware,17,R11-20,1,1.0,1
participant_20240919123800_score_86_model_CH_5,transition_aware,18,R11-20,1,0.764676134767421,1
participant_20240919123800_score_86_model_CH_5,transition_aware,19,R11-20,1,0.7401034916753303,1
participant_20240919123800_score_86_model_CH_5,transition_aware,20,R11-20,1,0.9516837907792761,1
participant_20240919123800_score_86_model_CH_5,transition_aware,21,R21-30,2,0.9273232033274932,1
participant_20240919123800_score_86_model_CH_5,transition_aware,22,R21-30,2,0.9188646147520049,1
participant_20240919123800_score_86_model_CH_5,transition_aware,23,R21-30,2,0.924676752087369,1
participant_20240919123800_score_86_model_CH_5,transition_aware,24,R21-30,2,0.9172454554187994,1
participant_20240919123800_score_86_model_CH_5,transition_aware,25,R21-30,2,1.0,1
participant_20240919123800_score_86_model_CH_5,transition_aware,26,R21-30,2,0.877003797574989,1
participant_20240919123800_score_86_model_CH_5,transition_aware,27,R21-30,2,0.8674527523859623,1
participant_20240919123800_score_86_model_CH_5,transition_aware,28,R21-30,2,0.8624836350949582,1
participant_20240919123800_score_86_model_CH_5,transition_aware,29,R21-30,2,0.8583462010904073,1
participant_20240919123800_score_86_model_CH_5,transition_aware,30,R21-30,2,0.8465925338425899,1
participant_20240919123800_score_86_model_CH_5,transition_aware,31,R31-40,3,0.8737079830036873,1
participant_20240919123800_score_86_model_CH_5,transition_aware,32,R31-40,3,1.0,1
participant_20240919123800_score_86_model_CH_5,transition_aware,33,R31-40,3,0.8375001976900155,1
participant_20240919123800_score_86_model_CH_5,transition_aware,34,R31-40,3,0.870666974886284,1
participant_20240919123800_score_86_model_CH_5,transition_aware,35,R31-40,3,0.7105065145184509,1
participant_20240919123800_score_86_model_CH_5,transition_aware,36,R31-40,3,0.8488540896655354,1
participant_20240919123800_score_86_model_CH_5,transition_aware,37,R31-40,3,0.8712138911077638,1
participant_20240919123800_score_86_model_CH_5,transition_aware,38,R31-40,3,0.8375001976900155,1
participant_20240919123800_score_86_model_CH_5,transition_aware,39,R31-40,3,0.8592986259734982,1
participant_20240919123800_score_86_model_CH_5,transition_aware,40,R31-40,3,0.7751864557403525,1
participant_20240919123808_score_88_model_CH_5,transition_aware,1,R1-10,0,0.7753632630892531,1
participant_20240919123808_score_88_model_CH_5,transition_aware,2,R1-10,0,0.7146154680743207,1
participant_20240919123808_score_88_model_CH_5,transition_aware,3,R1-10,0,0.9979589825917634,1
participant_20240919123808_score_88_model_CH_5,transition_aware,4,R1-10,0,0.9202187951663459,1
participant_20240919123808_score_88_model_CH_5,transition_aware,5,R1-10,0,0.7105443259768215,1
participant_20240919123808_score_88_model_CH_5,transition_aware,6,R1-10,0,1.0,1
participant_20240919123808_score_88_model_CH_5,transition_aware,7,R1-10,0,0.8181083031606017,1
participant_20240919123808_score_88_model_CH_5,transition_aware,8,R1-10,0,0.7839698313453046,1
participant_20240919123808_score_88_model_CH_5,transition_aware,9,R1-10,0,1.0,1
participant_20240919123808_score_88_model_CH_5,transition_aware,10,R1-10,0,0.8888773983995458,1
participant_20240919123808_score_88_model_CH_5,transition_aware,11,R11-20,1,1.0,1
participant_20240919123808_score_88_model_CH_5,transition_aware,12,R11-20,1,0.9407812603322443,1
participant_20240919123808_score_88_model_CH_5,transition_aware,13,R11-20,1,0.7032636112607754,1
participant_20240919123808_score_88_model_CH_5,transition_aware,14,R11-20,1,0.6898979034756408,1
participant_20240919123808_score_88_model_CH_5,transition_aware,15,R11-20,1,0.7266936683719593,1
participant_20240919123808_score_88_model_CH_5,transition_aware,16,R11-20,1,0.967407563920079,1
participant_20240919123808_score_88_model_CH_5,transition_aware,17,R11-20,1,0.9888345255545178,1
participant_20240919123808_score_88_model_CH_5,transition_aware,18,R11-20,1,0.6746907957347514,1
participant_20240919123808_score_88_model_CH_5,transition_aware,19,R11-20,1,0.9180845479001136,1
participant_20240919123808_score_88_model_CH_5,transition_aware,20,R11-20,1,0.9013668239240296,1
participant_20240919123808_score_88_model_CH_5,transition_aware,21,R21-30,2,0.9188646147520049,1
participant_20240919123808_score_88_model_CH_5,transition_aware,22,R21-30,2,1.0,1
participant_20240919123808_score_88_model_CH_5,transition_aware,23,R21-30,2,0.9304090621171496,1
participant_20240919123808_score_88_model_CH_5,transition_aware,24,R21-30,2,0.8883587640181702,1
participant_20240919123808_score_88_model_CH_5,transition_aware,25,R21-30,2,0.8783957081579786,1
participant_20240919123808_score_88_model_CH_5,transition_aware,26,R21-30,2,0.8947089178250314,1
participant_20240919123808_score_88_model_CH_5,transition_aware,27,R21-30,2,0.8794166055435383,1
participant_20240919123808_score_88_model_CH_5,transition_aware,28,R21-30,2,0.9031407855190844,1
participant_20240919123808_score_88_model_CH_5,transition_aware,29,R21-30,2,1.0,1
participant_20240919123808_score_88_model_CH_5,transition_aware,30,R21-30,2,1.0,1
participant_20240919123808_score_88_model_CH_5,transition_aware,31,R31-40,3,0.7899526862560722,1
participant_20240919123808_score_88_model_CH_5,transition_aware,32,R31-40,3,1.0,1
participant_20240919123808_score_88_model_CH_5,transition_aware,33,R31-40,3,0.790205737828662,1
participant_20240919123808_score_88_model_CH_5,transition_aware,34,R31-40,3,0.804126580284453,1
participant_20240919123808_score_88_model_CH_5,transition_aware,35,R31-40,3,0.8216919394759734,1
participant_20240919123808_score_88_model_CH_5,transition_aware,36,R31-40,3,1.0,1
participant_20240919123808_score_88_model_CH_5,transition_aware,37,R31-40,3,0.7970513751300802,1
participant_20240919123808_score_88_model_CH_5,transition_aware,38,R31-40,3,0.8032851810948856,1
participant_20240919123808_score_88_model_CH_5,transition_aware,39,R31-40,3,0.7988770032552321,1
participant_20240919123808_score_88_model_CH_5,transition_aware,40,R31-40,3,1.0,1
participant_20240919123953_score_85_model_CH_5,transition_aware,1,R1-10,0,0.8153872643652484,1
participant_20240919123953_score_85_model_CH_5,transition_aware,2,R1-10,0,0.7688326519900406,1
participant_20240919123953_score_85_model_CH_5,transition_aware,3,R1-10,0,1.0,1
participant_20240919123953_score_85_model_CH_5,transition_aware,4,R1-10,0,0.7913906164154427,1
participant_20240919123953_score_85_model_CH_5,transition_aware,5,R1-10,0,0.790205737828662,1
participant_20240919123953_score_85_model_CH_5,transition_aware,6,R1-10,0,0.8426480774871793,1
participant_20240919123953_score_85_model_CH_5,transition_aware,7,R1-10,0,0.9013668239240296,1
participant_20240919123953_score_85_model_CH_5,transition_aware,8,R1-10,0,0.9323445245442298,1
participant_20240919123953_score_85_model_CH_5,transition_aware,9,R1-10,0,0.7860876894550209,1
participant_20240919123953_score_85_model_CH_5,transition_aware,10,R1-10,0,0.7659559817252628,1
participant_20240919123953_score_85_model_CH_5,transition_aware,11,R11-20,1,0.9651017126215335,1
participant_20240919123953_score_85_model_CH_5,transition_aware,12,R11-20,1,0.7086626819551477,1
participant_20240919123953_score_85_model_CH_5,transition_aware,13,R11-20,1,0.7839698313453046,1
participant_20240919123953_score_85_model_CH_5,transition_aware,14,R11-20,1,1.0,1
participant_20240919123953_score_85_model_CH_5,transition_aware,15,R11-20,1,0.8167408274043763,1
participant_20240919123953_score_85_model_CH_5,transition_aware,16,R11-20,1,0.8233363539748477,1
participant_20240919123953_score_85_model_CH_5,transition_aware,17,R11-20,1,0.8277509882927963,1
participant_20240919123953_score_85_model_CH_5,transition_aware,18,R11-20,1,0.7976594645715025,1
participant_20240919123953_score_85_model_CH_5,transition_aware,19,R11-20,1,0.8076884111080397,1
participant_20240919123953_score_85_model_CH_5,transition_aware,20,R11-20,1,0.8737079830036873,1
participant_20240919123953_score_85_model_CH_5,transition_aware,21,R21-30,2,0.8452003905018343,1
participant_20240919123953_score_85_model_CH_5,transition_aware,22,R21-30,2,0.7920422221424738,1
participant_20240919123953_score_85_model_CH_5,transition_aware,23,R21-30,2,1.0,1
participant_20240919123953_score_85_model_CH_5,transition_aware,24,R21-30,2,0.8627959888079795,1
participant_20240919123953_score_85_model_CH_5,transition_aware,25,R21-30,2,0.969250010787975,1
participant_20240919123953_score_85_model_CH_5,transition_aware,26,R21-30,2,0.9289496688505663,1
participant_20240919123953_score_85_model_CH_5,transition_aware,27,R21-30,2,0.953628478465642,1
participant_20240919123953_score_85_model_CH_5,transition_aware,28,R21-30,2,0.921991697802072,1
participant_20240919123953_score_85_model_CH_5,transition_aware,29,R21-30,2,0.8851057729345613,1
participant_20240919123953_score_85_model_CH_5,transition_aware,30,R21-30,2,1.0,1
participant_20240919123953_score_85_model_CH_5,transition_aware,31,R31-40,3,0.6902705673814038,1
participant_20240919123953_score_85_model_CH_5,transition_aware,32,R31-40,3,0.7159584941688325,1
participant_20240919123953_score_85_model_CH_5,transition_aware,33,R31-40,3,0.823920653378649,1
participant_20240919123953_score_85_model_CH_5,transition_aware,34,R31-40,3,0.8141172316880221,1
participant_20240919123953_score_85_model_CH_5,transition_aware,35,R31-40,3,1.0,1
participant_20240919123953_score_85_model_CH_5,transition_aware,36,R31-40,3,1.0,1
participant_20240919123953_score_85_model_CH_5,transition_aware,37,R31-40,3,0.8558948166605079,1
participant_20240919123953_score_85_model_CH_5,transition_aware,38,R31-40,3,0.7158314461703591,1
participant_20240919123953_score_85_model_CH_5,transition_aware,39,R31-40,3,0.716081019399431,1
participant_20240919123953_score_85_model_CH_5,transition_aware,40,R31-40,3,0.6898979034756408,1
participant_20240919124004_score_91_model_CH_5,transition_aware,1,R1-10,0,0.829746483218992,1
participant_20240919124004_score_91_model_CH_5,transition_aware,2,R1-10,0,0.8874260859407329,1
participant_20240919124004_score_91_model_CH_5,transition_aware,3,R1-10,0,0.9467734417316114,1
participant_20240919124004_score_91_model_CH_5,transition_aware,4,R1-10,0,0.7247339974298455,1
participant_20240919124004_score_91_model_CH_5,transition_aware,5,R1-10,0,0.7830096363112015,1
participant_20240919124004_score_91_model_CH_5,transition_aware,6,R1-10,0,0.8479698199597265,1
participant_20240919124004_score_91_model_CH_5,transition_aware,7,R1-10,0,0.996968470494253,1
participant_20240919124004_score_91_model_CH_5,transition_aware,8,R1-10,0,0.7032636112607754,1
participant_20240919124004_score_91_model_CH_5,transition_aware,9,R1-10,0,0.9102468699322755,1
participant_20240919124004_score_91_model_CH_5,transition_aware,10,R1-10,0,0.8882899809703187,1
participant_20240919124004_score_91_model_CH_5,transition_aware,11,R11-20,1,1.0,1
participant_20240919124004_score_91_model_CH_5,transition_aware,12,R11-20,1,0.7408929672808149,1
participant_20240919124004_score_91_model_CH_5,transition_aware,13,R11-20,1,0.6641745796022626,1
participant_20240919124004_score_91_model_CH_5,transition_aware,14,R11-20,1,0.7395365315736664,1
participant_20240919124004_score_91_model_CH_5,transition_aware,15,R11-20,1,0.6757115099411358,1
participant_20240919124004_score_91_model_CH_5,transition_aware,16,R11-20,1,1.0,1
participant_20240919124004_score_91_model_CH_5,transition_aware,17,R11-20,1,1.0,1
participant_20240919124004_score_91_model_CH_5,transition_aware,18,R11-20,1,0.7508174165897644,1
participant_20240919124004_score_91_model_CH_5,transition_aware,19,R11-20,1,0.7720794887726588,1
participant_20240919124004_score_91_model_CH_5,transition_aware,20,R11-20,1,1.0,1
participant_20240919124004_score_91_model_CH_5,transition_aware,21,R21-30,2,1.0,1
participant_20240919124004_score_91_model_CH_5,transition_aware,22,R21-30,2,0.7854615310285732,1
participant_20240919124004_score_91_model_CH_5,transition_aware,23,R21-30,2,0.8152290127623606,1
participant_20240919124004_score_91_model_CH_5,transition_aware,24,R21-30,2,1.0,1
participant_20240919124004_score_91_model_CH_5,transition_aware,25,R21-30,2,1.0,1
participant_20240919124004_score_91_model_CH_5,transition_aware,26,R21-30,2,1.0,1
participant_20240919124004_score_91_model_CH_5,transition_aware,27,R21-30,2,1.0,1
participant_20240919124004_score_91_model_CH_5,transition_aware,28,R21-30,2,1.0,1
participant_20240919124004_score_91_model_CH_5,transition_aware,29,R21-30,2,1.0,1
participant_20240919124004_score_91_model_CH_5,transition_aware,30,R21-30,2,1.0,1
participant_20240919124004_score_91_model_CH_5,transition_aware,31,R31-40,3,1.0,1
participant_20240919124004_score_91_model_CH_5,transition_aware,32,R31-40,3,1.0,1
participant_20240919124004_score_91_model_CH_5,transition_aware,33,R31-40,3,0.9600304345308799,1
participant_20240919124004_score_91_model_CH_5,transition_aware,34,R31-40,3,1.0,1
participant_20240919124004_score_91_model_CH_5,transition_aware,35,R31-40,3,1.0,1
participant_20240919124004_score_91_model_CH_5,transition_aware,36,R31-40,3,1.0,1
participant_20240919124004_score_91_model_CH_5,transition_aware,37,R31-40,3,1.0,1
participant_20240919124004_score_91_model_CH_5,transition_aware,38,R31-40,3,1.0,1
participant_20240919124004_score_91_model_CH_5,transition_aware,39,R31-40,3,0.8579671605030917,1
participant_20240919124004_score_91_model_CH_5,transition_aware,40,R31-40,3,1.0,1
participant_20240919124047_score_89_model_CH_5,transition_aware,1,R1-10,0,0.6693102550214488,1
participant_20240919124047_score_89_model_CH_5,transition_aware,2,R1-10,0,0.9077426137584564,1
participant_20240919124047_score_89_model_CH_5,transition_aware,3,R1-10,0,0.6915820967861389,1
participant_20240919124047_score_89_model_CH_5,transition_aware,4,R1-10,0,0.8277509882927963,1
participant_20240919124047_score_89_model_CH_5,transition_aware,5,R1-10,0,0.9564354950325941,1
participant_20240919124047_score_89_model_CH_5,transition_aware,6,R1-10,0,1.0,1
participant_20240919124047_score_89_model_CH_5,transition_aware,7,R1-10,0,1.0,1
participant_20240919124047_score_89_model_CH_5,transition_aware,8,R1-10,0,0.9551001046286834,1
participant_20240919124047_score_89_model_CH_5,transition_aware,9,R1-10,0,0.7732812943787448,1
participant_20240919124047_score_89_model_CH_5,transition_aware,10,R1-10,0,0.8579671605030917,1
participant_20240919124047_score_89_model_CH_5,transition_aware,11,R11-20,1,0.7799410887105677,1
participant_20240919124047_score_89_model_CH_5,transition_aware,12,R11-20,1,0.7335959288607223,1
participant_20240919124047_score_89_model_CH_5,transition_aware,13,R11-20,1,1.0,1
participant_20240919124047_score_89_model_CH_5,transition_aware,14,R11-20,1,0.8660915059021297,1
participant_20240919124047_score_89_model_CH_5,transition_aware,15,R11-20,1,0.7196357415826465,1
participant_20240919124047_score_89_model_CH_5,transition_aware,16,R11-20,1,1.0,1
participant_20240919124047_score_89_model_CH_5,transition_aware,17,R11-20,1,0.9986293035994896,1
participant_20240919124047_score_89_model_CH_5,transition_aware,18,R11-20,1,0.6836476821684214,1
participant_20240919124047_score_89_model_CH_5,transition_aware,19,R11-20,1,0.8089481392658041,1
participant_20240919124047_score_89_model_CH_5,transition_aware,20,R11-20,1,1.0,1
participant_20240919124047_score_89_model_CH_5,transition_aware,21,R21-30,2,1.0,1
participant_20240919124047_score_89_model_CH_5,transition_aware,22,R21-30,2,1.0,1
participant_20240919124047_score_89_model_CH_5,transition_aware,23,R21-30,2,0.7611317147986707,1
participant_20240919124047_score_89_model_CH_5,transition_aware,24,R21-30,2,0.7826798388993882,1
participant_20240919124047_score_89_model_CH_5,transition_aware,25,R21-30,2,0.8783957081579786,1
participant_20240919124047_score_89_model_CH_5,transition_aware,26,R21-30,2,0.8766044622983322,1
participant_20240919124047_score_89_model_CH_5,transition_aware,27,R21-30,2,0.912720782094737,1
participant_20240919124047_score_89_model_CH_5,transition_aware,28,R21-30,2,0.9308037607630426,1
participant_20240919124047_score_89_model_CH_5,transition_aware,29,R21-30,2,0.9220323365614134,1
participant_20240919124047_score_89_model_CH_5,transition_aware,30,R21-30,2,0.9126532383982336,1
participant_20240919124047_score_89_model_CH_5,transition_aware,31,R31-40,3,1.0,1
participant_20240919124047_score_89_model_CH_5,transition_aware,32,R31-40,3,0.7408929672808149,1
participant_20240919124047_score_89_model_CH_5,transition_aware,33,R31-40,3,1.0,1
participant_20240919124047_score_89_model_CH_5,transition_aware,34,R31-40,3,0.7032636112607754,1
participant_20240919124047_score_89_model_CH_5,transition_aware,35,R31-40,3,1.0,1
participant_20240919124047_score_89_model_CH_5,transition_aware,36,R31-40,3,1.0,1
participant_20240919124047_score_89_model_CH_5,transition_aware,37,R31-40,3,0.8431544801981704,1
participant_20240919124047_score_89_model_CH_5,transition_aware,38,R31-40,3,1.0,1
participant_20240919124047_score_89_model_CH_5,transition_aware,39,R31-40,3,1.0,1
participant_20240919124047_score_89_model_CH_5,transition_aware,40,R31-40,3,1.0,1
participant_20240919124048_score_87_model_CH_5,transition_aware,1,R1-10,0,0.716081019399431,1
participant_20240919124048_score_87_model_CH_5,transition_aware,2,R1-10,0,1.0,1
participant_20240919124048_score_87_model_CH_5,transition_aware,3,R1-10,0,0.7860876894550209,1
participant_20240919124048_score_87_model_CH_5,transition_aware,4,R1-10,0,0.780196416366737,1
participant_20240919124048_score_87_model_CH_5,transition_aware,5,R1-10,0,0.9986293035994896,1
participant_20240919124048_score_87_model_CH_5,transition_aware,6,R1-10,0,0.924676752087369,1
participant_20240919124048_score_87_model_CH_5,transition_aware,7,R1-10,0,0.7981792211556388,1
participant_20240919124048_score_87_model_CH_5,transition_aware,8,R1-10,0,0.9746991211668681,1
participant_20240919124048_score_87_model_CH_5,transition_aware,9,R1-10,0,0.8524486301668717,1
participant_20240919124048_score_87_model_CH_5,transition_aware,10,R1-10,0,0.8387919911696736,1
participant_20240919124048_score_87_model_CH_5,transition_aware,11,R11-20,1,0.8458800401853241,1
participant_20240919124048_score_87_model_CH_5,transition_aware,12,R11-20,1,0.7474836481369194,1
participant_20240919124048_score_87_model_CH_5,transition_aware,13,R11-20,1,0.9110470949910401,1
participant_20240919124048_score_87_model_CH_5,transition_aware,14,R11-20,1,0.8324977242656862,1
participant_20240919124048_score_87_model_CH_5,transition_aware,15,R11-20,1,1.0,1
participant_20240919124048_score_87_model_CH_5,transition_aware,16,R11-20,1,0.7753632630892531,1
participant_20240919124048_score_87_model_CH_5,transition_aware,17,R11-20,1,0.7246142066856996,1
participant_20240919124048_score_87_model_CH_5,transition_aware,18,R11-20,1,0.9564712180674274,1
participant_20240919124048_score_87_model_CH_5,transition_aware,19,R11-20,1,0.7899526862560722,1
participant_20240919124048_score_87_model_CH_5,transition_aware,20,R11-20,1,0.7624388436884493,1
participant_20240919124048_score_87_model_CH_5,transition_aware,21,R21-30,2,0.825969591869597,1
participant_20240919124048_score_87_model_CH_5,transition_aware,22,R21-30,2,1.0,1
participant_20240919124048_score_87_model_CH_5,transition_aware,23,R21-30,2,0.773607978688996,1
participant_20240919124048_score_87_model_CH_5,transition_aware,24,R21-30,2,0.7821859311429935,1
participant_20240919124048_score_87_model_CH_5,transition_aware,25,R21-30,2,0.9102468699322755,1
participant_20240919124048_score_87_model_CH_5,transition_aware,26,R21-30,2,0.9159914846254522,1
participant_20240919124048_score_87_model_CH_5,transition_aware,27,R21-30,2,0.9031407855190844,1
participant_20240919124048_score_87_model_CH_5,transition_aware,28,R21-30,2,0.8931785897958823,1
participant_20240919124048_score_87_model_CH_5,transition_aware,29,R21-30,2,1.0,1
participant_20240919124048_score_87_model_CH_5,transition_aware,30,R21-30,2,0.9305303816309073,1
participant_20240919124048_score_87_model_CH_5,transition_aware,31,R31-40,3,0.9233954292878119,1
participant_20240919124048_score_87_model_CH_5,transition_aware,32,R31-40,3,0.9013668239240296,1
participant_20240919124048_score_87_model_CH_5,transition_aware,33,R31-40,3,0.9407812603322443,1
participant_20240919124048_score_87_model_CH_5,transition_aware,34,R31-40,3,0.8998486965337489,1
participant_20240919124048_score_87_model_CH_5,transition_aware,35,R31-40,3,0.8783957081579786,1
participant_20240919124048_score_87_model_CH_5,transition_aware,36,R31-40,3,0.8752708712090276,1
participant_20240919124048_score_87_model_CH_5,transition_aware,37,R31-40,3,0.9005867493840697,1
participant_20240919124048_score_87_model_CH_5,transition_aware,38,R31-40,3,0.9255125072784426,1
participant_20240919124048_score_87_model_CH_5,transition_aware,39,R31-40,3,1.0,1
participant_20240919124048_score_87_model_CH_5,transition_aware,40,R31-40,3,0.7408188662847373,1
participant_20240919124245_score_84_model_CH_5,transition_aware,1,R1-10,0,0.7474836481369194,1
participant_20240919124245_score_84_model_CH_5,transition_aware,2,R1-10,0,0.7380130853634291,1
participant_20240919124245_score_84_model_CH_5,transition_aware,3,R1-10,0,0.9409212503891795,1
participant_20240919124245_score_84_model_CH_5,transition_aware,4,R1-10,0,1.0,1
participant_20240919124245_score_84_model_CH_5,transition_aware,5,R1-10,0,0.9232678197757922,1
participant_20240919124245_score_84_model_CH_5,transition_aware,6,R1-10,0,1.0,1
participant_20240919124245_score_84_model_CH_5,transition_aware,7,R1-10,0,0.909906421986742,1
participant_20240919124245_score_84_model_CH_5,transition_aware,8,R1-10,0,0.7246142066856996,1
participant_20240919124245_score_84_model_CH_5,transition_aware,9,R1-10,0,1.0,1
participant_20240919124245_score_84_model_CH_5,transition_aware,10,R1-10,0,1.0,1
participant_20240919124245_score_84_model_CH_5,transition_aware,11,R11-20,1,1.0,1
participant_20240919124245_score_84_model_CH_5,transition_aware,12,R11-20,1,0.9854583861557612,1
participant_20240919124245_score_84_model_CH_5,transition_aware,13,R11-20,1,0.9564712180674274,1
participant_20240919124245_score_84_model_CH_5,transition_aware,14,R11-20,1,0.7057855091774742,1
participant_20240919124245_score_84_model_CH_5,transition_aware,15,R11-20,1,0.730882469884173,1
participant_20240919124245_score_84_model_CH_5,transition_aware,16,R11-20,1,0.7526180127529272,1
participant_20240919124245_score_84_model_CH_5,transition_aware,17,R11-20,1,0.8858844552218906,1
participant_20240919124245_score_84_model_CH_5,transition_aware,18,R11-20,1,0.7799410887105677,1
participant_20240919124245_score_84_model_CH_5,transition_aware,19,R11-20,1,0.7659559817252628,1
participant_20240919124245_score_84_model_CH_5,transition_aware,20,R11-20,1,0.7270917498057288,1
participant_20240919124245_score_84_model_CH_5,transition_aware,21,R21-30,2,0.7920422221424738,1
participant_20240919124245_score_84_model_CH_5,transition_aware,22,R21-30,2,1.0,1
participant_20240919124245_score_84_model_CH_5,transition_aware,23,R21-30,2,0.901268890485686,1
participant_20240919124245_score_84_model_CH_5,transition_aware,24,R21-30,2,0.7753632630892531,1
participant_20240919124245_score_84_model_CH_5,transition_aware,25,R21-30,2,0.7588368611429884,1
participant_20240919124245_score_84_model_CH_5,transition_aware,26,R21-30,2,0.7032391384356916,1
participant_20240919124245_score_84_model_CH_5,transition_aware,27,R21-30,2,0.666341203519998,1
participant_20240919124245_score_84_model_CH_5,transition_aware,28,R21-30,2,0.6882505152496765,1
participant_20240919124245_score_84_model_CH_5,transition_aware,29,R21-30,2,1.0,1
participant_20240919124245_score_84_model_CH_5,transition_aware,30,R21-30,2,0.716081019399431,1
participant_20240919124245_score_84_model_CH_5,transition_aware,31,R31-40,3,0.6939330695031669,1
participant_20240919124245_score_84_model_CH_5,transition_aware,32,R31-40,3,0.7293515379829776,1
participant_20240919124245_score_84_model_CH_5,transition_aware,33,R31-40,3,0.7229884663765911,1
participant_20240919124245_score_84_model_CH_5,transition_aware,34,R31-40,3,0.7496375562100419,1
participant_20240919124245_score_84_model_CH_5,transition_aware,35,R31-40,3,0.792703423467886,1
participant_20240919124245_score_84_model_CH_5,transition_aware,36,R31-40,3,0.8936729336471229,1
participant_20240919124245_score_84_model_CH_5,transition_aware,37,R31-40,3,0.8989411513638025,1
participant_20240919124245_score_84_model_CH_5,transition_aware,38,R31-40,3,0.9031407855190844,1
participant_20240919124245_score_84_model_CH_5,transition_aware,39,R31-40,3,1.0,1
participant_20240919124245_score_84_model_CH_5,transition_aware,40,R31-40,3,0.9013668239240296,1
participant_20240919124404_score_81_model_CH_5,transition_aware,1,R1-10,0,1.0,1
participant_20240919124404_score_81_model_CH_5,transition_aware,2,R1-10,0,1.0,1
participant_20240919124404_score_81_model_CH_5,transition_aware,3,R1-10,0,0.7026838568675319,1
participant_20240919124404_score_81_model_CH_5,transition_aware,4,R1-10,0,0.7965089078095315,1
participant_20240919124404_score_81_model_CH_5,transition_aware,5,R1-10,0,0.8888773983995458,1
participant_20240919124404_score_81_model_CH_5,transition_aware,6,R1-10,0,0.7166601722381106,1
participant_20240919124404_score_81_model_CH_5,transition_aware,7,R1-10,0,0.7823217571225984,1
participant_20240919124404_score_81_model_CH_5,transition_aware,8,R1-10,0,0.8195567687485734,1
participant_20240919124404_score_81_model_CH_5,transition_aware,9,R1-10,0,0.715956943664141,1
participant_20240919124404_score_81_model_CH_5,transition_aware,10,R1-10,0,1.0,1
participant_20240919124404_score_81_model_CH_5,transition_aware,11,R11-20,1,0.9516535172595165,1
participant_20240919124404_score_81_model_CH_5,transition_aware,12,R11-20,1,0.7408929672808149,1
participant_20240919124404_score_81_model_CH_5,transition_aware,13,R11-20,1,0.7624388436884493,1
participant_20240919124404_score_81_model_CH_5,transition_aware,14,R11-20,1,1.0,1
participant_20240919124404_score_81_model_CH_5,transition_aware,15,R11-20,1,0.7508174165897644,1
participant_20240919124404_score_81_model_CH_5,transition_aware,16,R11-20,1,0.9038818570729548,1
participant_20240919124404_score_81_model_CH_5,transition_aware,17,R11-20,1,0.6731848395572337,1
participant_20240919124404_score_81_model_CH_5,transition_aware,18,R11-20,1,0.6746907957347514,1
participant_20240919124404_score_81_model_CH_5,transition_aware,19,R11-20,1,0.6915820967861389,1
participant_20240919124404_score_81_model_CH_5,transition_aware,20,R11-20,1,0.7105443259768215,1
participant_20240919124404_score_81_model_CH_5,transition_aware,21,R21-30,2,0.7280617114305422,1
participant_20240919124404_score_81_model_CH_5,transition_aware,22,R21-30,2,0.8069928662894843,1
participant_20240919124404_score_81_model_CH_5,transition_aware,23,R21-30,2,1.0,1
participant_20240919124404_score_81_model_CH_5,transition_aware,24,R21-30,2,0.7934008409745341,1
participant_20240919124404_score_81_model_CH_5,transition_aware,25,R21-30,2,1.0,1
participant_20240919124404_score_81_model_CH_5,transition_aware,26,R21-30,2,0.7739018068538231,1
participant_20240919124404_score_81_model_CH_5,transition_aware,27,R21-30,2,1.0,1
participant_20240919124404_score_81_model_CH_5,transition_aware,28,R21-30,2,0.7659559817252628,1
participant_20240919124404_score_81_model_CH_5,transition_aware,29,R21-30,2,0.7401034916753303,1
participant_20240919124404_score_81_model_CH_5,transition_aware,30,R21-30,2,0.7732812943787448,1
participant_20240919124404_score_81_model_CH_5,transition_aware,31,R31-40,3,0.7246142066856996,1
participant_20240919124404_score_81_model_CH_5,transition_aware,32,R31-40,3,0.7664087480288925,1
participant_20240919124404_score_81_model_CH_5,transition_aware,33,R31-40,3,0.7189933017102474,1
participant_20240919124404_score_81_model_CH_5,transition_aware,34,R31-40,3,0.712024515740187,1
participant_20240919124404_score_81_model_CH_5,transition_aware,35,R31-40,3,0.7059273613776834,1
participant_20240919124404_score_81_model_CH_5,transition_aware,36,R31-40,3,0.6757115099411358,1
participant_20240919124404_score_81_model_CH_5,transition_aware,37,R31-40,3,0.8684315043662177,1
participant_20240919124404_score_81_model_CH_5,transition_aware,38,R31-40,3,0.825123930431707,1
participant_20240919124404_score_81_model_CH_5,transition_aware,39,R31-40,3,1.0,1
participant_20240919124404_score_81_model_CH_5,transition_aware,40,R31-40,3,0.7724916245314318,1
participant_20240919124535_score_88_model_CH_5,transition_aware,1,R1-10,0,0.8216919394759734,1
participant_20240919124535_score_88_model_CH_5,transition_aware,2,R1-10,0,0.7448692936404363,1
participant_20240919124535_score_88_model_CH_5,transition_aware,3,R1-10,0,0.9255125072784426,1
participant_20240919124535_score_88_model_CH_5,transition_aware,4,R1-10,0,0.9317931217291381,1
participant_20240919124535_score_88_model_CH_5,transition_aware,5,R1-10,0,0.9235143022987434,1
participant_20240919124535_score_88_model_CH_5,transition_aware,6,R1-10,0,0.8277509882927963,1
participant_20240919124535_score_88_model_CH_5,transition_aware,7,R1-10,0,0.8648039449709514,1
participant_20240919124535_score_88_model_CH_5,transition_aware,8,R1-10,0,0.7234447807086982,1
participant_20240919124535_score_88_model_CH_5,transition_aware,9,R1-10,0,1.0,1
participant_20240919124535_score_88_model_CH_5,transition_aware,10,R1-10,0,0.8752708712090276,1
participant_20240919124535_score_88_model_CH_5,transition_aware,11,R11-20,1,0.7713070033625701,1
participant_20240919124535_score_88_model_CH_5,transition_aware,12,R11-20,1,0.8173648357944029,1
participant_20240919124535_score_88_model_CH_5,transition_aware,13,R11-20,1,0.7970513751300802,1
participant_20240919124535_score_88_model_CH_5,transition_aware,14,R11-20,1,0.921991697802072,1
participant_20240919124535_score_88_model_CH_5,transition_aware,15,R11-20,1,1.0,1
participant_20240919124535_score_88_model_CH_5,transition_aware,16,R11-20,1,1.0,1
participant_20240919124535_score_88_model_CH_5,transition_aware,17,R11-20,1,0.8376093530136339,1
participant_20240919124535_score_88_model_CH_5,transition_aware,18,R11-20,1,1.0,1
participant_20240919124535_score_88_model_CH_5,transition_aware,19,R11-20,1,1.0,1
participant_20240919124535_score_88_model_CH_5,transition_aware,20,R11-20,1,0.9188646147520049,1
participant_20240919124535_score_88_model_CH_5,transition_aware,21,R21-30,2,0.8452003905018343,1
participant_20240919124535_score_88_model_CH_5,transition_aware,22,R21-30,2,0.867718203409035,1
participant_20240919124535_score_88_model_CH_5,transition_aware,23,R21-30,2,1.0,1
participant_20240919124535_score_88_model_CH_5,transition_aware,24,R21-30,2,0.7227816729601112,1
participant_20240919124535_score_88_model_CH_5,transition_aware,25,R21-30,2,1.0,1
participant_20240919124535_score_88_model_CH_5,transition_aware,26,R21-30,2,1.0,1
participant_20240919124535_score_88_model_CH_5,transition_aware,27,R21-30,2,0.7383524385639496,1
participant_20240919124535_score_88_model_CH_5,transition_aware,28,R21-30,2,0.6771002566401296,1
participant_20240919124535_score_88_model_CH_5,transition_aware,29,R21-30,2,0.870666974886284,1
participant_20240919124535_score_88_model_CH_5,transition_aware,30,R21-30,2,0.7496375562100419,1
participant_20240919124535_score_88_model_CH_5,transition_aware,31,R31-40,3,1.0,1
participant_20240919124535_score_88_model_CH_5,transition_aware,32,R31-40,3,1.0,1
participant_20240919124535_score_88_model_CH_5,transition_aware,33,R31-40,3,0.7734646378181886,1
participant_20240919124535_score_88_model_CH_5,transition_aware,34,R31-40,3,0.9000229076751863,1
participant_20240919124535_score_88_model_CH_5,transition_aware,35,R31-40,3,0.9304090621171496,1
participant_20240919124535_score_88_model_CH_5,transition_aware,36,R31-40,3,0.8883587640181702,1
participant_20240919124535_score_88_model_CH_5,transition_aware,37,R31-40,3,0.9080526227992834,1
participant_20240919124535_score_88_model_CH_5,transition_aware,38,R31-40,3,0.9327516955109346,1
participant_20240919124535_score_88_model_CH_5,transition_aware,39,R31-40,3,0.8989411513638025,1
participant_20240919124535_score_88_model_CH_5,transition_aware,40,R31-40,3,0.8027957148394818,1
participant_20240919125534_score_84_model_CH_5,transition_aware,1,R1-10,0,1.0,1
participant_20240919125534_score_84_model_CH_5,transition_aware,2,R1-10,0,0.9288439312182052,1
participant_20240919125534_score_84_model_CH_5,transition_aware,3,R1-10,0,1.0,1
participant_20240919125534_score_84_model_CH_5,transition_aware,4,R1-10,0,0.792703423467886,1
participant_20240919125534_score_84_model_CH_5,transition_aware,5,R1-10,0,0.7688326519900406,1
participant_20240919125534_score_84_model_CH_5,transition_aware,6,R1-10,0,0.7335959288607223,1
participant_20240919125534_score_84_model_CH_5,transition_aware,7,R1-10,0,0.7602410643557025,1
participant_20240919125534_score_84_model_CH_5,transition_aware,8,R1-10,0,0.909906421986742,1
participant_20240919125534_score_84_model_CH_5,transition_aware,9,R1-10,0,0.8643053143284215,1
participant_20240919125534_score_84_model_CH_5,transition_aware,10,R1-10,0,0.7371998463724356,1
participant_20240919125534_score_84_model_CH_5,transition_aware,11,R11-20,1,0.8468441863450895,1
participant_20240919125534_score_84_model_CH_5,transition_aware,12,R11-20,1,0.8583462010904073,1
participant_20240919125534_score_84_model_CH_5,transition_aware,13,R11-20,1,0.8076884111080397,1
participant_20240919125534_score_84_model_CH_5,transition_aware,14,R11-20,1,0.8197941104055346,1
participant_20240919125534_score_84_model_CH_5,transition_aware,15,R11-20,1,0.8536043753887289,1
participant_20240919125534_score_84_model_CH_5,transition_aware,16,R11-20,1,0.8300184581828367,1
participant_20240919125534_score_84_model_CH_5,transition_aware,17,R11-20,1,0.8049797396408241,1
participant_20240919125534_score_84_model_CH_5,transition_aware,18,R11-20,1,0.660489479581293,1
participant_20240919125534_score_84_model_CH_5,transition_aware,19,R11-20,1,0.7170595500283735,1
participant_20240919125534_score_84_model_CH_5,transition_aware,20,R11-20,1,0.7920422221424738,1
participant_20240919125534_score_84_model_CH_5,transition_aware,21,R21-30,2,0.7346325027038361,1
participant_20240919125534_score_84_model_CH_5,transition_aware,22,R21-30,2,0.9237970227102731,1
participant_20240919125534_score_84_model_CH_5,transition_aware,23,R21-30,2,0.7663662685925342,1
participant_20240919125534_score_84_model_CH_5,transition_aware,24,R21-30,2,0.8874260859407329,1
participant_20240919125534_score_84_model_CH_5,transition_aware,25,R21-30,2,0.9172454554187994,1
participant_20240919125534_score_84_model_CH_5,transition_aware,26,R21-30,2,0.8777452884119784,1
participant_20240919125534_score_84_model_CH_5,transition_aware,27,R21-30,2,0.9050997957876677,1
participant_20240919125534_score_84_model_CH_5,transition_aware,28,R21-30,2,0.7170595500283735,1
participant_20240919125534_score_84_model_CH_5,transition_aware,29,R21-30,2,1.0,1
participant_20240919125534_score_84_model_CH_5,transition_aware,30,R21-30,2,0.6731848395572337,1
participant_20240919125534_score_84_model_CH_5,transition_aware,31,R31-40,3,0.7170365864802231,1
participant_20240919125534_score_84_model_CH_5,transition_aware,32,R31-40,3,0.7826688093867706,1
participant_20240919125534_score_84_model_CH_5,transition_aware,33,R31-40,3,0.790205737828662,1
participant_20240919125534_score_84_model_CH_5,transition_aware,34,R31-40,3,0.8181083031606017,1
participant_20240919125534_score_84_model_CH_5,transition_aware,35,R31-40,3,1.0,1
participant_20240919125534_score_84_model_CH_5,transition_aware,36,R31-40,3,0.8387919911696736,1
participant_20240919125534_score_84_model_CH_5,transition_aware,37,R31-40,3,0.8154016640530425,1
participant_20240919125534_score_84_model_CH_5,transition_aware,38,R31-40,3,1.0,1
participant_20240919125534_score_84_model_CH_5,transition_aware,39,R31-40,3,0.7899526862560722,1
participant_20240919125534_score_84_model_CH_5,transition_aware,40,R31-40,3,0.9979589825917634,1
participant_20240919130104_score_80_model_CH_5,transition_aware,1,R1-10,0,0.8737079830036873,1
participant_20240919130104_score_80_model_CH_5,transition_aware,2,R1-10,0,1.0,1
participant_20240919130104_score_80_model_CH_5,transition_aware,3,R1-10,0,0.7659559817252628,1
participant_20240919130104_score_80_model_CH_5,transition_aware,4,R1-10,0,0.7739018068538231,1
participant_20240919130104_score_80_model_CH_5,transition_aware,5,R1-10,0,0.7753632630892531,1
participant_20240919130104_score_80_model_CH_5,transition_aware,6,R1-10,0,0.9005867493840697,1
participant_20240919130104_score_80_model_CH_5,transition_aware,7,R1-10,0,0.8931785897958823,1
participant_20240919130104_score_80_model_CH_5,transition_aware,8,R1-10,0,1.0,1
participant_20240919130104_score_80_model_CH_5,transition_aware,9,R1-10,0,0.7434404647358629,1
participant_20240919130104_score_80_model_CH_5,transition_aware,10,R1-10,0,0.6746907957347514,1
participant_20240919130104_score_80_model_CH_5,transition_aware,11,R11-20,1,0.6820448798373955,1
participant_20240919130104_score_80_model_CH_5,transition_aware,12,R11-20,1,1.0,1
participant_20240919130104_score_80_model_CH_5,transition_aware,13,R11-20,1,0.7514149631846356,1
participant_20240919130104_score_80_model_CH_5,transition_aware,14,R11-20,1,0.7659559817252628,1
participant_20240919130104_score_80_model_CH_5,transition_aware,15,R11-20,1,0.7753632630892531,1
participant_20240919130104_score_80_model_CH_5,transition_aware,16,R11-20,1,0.7775636727906036,1
participant_20240919130104_score_80_model_CH_5,transition_aware,17,R11-20,1,0.7751864557403525,1
participant_20240919130104_score_80_model_CH_5,transition_aware,18,R11-20,1,0.8290866247204792,1
participant_20240919130104_score_80_model_CH_5,transition_aware,19,R11-20,1,1.0,1
participant_20240919130104_score_80_model_CH_5,transition_aware,20,R11-20,1,0.8072323611097096,1
participant_20240919130104_score_80_model_CH_5,transition_aware,21,R21-30,2,0.773607978688996,1
participant_20240919130104_score_80_model_CH_5,transition_aware,22,R21-30,2,0.8344281417678685,1
participant_20240919130104_score_80_model_CH_5,transition_aware,23,R21-30,2,0.867718203409035,1
participant_20240919130104_score_80_model_CH_5,transition_aware,24,R21-30,2,0.8700255746641223,1
participant_20240919130104_score_80_model_CH_5,transition_aware,25,R21-30,2,0.7161822085908128,1
participant_20240919130104_score_80_model_CH_5,transition_aware,26,R21-30,2,0.8167408274043763,1
participant_20240919130104_score_80_model_CH_5,transition_aware,27,R21-30,2,0.7105443259768215,1
participant_20240919130104_score_80_model_CH_5,transition_aware,28,R21-30,2,0.7975006112483117,1
participant_20240919130104_score_80_model_CH_5,transition_aware,29,R21-30,2,0.8216919394759734,1
participant_20240919130104_score_80_model_CH_5,transition_aware,30,R21-30,2,0.8072323611097096,1
participant_20240919130104_score_80_model_CH_5,transition_aware,31,R31-40,3,0.8050459486223697,1
participant_20240919130104_score_80_model_CH_5,transition_aware,32,R31-40,3,0.7981792211556388,1
participant_20240919130104_score_80_model_CH_5,transition_aware,33,R31-40,3,0.8057790707680249,1
participant_20240919130104_score_80_model_CH_5,transition_aware,34,R31-40,3,0.7316947023510775,1
participant_20240919130104_score_80_model_CH_5,transition_aware,35,R31-40,3,0.6953380603610795,1
participant_20240919130104_score_80_model_CH_5,transition_aware,36,R31-40,3,0.7250290126310148,1
participant_20240919130104_score_80_model_CH_5,transition_aware,37,R31-40,3,0.7046746125749672,1
participant_20240919130104_score_80_model_CH_5,transition_aware,38,R31-40,3,0.6898979034756408,1
participant_20240919130104_score_80_model_CH_5,transition_aware,39,R31-40,3,0.7146154680743207,1
participant_20240919130104_score_80_model_CH_5,transition_aware,40,R31-40,3,0.7161822085908128,1
participant_20240919131159_score_87_model_CH_5,transition_aware,1,R1-10,0,0.9407812603322443,1
participant_20240919131159_score_87_model_CH_5,transition_aware,2,R1-10,0,0.7032636112607754,1
participant_20240919131159_score_87_model_CH_5,transition_aware,3,R1-10,0,0.7964893772577005,1
participant_20240919131159_score_87_model_CH_5,transition_aware,4,R1-10,0,0.7753632630892531,1
participant_20240919131159_score_87_model_CH_5,transition_aware,5,R1-10,0,0.7588368611429884,1
participant_20240919131159_score_87_model_CH_5,transition_aware,6,R1-10,0,0.7751864557403525,1
participant_20240919131159_score_87_model_CH_5,transition_aware,7,R1-10,0,0.6746907957347514,1
participant_20240919131159_score_87_model_CH_5,transition_aware,8,R1-10,0,0.9979589825917634,1
participant_20240919131159_score_87_model_CH_5,transition_aware,9,R1-10,0,0.8619375656214844,1
participant_20240919131159_score_87_model_CH_5,transition_aware,10,R1-10,0,0.9564712180674274,1
participant_20240919131159_score_87_model_CH_5,transition_aware,11,R11-20,1,0.8032851810948856,1
participant_20240919131159_score_87_model_CH_5,transition_aware,12,R11-20,1,0.76161972523722,1
participant_20240919131159_score_87_model_CH_5,transition_aware,13,R11-20,1,0.8882899809703187,1
participant_20240919131159_score_87_model_CH_5,transition_aware,14,R11-20,1,1.0,1
participant_20240919131159_score_87_model_CH_5,transition_aware,15,R11-20,1,0.7799410887105677,1
participant_20240919131159_score_87_model_CH_5,transition_aware,16,R11-20,1,1.0,1
participant_20240919131159_score_87_model_CH_5,transition_aware,17,R11-20,1,0.7688326519900406,1
participant_20240919131159_score_87_model_CH_5,transition_aware,18,R11-20,1,1.0,1
participant_20240919131159_score_87_model_CH_5,transition_aware,19,R11-20,1,1.0,1
participant_20240919131159_score_87_model_CH_5,transition_aware,20,R11-20,1,0.7854615310285732,1
participant_20240919131159_score_87_model_CH_5,transition_aware,21,R21-30,2,1.0,1
participant_20240919131159_score_87_model_CH_5,transition_aware,22,R21-30,2,0.7229884663765911,1
participant_20240919131159_score_87_model_CH_5,transition_aware,23,R21-30,2,0.7953392328625013,1
participant_20240919131159_score_87_model_CH_5,transition_aware,24,R21-30,2,0.7934008409745341,1
participant_20240919131159_score_87_model_CH_5,transition_aware,25,R21-30,2,1.0,1
participant_20240919131159_score_87_model_CH_5,transition_aware,26,R21-30,2,1.0,1
participant_20240919131159_score_87_model_CH_5,transition_aware,27,R21-30,2,1.0,1
participant_20240919131159_score_87_model_CH_5,transition_aware,28,R21-30,2,1.0,1
participant_20240919131159_score_87_model_CH_5,transition_aware,29,R21-30,2,0.7763280203390975,1
participant_20240919131159_score_87_model_CH_5,transition_aware,30,R21-30,2,0.761498132441029,1
participant_20240919131159_score_87_model_CH_5,transition_aware,31,R31-40,3,0.764676134767421,1
participant_20240919131159_score_87_model_CH_5,transition_aware,32,R31-40,3,0.7659559817252628,1
participant_20240919131159_score_87_model_CH_5,transition_aware,33,R31-40,3,1.0,1
participant_20240919131159_score_87_model_CH_5,transition_aware,34,R31-40,3,1.0,1
participant_20240919131159_score_87_model_CH_5,transition_aware,35,R31-40,3,1.0,1
participant_20240919131159_score_87_model_CH_5,transition_aware,36,R31-40,3,1.0,1
participant_20240919131159_score_87_model_CH_5,transition_aware,37,R31-40,3,1.0,1
participant_20240919131159_score_87_model_CH_5,transition_aware,38,R31-40,3,0.9031407855190844,1
participant_20240919131159_score_87_model_CH_5,transition_aware,39,R31-40,3,0.9409212503891795,1
participant_20240919131159_score_87_model_CH_5,transition_aware,40,R31-40,3,0.6731848395572337,1
participant_20240910183132_score_87_model_CH_8,reward_aware,1,R1-10,0,0.7751864557403525,0
participant_20240910183132_score_87_model_CH_8,reward_aware,2,R1-10,0,0.9188646147520049,0
participant_20240910183132_score_87_model_CH_8,reward_aware,3,R1-10,0,0.8888773983995458,0
participant_20240910183132_score_87_model_CH_8,reward_aware,4,R1-10,0,0.9188646147520049,0
participant_20240910183132_score_87_model_CH_8,reward_aware,5,R1-10,0,0.7659559817252628,0
participant_20240910183132_score_87_model_CH_8,reward_aware,6,R1-10,0,0.8032851810948856,0
participant_20240910183132_score_87_model_CH_8,reward_aware,7,R1-10,0,0.7753632630892531,0
participant_20240910183132_score_87_model_CH_8,reward_aware,8,R1-10,0,1.0,0
participant_20240910183132_score_87_model_CH_8,reward_aware,9,R1-10,0,0.7753632630892531,0
participant_20240910183132_score_87_model_CH_8,reward_aware,10,R1-10,0,0.8888773983995458,0
participant_20240910183132_score_87_model_CH_8,reward_aware,11,R11-20,1,0.996968470494253,0
participant_20240910183132_score_87_model_CH_8,reward_aware,12,R11-20,1,0.9564712180674274,0
participant_20240910183132_score_87_model_CH_8,reward_aware,13,R11-20,1,0.7688326519900406,0
participant_20240910183132_score_87_model_CH_8,reward_aware,14,R11-20,1,0.7146154680743207,0
participant_20240910183132_score_87_model_CH_8,reward_aware,15,R11-20,1,0.7751864557403525,0
participant_20240910183132_score_87_model_CH_8,reward_aware,16,R11-20,1,0.747548573891677,0
participant_20240910183132_score_87_model_CH_8,reward_aware,17,R11-20,1,0.7371998463724356,0
participant_20240910183132_score_87_model_CH_8,reward_aware,18,R11-20,1,0.8076884111080397,0
participant_20240910183132_score_87_model_CH_8,reward_aware,19,R11-20,1,0.8877601414489413,0
participant_20240910183132_score_87_model_CH_8,reward_aware,20,R11-20,1,0.9202187951663459,0
participant_20240910183132_score_87_model_CH_8,reward_aware,21,R21-30,2,0.877003797574989,0
participant_20240910183132_score_87_model_CH_8,reward_aware,22,R21-30,2,0.8276718880605415,0
participant_20240910183132_score_87_model_CH_8,reward_aware,23,R21-30,2,1.0,0
participant_20240910183132_score_87_model_CH_8,reward_aware,24,R21-30,2,1.0,0
participant_20240910183132_score_87_model_CH_8,reward_aware,25,R21-30,2,1.0,0
participant_20240910183132_score_87_model_CH_8,reward_aware,26,R21-30,2,1.0,0
participant_20240910183132_score_87_model_CH_8,reward_aware,27,R21-30,2,0.7899526862560722,0
participant_20240910183132_score_87_model_CH_8,reward_aware,28,R21-30,2,0.7860876894550209,0
participant_20240910183132_score_87_model_CH_8,reward_aware,29,R21-30,2,0.8216919394759734,0
participant_20240910183132_score_87_model_CH_8,reward_aware,30,R21-30,2,0.8277509882927963,0
participant_20240910183132_score_87_model_CH_8,reward_aware,31,R31-40,3,0.7975006112483117,0
participant_20240910183132_score_87_model_CH_8,reward_aware,32,R31-40,3,1.0,0
participant_20240910183132_score_87_model_CH_8,reward_aware,33,R31-40,3,0.8468441863450895,0
participant_20240910183132_score_87_model_CH_8,reward_aware,34,R31-40,3,0.8592986259734982,0
participant_20240910183132_score_87_model_CH_8,reward_aware,35,R31-40,3,0.8592986259734982,0
participant_20240910183132_score_87_model_CH_8,reward_aware,36,R31-40,3,1.0,0
participant_20240910183132_score_87_model_CH_8,reward_aware,37,R31-40,3,0.8823020957623106,0
participant_20240910183132_score_87_model_CH_8,reward_aware,38,R31-40,3,1.0,0
participant_20240910183132_score_87_model_CH_8,reward_aware,39,R31-40,3,1.0,0
participant_20240910183132_score_87_model_CH_8,reward_aware,40,R31-40,3,1.0,0
participant_20240910183314_score_85_model_CH_8,reward_aware,1,R1-10,0,0.9407812603322443,0
participant_20240910183314_score_85_model_CH_8,reward_aware,2,R1-10,0,0.7753632630892531,0
participant_20240910183314_score_85_model_CH_8,reward_aware,3,R1-10,0,0.967407563920079,0
participant_20240910183314_score_85_model_CH_8,reward_aware,4,R1-10,0,0.8931785897958823,0
participant_20240910183314_score_85_model_CH_8,reward_aware,5,R1-10,0,0.9319378474579764,0
participant_20240910183314_score_85_model_CH_8,reward_aware,6,R1-10,0,0.7799410887105677,0
participant_20240910183314_score_85_model_CH_8,reward_aware,7,R1-10,0,0.7964893772577005,0
participant_20240910183314_score_85_model_CH_8,reward_aware,8,R1-10,0,1.0,0
participant_20240910183314_score_85_model_CH_8,reward_aware,9,R1-10,0,0.8276718880605415,0
participant_20240910183314_score_85_model_CH_8,reward_aware,10,R1-10,0,0.867718203409035,0
participant_20240910183314_score_85_model_CH_8,reward_aware,11,R11-20,1,0.7161822085908128,0
participant_20240910183314_score_85_model_CH_8,reward_aware,12,R11-20,1,0.9188646147520049,0
participant_20240910183314_score_85_model_CH_8,reward_aware,13,R11-20,1,0.8290866247204792,0
participant_20240910183314_score_85_model_CH_8,reward_aware,14,R11-20,1,0.8509509013916015,0
participant_20240910183314_score_85_model_CH_8,reward_aware,15,R11-20,1,0.8624836350949582,0
participant_20240910183314_score_85_model_CH_8,reward_aware,16,R11-20,1,1.0,0
participant_20240910183314_score_85_model_CH_8,reward_aware,17,R11-20,1,0.867718203409035,0
participant_20240910183314_score_85_model_CH_8,reward_aware,18,R11-20,1,1.0,0
participant_20240910183314_score_85_model_CH_8,reward_aware,19,R11-20,1,0.7663662685925342,0
participant_20240910183314_score_85_model_CH_8,reward_aware,20,R11-20,1,0.7496375562100419,0
participant_20240910183314_score_85_model_CH_8,reward_aware,21,R21-30,2,1.0,0
participant_20240910183314_score_85_model_CH_8,reward_aware,22,R21-30,2,0.9031407855190844,0
participant_20240910183314_score_85_model_CH_8,reward_aware,23,R21-30,2,0.9013668239240296,0
participant_20240910183314_score_85_model_CH_8,reward_aware,24,R21-30,2,0.8152214364844128,0
participant_20240910183314_score_85_model_CH_8,reward_aware,25,R21-30,2,0.8153872643652484,0
participant_20240910183314_score_85_model_CH_8,reward_aware,26,R21-30,2,0.7796354175694434,0
participant_20240910183314_score_85_model_CH_8,reward_aware,27,R21-30,2,0.7860876894550209,0
participant_20240910183314_score_85_model_CH_8,reward_aware,28,R21-30,2,0.7975006112483117,0
participant_20240910183314_score_85_model_CH_8,reward_aware,29,R21-30,2,1.0,0
participant_20240910183314_score_85_model_CH_8,reward_aware,30,R21-30,2,0.790205737828662,0
participant_20240910183314_score_85_model_CH_8,reward_aware,31,R31-40,3,0.7899526862560722,0
participant_20240910183314_score_85_model_CH_8,reward_aware,32,R31-40,3,0.7739018068538231,0
participant_20240910183314_score_85_model_CH_8,reward_aware,33,R31-40,3,0.8244494471109604,0
participant_20240910183314_score_85_model_CH_8,reward_aware,34,R31-40,3,0.7965089078095315,0
participant_20240910183314_score_85_model_CH_8,reward_aware,35,R31-40,3,1.0,0
participant_20240910183314_score_85_model_CH_8,reward_aware,36,R31-40,3,0.8181083031606017,0
participant_20240910183314_score_85_model_CH_8,reward_aware,37,R31-40,3,0.7988770032552321,0
participant_20240910183314_score_85_model_CH_8,reward_aware,38,R31-40,3,0.8152214364844128,0
participant_20240910183314_score_85_model_CH_8,reward_aware,39,R31-40,3,0.8181083031606017,0
participant_20240910183314_score_85_model_CH_8,reward_aware,40,R31-40,3,0.8277509882927963,0
participant_20240910183655_score_86_model_CH_8,reward_aware,1,R1-10,0,0.9319378474579764,0
participant_20240910183655_score_86_model_CH_8,reward_aware,2,R1-10,0,0.967407563920079,0
participant_20240910183655_score_86_model_CH_8,reward_aware,3,R1-10,0,0.7753632630892531,0
participant_20240910183655_score_86_model_CH_8,reward_aware,4,R1-10,0,0.8244494471109604,0
participant_20240910183655_score_86_model_CH_8,reward_aware,5,R1-10,0,0.7964893772577005,0
participant_20240910183655_score_86_model_CH_8,reward_aware,6,R1-10,0,0.7588368611429884,0
participant_20240910183655_score_86_model_CH_8,reward_aware,7,R1-10,0,0.7751864557403525,0
participant_20240910183655_score_86_model_CH_8,reward_aware,8,R1-10,0,0.6731848395572337,0
participant_20240910183655_score_86_model_CH_8,reward_aware,9,R1-10,0,0.8488540896655354,0
participant_20240910183655_score_86_model_CH_8,reward_aware,10,R1-10,0,0.7170595500283735,0
participant_20240910183655_score_86_model_CH_8,reward_aware,11,R11-20,1,0.9290590029868736,0
participant_20240910183655_score_86_model_CH_8,reward_aware,12,R11-20,1,0.6902705673814038,0
participant_20240910183655_score_86_model_CH_8,reward_aware,13,R11-20,1,0.8936729336471229,0
participant_20240910183655_score_86_model_CH_8,reward_aware,14,R11-20,1,0.7371998463724356,0
participant_20240910183655_score_86_model_CH_8,reward_aware,15,R11-20,1,0.7663662685925342,0
participant_20240910183655_score_86_model_CH_8,reward_aware,16,R11-20,1,0.7434404647358629,0
participant_20240910183655_score_86_model_CH_8,reward_aware,17,R11-20,1,1.0,0
participant_20240910183655_score_86_model_CH_8,reward_aware,18,R11-20,1,0.6915820967861389,0
participant_20240910183655_score_86_model_CH_8,reward_aware,19,R11-20,1,0.7056883914664764,0
participant_20240910183655_score_86_model_CH_8,reward_aware,20,R11-20,1,0.8783957081579786,0
participant_20240910183655_score_86_model_CH_8,reward_aware,21,R21-30,2,0.9233954292878119,0
participant_20240910183655_score_86_model_CH_8,reward_aware,22,R21-30,2,0.9317931217291381,0
participant_20240910183655_score_86_model_CH_8,reward_aware,23,R21-30,2,0.9409212503891795,0
participant_20240910183655_score_86_model_CH_8,reward_aware,24,R21-30,2,0.9031407855190844,0
participant_20240910183655_score_86_model_CH_8,reward_aware,25,R21-30,2,0.9979589825917634,0
participant_20240910183655_score_86_model_CH_8,reward_aware,26,R21-30,2,0.9333819151242844,0
participant_20240910183655_score_86_model_CH_8,reward_aware,27,R21-30,2,0.9912766433928488,0
participant_20240910183655_score_86_model_CH_8,reward_aware,28,R21-30,2,0.9985457573388392,0
participant_20240910183655_score_86_model_CH_8,reward_aware,29,R21-30,2,0.9651017126215335,0
participant_20240910183655_score_86_model_CH_8,reward_aware,30,R21-30,2,0.9651017126215335,0
participant_20240910183655_score_86_model_CH_8,reward_aware,31,R31-40,3,0.9564354950325941,0
participant_20240910183655_score_86_model_CH_8,reward_aware,32,R31-40,3,0.9985457573388392,0
participant_20240910183655_score_86_model_CH_8,reward_aware,33,R31-40,3,0.7463909703915956,0
participant_20240910183655_score_86_model_CH_8,reward_aware,34,R31-40,3,0.9995153079783533,0
participant_20240910183655_score_86_model_CH_8,reward_aware,35,R31-40,3,0.9986293035994896,0
participant_20240910183655_score_86_model_CH_8,reward_aware,36,R31-40,3,1.0,0
participant_20240910183655_score_86_model_CH_8,reward_aware,37,R31-40,3,0.7247339974298455,0
participant_20240910183655_score_86_model_CH_8,reward_aware,38,R31-40,3,0.7105443259768215,0
participant_20240910183655_score_86_model_CH_8,reward_aware,39,R31-40,3,1.0,0
participant_20240910183655_score_86_model_CH_8,reward_aware,40,R31-40,3,0.716081019399431,0
participant_20240910183740_score_85_model_CH_8,reward_aware,1,R1-10,0,0.7420186074079257,0
participant_20240910183740_score_85_model_CH_8,reward_aware,2,R1-10,0,1.0,0
participant_20240910183740_score_85_model_CH_8,reward_aware,3,R1-10,0,0.8981911118802244,0
participant_20240910183740_score_85_model_CH_8,reward_aware,4,R1-10,0,0.7799410887105677,0
participant_20240910183740_score_85_model_CH_8,reward_aware,5,R1-10,0,0.7753632630892531,0
participant_20240910183740_score_85_model_CH_8,reward_aware,6,R1-10,0,0.9342911771630836,0
participant_20240910183740_score_85_model_CH_8,reward_aware,7,R1-10,0,0.9188646147520049,0
participant_20240910183740_score_85_model_CH_8,reward_aware,8,R1-10,0,0.877003797574989,0
participant_20240910183740_score_85_model_CH_8,reward_aware,9,R1-10,0,0.9342911771630836,0
participant_20240910183740_score_85_model_CH_8,reward_aware,10,R1-10,0,0.8479698199597265,0
participant_20240910183740_score_85_model_CH_8,reward_aware,11,R11-20,1,0.8583462010904073,0
participant_20240910183740_score_85_model_CH_8,reward_aware,12,R11-20,1,0.8153872643652484,0
participant_20240910183740_score_85_model_CH_8,reward_aware,13,R11-20,1,0.8700255746641223,0
participant_20240910183740_score_85_model_CH_8,reward_aware,14,R11-20,1,0.7105443259768215,0
participant_20240910183740_score_85_model_CH_8,reward_aware,15,R11-20,1,0.7209848604301851,0
participant_20240910183740_score_85_model_CH_8,reward_aware,16,R11-20,1,1.0,0
participant_20240910183740_score_85_model_CH_8,reward_aware,17,R11-20,1,0.8712138911077638,0
participant_20240910183740_score_85_model_CH_8,reward_aware,18,R11-20,1,1.0,0
participant_20240910183740_score_85_model_CH_8,reward_aware,19,R11-20,1,0.7732812943787448,0
participant_20240910183740_score_85_model_CH_8,reward_aware,20,R11-20,1,1.0,0
participant_20240910183740_score_85_model_CH_8,reward_aware,21,R21-30,2,0.7718344017945931,0
participant_20240910183740_score_85_model_CH_8,reward_aware,22,R21-30,2,1.0,0
participant_20240910183740_score_85_model_CH_8,reward_aware,23,R21-30,2,0.76161972523722,0
participant_20240910183740_score_85_model_CH_8,reward_aware,24,R21-30,2,0.7228749556757555,0
participant_20240910183740_score_85_model_CH_8,reward_aware,25,R21-30,2,0.7604820108648145,0
participant_20240910183740_score_85_model_CH_8,reward_aware,26,R21-30,2,0.7721178290196543,0
participant_20240910183740_score_85_model_CH_8,reward_aware,27,R21-30,2,1.0,0
participant_20240910183740_score_85_model_CH_8,reward_aware,28,R21-30,2,0.761498132441029,0
participant_20240910183740_score_85_model_CH_8,reward_aware,29,R21-30,2,0.7721178290196543,0
participant_20240910183740_score_85_model_CH_8,reward_aware,30,R21-30,2,0.7246142066856996,0
participant_20240910183740_score_85_model_CH_8,reward_aware,31,R31-40,3,1.0,0
participant_20240910183740_score_85_model_CH_8,reward_aware,32,R31-40,3,1.0,0
participant_20240910183740_score_85_model_CH_8,reward_aware,33,R31-40,3,0.7830096363112015,0
participant_20240910183740_score_85_model_CH_8,reward_aware,34,R31-40,3,0.8526310918211969,0
participant_20240910183740_score_85_model_CH_8,reward_aware,35,R31-40,3,0.8409963592895642,0
participant_20240910183740_score_85_model_CH_8,reward_aware,36,R31-40,3,0.8430070916941916,0
participant_20240910183740_score_85_model_CH_8,reward_aware,37,R31-40,3,0.8465394972863179,0
participant_20240910183740_score_85_model_CH_8,reward_aware,38,R31-40,3,0.8264435172317256,0
participant_20240910183740_score_85_model_CH_8,reward_aware,39,R31-40,3,0.9169017336357373,0
participant_20240910183740_score_85_model_CH_8,reward_aware,40,R31-40,3,0.6730743181198805,0
participant_20240910183815_score_87_model_CH_8,reward_aware,1,R1-10,0,0.9407812603322443,0
participant_20240910183815_score_87_model_CH_8,reward_aware,2,R1-10,0,1.0,0
participant_20240910183815_score_87_model_CH_8,reward_aware,3,R1-10,0,0.7964893772577005,0
participant_20240910183815_score_87_model_CH_8,reward_aware,4,R1-10,0,0.9005867493840697,0
participant_20240910183815_score_87_model_CH_8,reward_aware,5,R1-10,0,0.8888773983995458,0
participant_20240910183815_score_87_model_CH_8,reward_aware,6,R1-10,0,0.9245414826449,0
participant_20240910183815_score_87_model_CH_8,reward_aware,7,R1-10,0,0.8195567687485734,0
participant_20240910183815_score_87_model_CH_8,reward_aware,8,R1-10,0,1.0,0
participant_20240910183815_score_87_model_CH_8,reward_aware,9,R1-10,0,0.996968470494253,0
participant_20240910183815_score_87_model_CH_8,reward_aware,10,R1-10,0,0.8737079830036873,0
participant_20240910183815_score_87_model_CH_8,reward_aware,11,R11-20,1,0.8587087224276923,0
participant_20240910183815_score_87_model_CH_8,reward_aware,12,R11-20,1,0.901268890485686,0
participant_20240910183815_score_87_model_CH_8,reward_aware,13,R11-20,1,0.7108532201180573,0
participant_20240910183815_score_87_model_CH_8,reward_aware,14,R11-20,1,0.7604820108648145,0
participant_20240910183815_score_87_model_CH_8,reward_aware,15,R11-20,1,0.7434404647358629,0
participant_20240910183815_score_87_model_CH_8,reward_aware,16,R11-20,1,1.0,0
participant_20240910183815_score_87_model_CH_8,reward_aware,17,R11-20,1,0.9317931217291381,0
participant_20240910183815_score_87_model_CH_8,reward_aware,18,R11-20,1,1.0,0
participant_20240910183815_score_87_model_CH_8,reward_aware,19,R11-20,1,0.8882899809703187,0
participant_20240910183815_score_87_model_CH_8,reward_aware,20,R11-20,1,0.9050997957876677,0
participant_20240910183815_score_87_model_CH_8,reward_aware,21,R21-30,2,0.9008409027920059,0
participant_20240910183815_score_87_model_CH_8,reward_aware,22,R21-30,2,0.7953392328625013,0
participant_20240910183815_score_87_model_CH_8,reward_aware,23,R21-30,2,0.9232678197757922,0
participant_20240910183815_score_87_model_CH_8,reward_aware,24,R21-30,2,0.7953392328625013,0
participant_20240910183815_score_87_model_CH_8,reward_aware,25,R21-30,2,0.829746483218992,0
participant_20240910183815_score_87_model_CH_8,reward_aware,26,R21-30,2,0.8208468431227253,0
participant_20240910183815_score_87_model_CH_8,reward_aware,27,R21-30,2,0.7739018068538231,0
participant_20240910183815_score_87_model_CH_8,reward_aware,28,R21-30,2,0.8244494471109604,0
participant_20240910183815_score_87_model_CH_8,reward_aware,29,R21-30,2,1.0,0
participant_20240910183815_score_87_model_CH_8,reward_aware,30,R21-30,2,0.7588368611429884,0
participant_20240910183815_score_87_model_CH_8,reward_aware,31,R31-40,3,0.7401034916753303,0
participant_20240910183815_score_87_model_CH_8,reward_aware,32,R31-40,3,1.0,0
participant_20240910183815_score_87_model_CH_8,reward_aware,33,R31-40,3,0.7811623933372714,0
participant_20240910183815_score_87_model_CH_8,reward_aware,34,R31-40,3,0.773607978688996,0
participant_20240910183815_score_87_model_CH_8,reward_aware,35,R31-40,3,1.0,0
participant_20240910183815_score_87_model_CH_8,reward_aware,36,R31-40,3,1.0,0
participant_20240910183815_score_87_model_CH_8,reward_aware,37,R31-40,3,1.0,0
participant_20240910183815_score_87_model_CH_8,reward_aware,38,R31-40,3,0.8152214364844128,0
participant_20240910183815_score_87_model_CH_8,reward_aware,39,R31-40,3,0.7270917498057288,0
participant_20240910183815_score_87_model_CH_8,reward_aware,40,R31-40,3,0.7578955602478362,0
participant_20240910191433_score_88_model_CH_8,reward_aware,1,R1-10,0,0.9345428474755691,0
participant_20240910191433_score_88_model_CH_8,reward_aware,2,R1-10,0,0.9407812603322443,0
participant_20240910191433_score_88_model_CH_8,reward_aware,3,R1-10,0,0.870666974886284,0
participant_20240910191433_score_88_model_CH_8,reward_aware,4,R1-10,0,0.8050459486223697,0
participant_20240910191433_score_88_model_CH_8,reward_aware,5,R1-10,0,0.6771002566401296,0
participant_20240910191433_score_88_model_CH_8,reward_aware,6,R1-10,0,0.9421658846108498,0
participant_20240910191433_score_88_model_CH_8,reward_aware,7,R1-10,0,1.0,0
participant_20240910191433_score_88_model_CH_8,reward_aware,8,R1-10,0,1.0,0
participant_20240910191433_score_88_model_CH_8,reward_aware,9,R1-10,0,0.7981792211556388,0
participant_20240910191433_score_88_model_CH_8,reward_aware,10,R1-10,0,0.6966552354196477,0
participant_20240910191433_score_88_model_CH_8,reward_aware,11,R11-20,1,0.7146154680743207,0
participant_20240910191433_score_88_model_CH_8,reward_aware,12,R11-20,1,0.6641745796022626,0
participant_20240910191433_score_88_model_CH_8,reward_aware,13,R11-20,1,1.0,0
participant_20240910191433_score_88_model_CH_8,reward_aware,14,R11-20,1,0.8790424202151247,0
participant_20240910191433_score_88_model_CH_8,reward_aware,15,R11-20,1,0.8998486965337489,0
participant_20240910191433_score_88_model_CH_8,reward_aware,16,R11-20,1,1.0,0
participant_20240910191433_score_88_model_CH_8,reward_aware,17,R11-20,1,0.8888773983995458,0
participant_20240910191433_score_88_model_CH_8,reward_aware,18,R11-20,1,1.0,0
participant_20240910191433_score_88_model_CH_8,reward_aware,19,R11-20,1,0.9110470949910401,0
participant_20240910191433_score_88_model_CH_8,reward_aware,20,R11-20,1,0.867718203409035,0
participant_20240910191433_score_88_model_CH_8,reward_aware,21,R21-30,2,0.7401034916753303,0
participant_20240910191433_score_88_model_CH_8,reward_aware,22,R21-30,2,0.818043541837118,0
participant_20240910191433_score_88_model_CH_8,reward_aware,23,R21-30,2,0.829746483218992,0
participant_20240910191433_score_88_model_CH_8,reward_aware,24,R21-30,2,1.0,0
participant_20240910191433_score_88_model_CH_8,reward_aware,25,R21-30,2,0.8276718880605415,0
participant_20240910191433_score_88_model_CH_8,reward_aware,26,R21-30,2,0.8877601414489413,0
participant_20240910191433_score_88_model_CH_8,reward_aware,27,R21-30,2,0.9304090621171496,0
participant_20240910191433_score_88_model_CH_8,reward_aware,28,R21-30,2,0.747548573891677,0
participant_20240910191433_score_88_model_CH_8,reward_aware,29,R21-30,2,0.6836476821684214,0
participant_20240910191433_score_88_model_CH_8,reward_aware,30,R21-30,2,0.9110046293988926,0
participant_20240910191433_score_88_model_CH_8,reward_aware,31,R31-40,3,0.9113603885288347,0
participant_20240910191433_score_88_model_CH_8,reward_aware,32,R31-40,3,0.8479698199597265,0
participant_20240910191433_score_88_model_CH_8,reward_aware,33,R31-40,3,1.0,0
participant_20240910191433_score_88_model_CH_8,reward_aware,34,R31-40,3,0.8737079830036873,0
participant_20240910191433_score_88_model_CH_8,reward_aware,35,R31-40,3,0.9571043113361117,0
participant_20240910191433_score_88_model_CH_8,reward_aware,36,R31-40,3,0.9288439312182052,0
participant_20240910191433_score_88_model_CH_8,reward_aware,37,R31-40,3,1.0,0
participant_20240910191433_score_88_model_CH_8,reward_aware,38,R31-40,3,0.996968470494253,0
participant_20240910191433_score_88_model_CH_8,reward_aware,39,R31-40,3,0.9333819151242844,0
participant_20240910191433_score_88_model_CH_8,reward_aware,40,R31-40,3,0.968574595780645,0
participant_20240910191810_score_84_model_CH_8,reward_aware,1,R1-10,0,0.950826439792681,0
participant_20240910191810_score_84_model_CH_8,reward_aware,2,R1-10,0,0.6731848395572337,0
participant_20240910191810_score_84_model_CH_8,reward_aware,3,R1-10,0,0.7899526862560722,0
participant_20240910191810_score_84_model_CH_8,reward_aware,4,R1-10,0,0.9980284953013345,0
participant_20240910191810_score_84_model_CH_8,reward_aware,5,R1-10,0,0.9979589825917634,0
participant_20240910191810_score_84_model_CH_8,reward_aware,6,R1-10,0,0.8465925338425899,0
participant_20240910191810_score_84_model_CH_8,reward_aware,7,R1-10,0,0.8509509013916015,0
participant_20240910191810_score_84_model_CH_8,reward_aware,8,R1-10,0,0.8688859799249337,0
participant_20240910191810_score_84_model_CH_8,reward_aware,9,R1-10,0,0.7751864557403525,0
participant_20240910191810_score_84_model_CH_8,reward_aware,10,R1-10,0,0.8072323611097096,0
participant_20240910191810_score_84_model_CH_8,reward_aware,11,R11-20,1,0.9249382849437181,0
participant_20240910191810_score_84_model_CH_8,reward_aware,12,R11-20,1,0.8922681761407101,0
participant_20240910191810_score_84_model_CH_8,reward_aware,13,R11-20,1,0.8752708712090276,0
participant_20240910191810_score_84_model_CH_8,reward_aware,14,R11-20,1,0.8216340320023332,0
participant_20240910191810_score_84_model_CH_8,reward_aware,15,R11-20,1,0.7056883914664764,0
participant_20240910191810_score_84_model_CH_8,reward_aware,16,R11-20,1,0.6771002566401296,0
participant_20240910191810_score_84_model_CH_8,reward_aware,17,R11-20,1,0.7032636112607754,0
participant_20240910191810_score_84_model_CH_8,reward_aware,18,R11-20,1,0.7105443259768215,0
participant_20240910191810_score_84_model_CH_8,reward_aware,19,R11-20,1,0.7122094813402726,0
participant_20240910191810_score_84_model_CH_8,reward_aware,20,R11-20,1,0.9210091084021284,0
participant_20240910191810_score_84_model_CH_8,reward_aware,21,R21-30,2,0.7920422221424738,0
participant_20240910191810_score_84_model_CH_8,reward_aware,22,R21-30,2,1.0,0
participant_20240910191810_score_84_model_CH_8,reward_aware,23,R21-30,2,0.6641745796022626,0
participant_20240910191810_score_84_model_CH_8,reward_aware,24,R21-30,2,0.6744251677108039,0
participant_20240910191810_score_84_model_CH_8,reward_aware,25,R21-30,2,0.8409963592895642,0
participant_20240910191810_score_84_model_CH_8,reward_aware,26,R21-30,2,1.0,0
participant_20240910191810_score_84_model_CH_8,reward_aware,27,R21-30,2,0.8399018758100547,0
participant_20240910191810_score_84_model_CH_8,reward_aware,28,R21-30,2,0.8509509013916015,0
participant_20240910191810_score_84_model_CH_8,reward_aware,29,R21-30,2,0.7146154680743207,0
participant_20240910191810_score_84_model_CH_8,reward_aware,30,R21-30,2,0.8465394972863179,0
participant_20240910191810_score_84_model_CH_8,reward_aware,31,R31-40,3,0.9564712180674274,0
participant_20240910191810_score_84_model_CH_8,reward_aware,32,R31-40,3,0.9542951733395534,0
participant_20240910191810_score_84_model_CH_8,reward_aware,33,R31-40,3,0.9110046293988926,0
participant_20240910191810_score_84_model_CH_8,reward_aware,34,R31-40,3,0.8877601414489413,0
participant_20240910191810_score_84_model_CH_8,reward_aware,35,R31-40,3,0.9110046293988926,0
participant_20240910191810_score_84_model_CH_8,reward_aware,36,R31-40,3,0.8167408274043763,0
participant_20240910191810_score_84_model_CH_8,reward_aware,37,R31-40,3,1.0,0
participant_20240910191810_score_84_model_CH_8,reward_aware,38,R31-40,3,0.8069928662894843,0
participant_20240910191810_score_84_model_CH_8,reward_aware,39,R31-40,3,0.7518403529348456,0
participant_20240910191810_score_84_model_CH_8,reward_aware,40,R31-40,3,0.7280617114305422,0
participant_20240910192743_score_90_model_CH_8,reward_aware,1,R1-10,0,0.9317931217291381,0
participant_20240910192743_score_90_model_CH_8,reward_aware,2,R1-10,0,1.0,0
participant_20240910192743_score_90_model_CH_8,reward_aware,3,R1-10,0,0.7913906164154427,0
participant_20240910192743_score_90_model_CH_8,reward_aware,4,R1-10,0,0.9031407855190844,0
participant_20240910192743_score_90_model_CH_8,reward_aware,5,R1-10,0,0.9169017336357373,0
participant_20240910192743_score_90_model_CH_8,reward_aware,6,R1-10,0,0.9407812603322443,0
participant_20240910192743_score_90_model_CH_8,reward_aware,7,R1-10,0,0.8640671591806364,0
participant_20240910192743_score_90_model_CH_8,reward_aware,8,R1-10,0,0.9405659961763306,0
participant_20240910192743_score_90_model_CH_8,reward_aware,9,R1-10,0,0.9304090621171496,0
participant_20240910192743_score_90_model_CH_8,reward_aware,10,R1-10,0,0.7032636112607754,0
participant_20240910192743_score_90_model_CH_8,reward_aware,11,R11-20,1,0.7266936683719593,0
participant_20240910192743_score_90_model_CH_8,reward_aware,12,R11-20,1,0.7659559817252628,0
participant_20240910192743_score_90_model_CH_8,reward_aware,13,R11-20,1,0.9333819151242844,0
participant_20240910192743_score_90_model_CH_8,reward_aware,14,R11-20,1,0.7434404647358629,0
participant_20240910192743_score_90_model_CH_8,reward_aware,15,R11-20,1,1.0,0
participant_20240910192743_score_90_model_CH_8,reward_aware,16,R11-20,1,0.7913906164154427,0
participant_20240910192743_score_90_model_CH_8,reward_aware,17,R11-20,1,1.0,0
participant_20240910192743_score_90_model_CH_8,reward_aware,18,R11-20,1,1.0,0
participant_20240910192743_score_90_model_CH_8,reward_aware,19,R11-20,1,1.0,0
participant_20240910192743_score_90_model_CH_8,reward_aware,20,R11-20,1,1.0,0
participant_20240910192743_score_90_model_CH_8,reward_aware,21,R21-30,2,1.0,0
participant_20240910192743_score_90_model_CH_8,reward_aware,22,R21-30,2,1.0,0
participant_20240910192743_score_90_model_CH_8,reward_aware,23,R21-30,2,1.0,0
participant_20240910192743_score_90_model_CH_8,reward_aware,24,R21-30,2,1.0,0
participant_20240910192743_score_90_model_CH_8,reward_aware,25,R21-30,2,0.9986293035994896,0
participant_20240910192743_score_90_model_CH_8,reward_aware,26,R21-30,2,0.7108532201180573,0
participant_20240910192743_score_90_model_CH_8,reward_aware,27,R21-30,2,0.9703575306124926,0
participant_20240910192743_score_90_model_CH_8,reward_aware,28,R21-30,2,0.7408188662847373,0
participant_20240910192743_score_90_model_CH_8,reward_aware,29,R21-30,2,0.7086626819551477,0
participant_20240910192743_score_90_model_CH_8,reward_aware,30,R21-30,2,0.6939330695031669,0
participant_20240910192743_score_90_model_CH_8,reward_aware,31,R31-40,3,0.7146154680743207,0
participant_20240910192743_score_90_model_CH_8,reward_aware,32,R31-40,3,1.0,0
participant_20240910192743_score_90_model_CH_8,reward_aware,33,R31-40,3,1.0,0
participant_20240910192743_score_90_model_CH_8,reward_aware,34,R31-40,3,1.0,0
participant_20240910192743_score_90_model_CH_8,reward_aware,35,R31-40,3,0.7981792211556388,0
participant_20240910192743_score_90_model_CH_8,reward_aware,36,R31-40,3,0.8057790707680249,0
participant_20240910192743_score_90_model_CH_8,reward_aware,37,R31-40,3,0.8036705730624871,0
participant_20240910192743_score_90_model_CH_8,reward_aware,38,R31-40,3,1.0,0
participant_20240910192743_score_90_model_CH_8,reward_aware,39,R31-40,3,1.0,0
participant_20240910192743_score_90_model_CH_8,reward_aware,40,R31-40,3,1.0,0
participant_20240910193934_score_83_model_CH_8,reward_aware,1,R1-10,0,0.7327467316052476,0
participant_20240910193934_score_83_model_CH_8,reward_aware,2,R1-10,0,1.0,0
participant_20240910193934_score_83_model_CH_8,reward_aware,3,R1-10,0,0.8488546457377778,0
participant_20240910193934_score_83_model_CH_8,reward_aware,4,R1-10,0,1.0,0
participant_20240910193934_score_83_model_CH_8,reward_aware,5,R1-10,0,0.6746907957347514,0
participant_20240910193934_score_83_model_CH_8,reward_aware,6,R1-10,0,0.912720782094737,0
participant_20240910193934_score_83_model_CH_8,reward_aware,7,R1-10,0,0.7769398057219581,0
participant_20240910193934_score_83_model_CH_8,reward_aware,8,R1-10,0,0.6882505152496765,0
participant_20240910193934_score_83_model_CH_8,reward_aware,9,R1-10,0,0.8860339068700156,0
participant_20240910193934_score_83_model_CH_8,reward_aware,10,R1-10,0,0.9013668239240296,0
participant_20240910193934_score_83_model_CH_8,reward_aware,11,R11-20,1,0.9703575306124926,0
participant_20240910193934_score_83_model_CH_8,reward_aware,12,R11-20,1,0.8558948166605079,0
participant_20240910193934_score_83_model_CH_8,reward_aware,13,R11-20,1,0.660489479581293,0
participant_20240910193934_score_83_model_CH_8,reward_aware,14,R11-20,1,0.9285002882355299,0
participant_20240910193934_score_83_model_CH_8,reward_aware,15,R11-20,1,0.7046746125749672,0
participant_20240910193934_score_83_model_CH_8,reward_aware,16,R11-20,1,0.7247339974298455,0
participant_20240910193934_score_83_model_CH_8,reward_aware,17,R11-20,1,0.8661569382177441,0
participant_20240910193934_score_83_model_CH_8,reward_aware,18,R11-20,1,0.7335959288607223,0
participant_20240910193934_score_83_model_CH_8,reward_aware,19,R11-20,1,0.8712138911077638,0
participant_20240910193934_score_83_model_CH_8,reward_aware,20,R11-20,1,0.8790424202151247,0
participant_20240910193934_score_83_model_CH_8,reward_aware,21,R21-30,2,0.8069054221652054,0
participant_20240910193934_score_83_model_CH_8,reward_aware,22,R21-30,2,0.6757115099411358,0
participant_20240910193934_score_83_model_CH_8,reward_aware,23,R21-30,2,0.7327467316052476,0
participant_20240910193934_score_83_model_CH_8,reward_aware,24,R21-30,2,0.8882899809703187,0
participant_20240910193934_score_83_model_CH_8,reward_aware,25,R21-30,2,0.901268890485686,0
participant_20240910193934_score_83_model_CH_8,reward_aware,26,R21-30,2,0.9511074234583239,0
participant_20240910193934_score_83_model_CH_8,reward_aware,27,R21-30,2,1.0,0
participant_20240910193934_score_83_model_CH_8,reward_aware,28,R21-30,2,1.0,0
participant_20240910193934_score_83_model_CH_8,reward_aware,29,R21-30,2,0.8808211061145502,0
participant_20240910193934_score_83_model_CH_8,reward_aware,30,R21-30,2,0.8567948032078271,0
participant_20240910193934_score_83_model_CH_8,reward_aware,31,R31-40,3,0.8342973656068825,0
participant_20240910193934_score_83_model_CH_8,reward_aware,32,R31-40,3,0.8347785781983076,0
participant_20240910193934_score_83_model_CH_8,reward_aware,33,R31-40,3,0.7032391384356916,0
participant_20240910193934_score_83_model_CH_8,reward_aware,34,R31-40,3,0.6744251677108039,0
participant_20240910193934_score_83_model_CH_8,reward_aware,35,R31-40,3,0.7250401129646206,0
participant_20240910193934_score_83_model_CH_8,reward_aware,36,R31-40,3,0.7350565151780778,0
participant_20240910193934_score_83_model_CH_8,reward_aware,37,R31-40,3,0.6931312994407821,0
participant_20240910193934_score_83_model_CH_8,reward_aware,38,R31-40,3,0.8989411513638025,0
participant_20240910193934_score_83_model_CH_8,reward_aware,39,R31-40,3,0.9038818570729548,0
participant_20240910193934_score_83_model_CH_8,reward_aware,40,R31-40,3,0.9171531002585047,0
participant_20240910200959_score_85_model_CH_8,reward_aware,1,R1-10,0,0.8888773983995458,0
participant_20240910200959_score_85_model_CH_8,reward_aware,2,R1-10,0,0.6898979034756408,0
participant_20240910200959_score_85_model_CH_8,reward_aware,3,R1-10,0,0.925238632325057,0
participant_20240910200959_score_85_model_CH_8,reward_aware,4,R1-10,0,0.885314798053122,0
participant_20240910200959_score_85_model_CH_8,reward_aware,5,R1-10,0,1.0,0
participant_20240910200959_score_85_model_CH_8,reward_aware,6,R1-10,0,0.8947089178250314,0
participant_20240910200959_score_85_model_CH_8,reward_aware,7,R1-10,0,0.8072323611097096,0
participant_20240910200959_score_85_model_CH_8,reward_aware,8,R1-10,0,0.8098755792447065,0
participant_20240910200959_score_85_model_CH_8,reward_aware,9,R1-10,0,0.712024515740187,0
participant_20240910200959_score_85_model_CH_8,reward_aware,10,R1-10,0,0.7474836481369194,0
participant_20240910200959_score_85_model_CH_8,reward_aware,11,R11-20,1,0.870666974886284,0
participant_20240910200959_score_85_model_CH_8,reward_aware,12,R11-20,1,0.8654006740839033,0
participant_20240910200959_score_85_model_CH_8,reward_aware,13,R11-20,1,0.8790424202151247,0
participant_20240910200959_score_85_model_CH_8,reward_aware,14,R11-20,1,0.7350565151780778,0
participant_20240910200959_score_85_model_CH_8,reward_aware,15,R11-20,1,0.660489479581293,0
participant_20240910200959_score_85_model_CH_8,reward_aware,16,R11-20,1,1.0,0
participant_20240910200959_score_85_model_CH_8,reward_aware,17,R11-20,1,0.8069054221652054,0
participant_20240910200959_score_85_model_CH_8,reward_aware,18,R11-20,1,1.0,0
participant_20240910200959_score_85_model_CH_8,reward_aware,19,R11-20,1,0.8453501798995957,0
participant_20240910200959_score_85_model_CH_8,reward_aware,20,R11-20,1,1.0,0
participant_20240910200959_score_85_model_CH_8,reward_aware,21,R21-30,2,1.0,0
participant_20240910200959_score_85_model_CH_8,reward_aware,22,R21-30,2,0.9420055155841807,0
participant_20240910200959_score_85_model_CH_8,reward_aware,23,R21-30,2,1.0,0
participant_20240910200959_score_85_model_CH_8,reward_aware,24,R21-30,2,0.7401034916753303,0
participant_20240910200959_score_85_model_CH_8,reward_aware,25,R21-30,2,0.867718203409035,0
participant_20240910200959_score_85_model_CH_8,reward_aware,26,R21-30,2,0.852621489535555,0
participant_20240910200959_score_85_model_CH_8,reward_aware,27,R21-30,2,0.8808211061145502,0
participant_20240910200959_score_85_model_CH_8,reward_aware,28,R21-30,2,0.7108532201180573,0
participant_20240910200959_score_85_model_CH_8,reward_aware,29,R21-30,2,0.6882505152496765,0
participant_20240910200959_score_85_model_CH_8,reward_aware,30,R21-30,2,0.7271135056738242,0
participant_20240910200959_score_85_model_CH_8,reward_aware,31,R31-40,3,0.7161822085908128,0
participant_20240910200959_score_85_model_CH_8,reward_aware,32,R31-40,3,1.0,0
participant_20240910200959_score_85_model_CH_8,reward_aware,33,R31-40,3,0.8089481392658041,0
participant_20240910200959_score_85_model_CH_8,reward_aware,34,R31-40,3,0.8100491963010292,0
participant_20240910200959_score_85_model_CH_8,reward_aware,35,R31-40,3,1.0,0
participant_20240910200959_score_85_model_CH_8,reward_aware,36,R31-40,3,0.8276718880605415,0
participant_20240910200959_score_85_model_CH_8,reward_aware,37,R31-40,3,0.8167408274043763,0
participant_20240910200959_score_85_model_CH_8,reward_aware,38,R31-40,3,0.8486102099546571,0
participant_20240910200959_score_85_model_CH_8,reward_aware,39,R31-40,3,0.8061080304273042,0
participant_20240910200959_score_85_model_CH_8,reward_aware,40,R31-40,3,1.0,0
participant_20240919122234_score_83_model_CH_8,reward_aware,1,R1-10,0,0.8998486965337489,0
participant_20240919122234_score_83_model_CH_8,reward_aware,2,R1-10,0,0.7474836481369194,0
participant_20240919122234_score_83_model_CH_8,reward_aware,3,R1-10,0,0.8931785897958823,0
participant_20240919122234_score_83_model_CH_8,reward_aware,4,R1-10,0,1.0,0
participant_20240919122234_score_83_model_CH_8,reward_aware,5,R1-10,0,0.7588368611429884,0
participant_20240919122234_score_83_model_CH_8,reward_aware,6,R1-10,0,0.8196281134384806,0
participant_20240919122234_score_83_model_CH_8,reward_aware,7,R1-10,0,0.7474836481369194,0
participant_20240919122234_score_83_model_CH_8,reward_aware,8,R1-10,0,0.9285002882355299,0
participant_20240919122234_score_83_model_CH_8,reward_aware,9,R1-10,0,0.6641745796022626,0
participant_20240919122234_score_83_model_CH_8,reward_aware,10,R1-10,0,1.0,0
participant_20240919122234_score_83_model_CH_8,reward_aware,11,R11-20,1,0.867718203409035,0
participant_20240919122234_score_83_model_CH_8,reward_aware,12,R11-20,1,0.6641745796022626,0
participant_20240919122234_score_83_model_CH_8,reward_aware,13,R11-20,1,0.7970513751300802,0
participant_20240919122234_score_83_model_CH_8,reward_aware,14,R11-20,1,1.0,0
participant_20240919122234_score_83_model_CH_8,reward_aware,15,R11-20,1,0.9110046293988926,0
participant_20240919122234_score_83_model_CH_8,reward_aware,16,R11-20,1,0.7659559817252628,0
participant_20240919122234_score_83_model_CH_8,reward_aware,17,R11-20,1,1.0,0
participant_20240919122234_score_83_model_CH_8,reward_aware,18,R11-20,1,0.7753632630892531,0
participant_20240919122234_score_83_model_CH_8,reward_aware,19,R11-20,1,0.7588368611429884,0
participant_20240919122234_score_83_model_CH_8,reward_aware,20,R11-20,1,0.7408188662847373,0
participant_20240919122234_score_83_model_CH_8,reward_aware,21,R21-30,2,0.6902705673814038,0
participant_20240919122234_score_83_model_CH_8,reward_aware,22,R21-30,2,0.747548573891677,0
participant_20240919122234_score_83_model_CH_8,reward_aware,23,R21-30,2,0.7032636112607754,0
participant_20240919122234_score_83_model_CH_8,reward_aware,24,R21-30,2,1.0,0
participant_20240919122234_score_83_model_CH_8,reward_aware,25,R21-30,2,0.7032636112607754,0
participant_20240919122234_score_83_model_CH_8,reward_aware,26,R21-30,2,0.6931312994407821,0
participant_20240919122234_score_83_model_CH_8,reward_aware,27,R21-30,2,0.7086626819551477,0
participant_20240919122234_score_83_model_CH_8,reward_aware,28,R21-30,2,0.7086626819551477,0
participant_20240919122234_score_83_model_CH_8,reward_aware,29,R21-30,2,0.8624836350949582,0
participant_20240919122234_score_83_model_CH_8,reward_aware,30,R21-30,2,0.8936729336471229,0
participant_20240919122234_score_83_model_CH_8,reward_aware,31,R31-40,3,0.8624836350949582,0
participant_20240919122234_score_83_model_CH_8,reward_aware,32,R31-40,3,1.0,0
participant_20240919122234_score_83_model_CH_8,reward_aware,33,R31-40,3,0.8479698199597265,0
participant_20240919122234_score_83_model_CH_8,reward_aware,34,R31-40,3,1.0,0
participant_20240919122234_score_83_model_CH_8,reward_aware,35,R31-40,3,0.8737079830036873,0
participant_20240919122234_score_83_model_CH_8,reward_aware,36,R31-40,3,0.8383656286043748,0
participant_20240919122234_score_83_model_CH_8,reward_aware,37,R31-40,3,0.8587087224276923,0
participant_20240919122234_score_83_model_CH_8,reward_aware,38,R31-40,3,1.0,0
participant_20240919122234_score_83_model_CH_8,reward_aware,39,R31-40,3,0.7555943211247286,0
participant_20240919122234_score_83_model_CH_8,reward_aware,40,R31-40,3,0.763418944216115,0
participant_20240919122502_score_85_model_CH_8,reward_aware,1,R1-10,0,0.7032636112607754,0
participant_20240919122502_score_85_model_CH_8,reward_aware,2,R1-10,0,1.0,0
participant_20240919122502_score_85_model_CH_8,reward_aware,3,R1-10,0,0.7146154680743207,0
participant_20240919122502_score_85_model_CH_8,reward_aware,4,R1-10,0,0.6641745796022626,0
participant_20240919122502_score_85_model_CH_8,reward_aware,5,R1-10,0,1.0,0
participant_20240919122502_score_85_model_CH_8,reward_aware,6,R1-10,0,1.0,0
participant_20240919122502_score_85_model_CH_8,reward_aware,7,R1-10,0,0.8276718880605415,0
participant_20240919122502_score_85_model_CH_8,reward_aware,8,R1-10,0,0.8883587640181702,0
participant_20240919122502_score_85_model_CH_8,reward_aware,9,R1-10,0,0.8524486301668717,0
participant_20240919122502_score_85_model_CH_8,reward_aware,10,R1-10,0,0.9333819151242844,0
participant_20240919122502_score_85_model_CH_8,reward_aware,11,R11-20,1,0.7663662685925342,0
participant_20240919122502_score_85_model_CH_8,reward_aware,12,R11-20,1,0.9888345255545178,0
participant_20240919122502_score_85_model_CH_8,reward_aware,13,R11-20,1,0.7434404647358629,0
participant_20240919122502_score_85_model_CH_8,reward_aware,14,R11-20,1,0.747548573891677,0
participant_20240919122502_score_85_model_CH_8,reward_aware,15,R11-20,1,0.9031407855190844,0
participant_20240919122502_score_85_model_CH_8,reward_aware,16,R11-20,1,0.7161822085908128,0
participant_20240919122502_score_85_model_CH_8,reward_aware,17,R11-20,1,0.9013668239240296,0
participant_20240919122502_score_85_model_CH_8,reward_aware,18,R11-20,1,0.7327467316052476,0
participant_20240919122502_score_85_model_CH_8,reward_aware,19,R11-20,1,0.7196357415826465,0
participant_20240919122502_score_85_model_CH_8,reward_aware,20,R11-20,1,0.660489479581293,0
participant_20240919122502_score_85_model_CH_8,reward_aware,21,R21-30,2,0.9703575306124926,0
participant_20240919122502_score_85_model_CH_8,reward_aware,22,R21-30,2,0.7899526862560722,0
participant_20240919122502_score_85_model_CH_8,reward_aware,23,R21-30,2,0.7056883914664764,0
participant_20240919122502_score_85_model_CH_8,reward_aware,24,R21-30,2,0.7108532201180573,0
participant_20240919122502_score_85_model_CH_8,reward_aware,25,R21-30,2,1.0,0
participant_20240919122502_score_85_model_CH_8,reward_aware,26,R21-30,2,0.7246364511805223,0
participant_20240919122502_score_85_model_CH_8,reward_aware,27,R21-30,2,1.0,0
participant_20240919122502_score_85_model_CH_8,reward_aware,28,R21-30,2,0.9468917289770902,0
participant_20240919122502_score_85_model_CH_8,reward_aware,29,R21-30,2,0.8409963592895642,0
participant_20240919122502_score_85_model_CH_8,reward_aware,30,R21-30,2,0.9237970227102731,0
participant_20240919122502_score_85_model_CH_8,reward_aware,31,R31-40,3,0.6882505152496765,0
participant_20240919122502_score_85_model_CH_8,reward_aware,32,R31-40,3,0.7196357415826465,0
participant_20240919122502_score_85_model_CH_8,reward_aware,33,R31-40,3,1.0,0
participant_20240919122502_score_85_model_CH_8,reward_aware,34,R31-40,3,1.0,0
participant_20240919122502_score_85_model_CH_8,reward_aware,35,R31-40,3,0.7026838568675319,0
participant_20240919122502_score_85_model_CH_8,reward_aware,36,R31-40,3,1.0,0
participant_20240919122502_score_85_model_CH_8,reward_aware,37,R31-40,3,1.0,0
participant_20240919122502_score_85_model_CH_8,reward_aware,38,R31-40,3,1.0,0
participant_20240919122502_score_85_model_CH_8,reward_aware,39,R31-40,3,1.0,0
participant_20240919122502_score_85_model_CH_8,reward_aware,40,R31-40,3,1.0,0
participant_20240919122518_score_90_model_CH_8,reward_aware,1,R1-10,0,0.9188646147520049,0
participant_20240919122518_score_90_model_CH_8,reward_aware,2,R1-10,0,0.7105443259768215,0
participant_20240919122518_score_90_model_CH_8,reward_aware,3,R1-10,0,1.0,0
participant_20240919122518_score_90_model_CH_8,reward_aware,4,R1-10,0,0.790205737828662,0
participant_20240919122518_score_90_model_CH_8,reward_aware,5,R1-10,0,1.0,0
participant_20240919122518_score_90_model_CH_8,reward_aware,6,R1-10,0,0.6731848395572337,0
participant_20240919122518_score_90_model_CH_8,reward_aware,7,R1-10,0,0.7724916245314318,0
participant_20240919122518_score_90_model_CH_8,reward_aware,8,R1-10,0,0.9986293035994896,0
participant_20240919122518_score_90_model_CH_8,reward_aware,9,R1-10,0,1.0,0
participant_20240919122518_score_90_model_CH_8,reward_aware,10,R1-10,0,0.8558948166605079,0
participant_20240919122518_score_90_model_CH_8,reward_aware,11,R11-20,1,1.0,0
participant_20240919122518_score_90_model_CH_8,reward_aware,12,R11-20,1,0.924676752087369,0
participant_20240919122518_score_90_model_CH_8,reward_aware,13,R11-20,1,0.870666974886284,0
participant_20240919122518_score_90_model_CH_8,reward_aware,14,R11-20,1,0.7420186074079257,0
participant_20240919122518_score_90_model_CH_8,reward_aware,15,R11-20,1,1.0,0
participant_20240919122518_score_90_model_CH_8,reward_aware,16,R11-20,1,0.6902705673814038,0
participant_20240919122518_score_90_model_CH_8,reward_aware,17,R11-20,1,1.0,0
participant_20240919122518_score_90_model_CH_8,reward_aware,18,R11-20,1,0.716081019399431,0
participant_20240919122518_score_90_model_CH_8,reward_aware,19,R11-20,1,0.9317931217291381,0
participant_20240919122518_score_90_model_CH_8,reward_aware,20,R11-20,1,1.0,0
participant_20240919122518_score_90_model_CH_8,reward_aware,21,R21-30,2,0.9188646147520049,0
participant_20240919122518_score_90_model_CH_8,reward_aware,22,R21-30,2,0.7839698313453046,0
participant_20240919122518_score_90_model_CH_8,reward_aware,23,R21-30,2,1.0,0
participant_20240919122518_score_90_model_CH_8,reward_aware,24,R21-30,2,0.7676124344694212,0
participant_20240919122518_score_90_model_CH_8,reward_aware,25,R21-30,2,0.8712138911077638,0
participant_20240919122518_score_90_model_CH_8,reward_aware,26,R21-30,2,0.9912766433928488,0
participant_20240919122518_score_90_model_CH_8,reward_aware,27,R21-30,2,1.0,0
participant_20240919122518_score_90_model_CH_8,reward_aware,28,R21-30,2,0.8529367212727008,0
participant_20240919122518_score_90_model_CH_8,reward_aware,29,R21-30,2,1.0,0
participant_20240919122518_score_90_model_CH_8,reward_aware,30,R21-30,2,1.0,0
participant_20240919122518_score_90_model_CH_8,reward_aware,31,R31-40,3,1.0,0
participant_20240919122518_score_90_model_CH_8,reward_aware,32,R31-40,3,1.0,0
participant_20240919122518_score_90_model_CH_8,reward_aware,33,R31-40,3,1.0,0
participant_20240919122518_score_90_model_CH_8,reward_aware,34,R31-40,3,1.0,0
participant_20240919122518_score_90_model_CH_8,reward_aware,35,R31-40,3,0.7229884663765911,0
participant_20240919122518_score_90_model_CH_8,reward_aware,36,R31-40,3,1.0,0
participant_20240919122518_score_90_model_CH_8,reward_aware,37,R31-40,3,1.0,0
participant_20240919122518_score_90_model_CH_8,reward_aware,38,R31-40,3,0.7401034916753303,0
participant_20240919122518_score_90_model_CH_8,reward_aware,39,R31-40,3,0.8892283404339156,0
participant_20240919122518_score_90_model_CH_8,reward_aware,40,R31-40,3,0.7371998463724356,0
participant_20240919122611_score_85_model_CH_8,reward_aware,1,R1-10,0,0.968574595780645,0
participant_20240919122611_score_85_model_CH_8,reward_aware,2,R1-10,0,0.8712138911077638,0
participant_20240919122611_score_85_model_CH_8,reward_aware,3,R1-10,0,0.9912766433928488,0
participant_20240919122611_score_85_model_CH_8,reward_aware,4,R1-10,0,1.0,0
participant_20240919122611_score_85_model_CH_8,reward_aware,5,R1-10,0,0.7463909703915956,0
participant_20240919122611_score_85_model_CH_8,reward_aware,6,R1-10,0,0.8181083031606017,0
participant_20240919122611_score_85_model_CH_8,reward_aware,7,R1-10,0,0.660489479581293,0
participant_20240919122611_score_85_model_CH_8,reward_aware,8,R1-10,0,1.0,0
participant_20240919122611_score_85_model_CH_8,reward_aware,9,R1-10,0,0.8263398943135098,0
participant_20240919122611_score_85_model_CH_8,reward_aware,10,R1-10,0,0.7899526862560722,0
participant_20240919122611_score_85_model_CH_8,reward_aware,11,R11-20,1,0.9409212503891795,0
participant_20240919122611_score_85_model_CH_8,reward_aware,12,R11-20,1,0.8874260859407329,0
participant_20240919122611_score_85_model_CH_8,reward_aware,13,R11-20,1,0.7732812943787448,0
participant_20240919122611_score_85_model_CH_8,reward_aware,14,R11-20,1,0.7839698313453046,0
participant_20240919122611_score_85_model_CH_8,reward_aware,15,R11-20,1,0.7721178290196543,0
participant_20240919122611_score_85_model_CH_8,reward_aware,16,R11-20,1,0.7718344017945931,0
participant_20240919122611_score_85_model_CH_8,reward_aware,17,R11-20,1,1.0,0
participant_20240919122611_score_85_model_CH_8,reward_aware,18,R11-20,1,0.8181083031606017,0
participant_20240919122611_score_85_model_CH_8,reward_aware,19,R11-20,1,0.9110046293988926,0
participant_20240919122611_score_85_model_CH_8,reward_aware,20,R11-20,1,1.0,0
participant_20240919122611_score_85_model_CH_8,reward_aware,21,R21-30,2,0.8263398943135098,0
participant_20240919122611_score_85_model_CH_8,reward_aware,22,R21-30,2,0.8263398943135098,0
participant_20240919122611_score_85_model_CH_8,reward_aware,23,R21-30,2,0.8181083031606017,0
participant_20240919122611_score_85_model_CH_8,reward_aware,24,R21-30,2,0.9420055155841807,0
participant_20240919122611_score_85_model_CH_8,reward_aware,25,R21-30,2,0.987917003770175,0
participant_20240919122611_score_85_model_CH_8,reward_aware,26,R21-30,2,0.7474836481369194,0
participant_20240919122611_score_85_model_CH_8,reward_aware,27,R21-30,2,0.7246142066856996,0
participant_20240919122611_score_85_model_CH_8,reward_aware,28,R21-30,2,0.764676134767421,0
participant_20240919122611_score_85_model_CH_8,reward_aware,29,R21-30,2,0.7929944901403722,0
participant_20240919122611_score_85_model_CH_8,reward_aware,30,R21-30,2,1.0,0
participant_20240919122611_score_85_model_CH_8,reward_aware,31,R31-40,3,0.7474836481369194,0
participant_20240919122611_score_85_model_CH_8,reward_aware,32,R31-40,3,0.7659559817252628,0
participant_20240919122611_score_85_model_CH_8,reward_aware,33,R31-40,3,0.7604820108648145,0
participant_20240919122611_score_85_model_CH_8,reward_aware,34,R31-40,3,0.7526180127529272,0
participant_20240919122611_score_85_model_CH_8,reward_aware,35,R31-40,3,0.7751864557403525,0
participant_20240919122611_score_85_model_CH_8,reward_aware,36,R31-40,3,1.0,0
participant_20240919122611_score_85_model_CH_8,reward_aware,37,R31-40,3,0.8499315569102126,0
participant_20240919122611_score_85_model_CH_8,reward_aware,38,R31-40,3,0.8499315569102126,0
participant_20240919122611_score_85_model_CH_8,reward_aware,39,R31-40,3,1.0,0
participant_20240919122611_score_85_model_CH_8,reward_aware,40,R31-40,3,0.8499315569102126,0
participant_20240919122717_score_84_model_CH_8,reward_aware,1,R1-10,0,0.8877601414489413,0
participant_20240919122717_score_84_model_CH_8,reward_aware,2,R1-10,0,0.6771002566401296,0
participant_20240919122717_score_84_model_CH_8,reward_aware,3,R1-10,0,0.8998486965337489,0
participant_20240919122717_score_84_model_CH_8,reward_aware,4,R1-10,0,0.8072323611097096,0
participant_20240919122717_score_84_model_CH_8,reward_aware,5,R1-10,0,0.8888773983995458,0
participant_20240919122717_score_84_model_CH_8,reward_aware,6,R1-10,0,0.8465394972863179,0
participant_20240919122717_score_84_model_CH_8,reward_aware,7,R1-10,0,0.8290866247204792,0
participant_20240919122717_score_84_model_CH_8,reward_aware,8,R1-10,0,0.783082176507216,0
participant_20240919122717_score_84_model_CH_8,reward_aware,9,R1-10,0,0.8167408274043763,0
participant_20240919122717_score_84_model_CH_8,reward_aware,10,R1-10,0,0.996968470494253,0
participant_20240919122717_score_84_model_CH_8,reward_aware,11,R11-20,1,0.9305303816309073,0
participant_20240919122717_score_84_model_CH_8,reward_aware,12,R11-20,1,0.9998652986560813,0
participant_20240919122717_score_84_model_CH_8,reward_aware,13,R11-20,1,0.6915820967861389,0
participant_20240919122717_score_84_model_CH_8,reward_aware,14,R11-20,1,0.7146154680743207,0
participant_20240919122717_score_84_model_CH_8,reward_aware,15,R11-20,1,0.7929944901403722,0
participant_20240919122717_score_84_model_CH_8,reward_aware,16,R11-20,1,0.8567948032078271,0
participant_20240919122717_score_84_model_CH_8,reward_aware,17,R11-20,1,0.9349034867231778,0
participant_20240919122717_score_84_model_CH_8,reward_aware,18,R11-20,1,0.8981911118802244,0
participant_20240919122717_score_84_model_CH_8,reward_aware,19,R11-20,1,0.9255125072784426,0
participant_20240919122717_score_84_model_CH_8,reward_aware,20,R11-20,1,0.6836476821684214,0
participant_20240919122717_score_84_model_CH_8,reward_aware,21,R21-30,2,0.7555943211247286,0
participant_20240919122717_score_84_model_CH_8,reward_aware,22,R21-30,2,0.7293515379829776,0
participant_20240919122717_score_84_model_CH_8,reward_aware,23,R21-30,2,1.0,0
participant_20240919122717_score_84_model_CH_8,reward_aware,24,R21-30,2,0.6931312994407821,0
participant_20240919122717_score_84_model_CH_8,reward_aware,25,R21-30,2,0.8858844552218906,0
participant_20240919122717_score_84_model_CH_8,reward_aware,26,R21-30,2,0.9169017336357373,0
participant_20240919122717_score_84_model_CH_8,reward_aware,27,R21-30,2,0.9420055155841807,0
participant_20240919122717_score_84_model_CH_8,reward_aware,28,R21-30,2,0.9014490565268635,0
participant_20240919122717_score_84_model_CH_8,reward_aware,29,R21-30,2,0.9014490565268635,0
participant_20240919122717_score_84_model_CH_8,reward_aware,30,R21-30,2,1.0,0
participant_20240919122717_score_84_model_CH_8,reward_aware,31,R31-40,3,1.0,0
participant_20240919122717_score_84_model_CH_8,reward_aware,32,R31-40,3,0.8877601414489413,0
participant_20240919122717_score_84_model_CH_8,reward_aware,33,R31-40,3,0.76161972523722,0
participant_20240919122717_score_84_model_CH_8,reward_aware,34,R31-40,3,1.0,0
participant_20240919122717_score_84_model_CH_8,reward_aware,35,R31-40,3,0.7811623933372714,0
participant_20240919122717_score_84_model_CH_8,reward_aware,36,R31-40,3,0.7371998463724356,0
participant_20240919122717_score_84_model_CH_8,reward_aware,37,R31-40,3,0.7608545826048688,0
participant_20240919122717_score_84_model_CH_8,reward_aware,38,R31-40,3,0.7266936683719593,0
participant_20240919122717_score_84_model_CH_8,reward_aware,39,R31-40,3,0.7420186074079257,0
participant_20240919122717_score_84_model_CH_8,reward_aware,40,R31-40,3,0.730882469884173,0
participant_20240919122742_score_83_model_CH_8,reward_aware,1,R1-10,0,0.7474836481369194,0
participant_20240919122742_score_83_model_CH_8,reward_aware,2,R1-10,0,0.8216919394759734,0
participant_20240919122742_score_83_model_CH_8,reward_aware,3,R1-10,0,1.0,0
participant_20240919122742_score_83_model_CH_8,reward_aware,4,R1-10,0,1.0,0
participant_20240919122742_score_83_model_CH_8,reward_aware,5,R1-10,0,0.8888773983995458,0
participant_20240919122742_score_83_model_CH_8,reward_aware,6,R1-10,0,0.7796354175694434,0
participant_20240919122742_score_83_model_CH_8,reward_aware,7,R1-10,0,0.6731848395572337,0
participant_20240919122742_score_83_model_CH_8,reward_aware,8,R1-10,0,0.957172904423699,0
participant_20240919122742_score_83_model_CH_8,reward_aware,9,R1-10,0,0.8614452728939741,0
participant_20240919122742_score_83_model_CH_8,reward_aware,10,R1-10,0,0.7496375562100419,0
participant_20240919122742_score_83_model_CH_8,reward_aware,11,R11-20,1,0.8387919911696736,0
participant_20240919122742_score_83_model_CH_8,reward_aware,12,R11-20,1,0.7209848604301851,0
participant_20240919122742_score_83_model_CH_8,reward_aware,13,R11-20,1,0.7408929672808149,0
participant_20240919122742_score_83_model_CH_8,reward_aware,14,R11-20,1,1.0,0
participant_20240919122742_score_83_model_CH_8,reward_aware,15,R11-20,1,0.9031407855190844,0
participant_20240919122742_score_83_model_CH_8,reward_aware,16,R11-20,1,0.7830096363112015,0
participant_20240919122742_score_83_model_CH_8,reward_aware,17,R11-20,1,0.8998486965337489,0
participant_20240919122742_score_83_model_CH_8,reward_aware,18,R11-20,1,1.0,0
participant_20240919122742_score_83_model_CH_8,reward_aware,19,R11-20,1,0.8688859799249337,0
participant_20240919122742_score_83_model_CH_8,reward_aware,20,R11-20,1,0.8640671591806364,0
participant_20240919122742_score_83_model_CH_8,reward_aware,21,R21-30,2,0.8431544801981704,0
participant_20240919122742_score_83_model_CH_8,reward_aware,22,R21-30,2,0.8431544801981704,0
participant_20240919122742_score_83_model_CH_8,reward_aware,23,R21-30,2,0.8431544801981704,0
participant_20240919122742_score_83_model_CH_8,reward_aware,24,R21-30,2,0.8431544801981704,0
participant_20240919122742_score_83_model_CH_8,reward_aware,25,R21-30,2,0.8860339068700156,0
participant_20240919122742_score_83_model_CH_8,reward_aware,26,R21-30,2,1.0,0
participant_20240919122742_score_83_model_CH_8,reward_aware,27,R21-30,2,0.9888345255545178,0
participant_20240919122742_score_83_model_CH_8,reward_aware,28,R21-30,2,0.7769398057219581,0
participant_20240919122742_score_83_model_CH_8,reward_aware,29,R21-30,2,1.0,0
participant_20240919122742_score_83_model_CH_8,reward_aware,30,R21-30,2,0.747548573891677,0
participant_20240919122742_score_83_model_CH_8,reward_aware,31,R31-40,3,0.7588368611429884,0
participant_20240919122742_score_83_model_CH_8,reward_aware,32,R31-40,3,0.7506551304571246,0
participant_20240919122742_score_83_model_CH_8,reward_aware,33,R31-40,3,0.7270917498057288,0
participant_20240919122742_score_83_model_CH_8,reward_aware,34,R31-40,3,0.7463909703915956,0
participant_20240919122742_score_83_model_CH_8,reward_aware,35,R31-40,3,0.8264435172317256,0
participant_20240919122742_score_83_model_CH_8,reward_aware,36,R31-40,3,0.7913906164154427,0
participant_20240919122742_score_83_model_CH_8,reward_aware,37,R31-40,3,0.7032636112607754,0
participant_20240919122742_score_83_model_CH_8,reward_aware,38,R31-40,3,0.7026838568675319,0
participant_20240919122742_score_83_model_CH_8,reward_aware,39,R31-40,3,0.6641745796022626,0
participant_20240919122742_score_83_model_CH_8,reward_aware,40,R31-40,3,0.7196357415826465,0
participant_20240919123000_score_88_model_CH_8,reward_aware,1,R1-10,0,1.0,0
participant_20240919123000_score_88_model_CH_8,reward_aware,2,R1-10,0,0.8344281417678685,0
participant_20240919123000_score_88_model_CH_8,reward_aware,3,R1-10,0,0.7681500380691781,0
participant_20240919123000_score_88_model_CH_8,reward_aware,4,R1-10,0,0.9059423146355836,0
participant_20240919123000_score_88_model_CH_8,reward_aware,5,R1-10,0,0.8057790707680249,0
participant_20240919123000_score_88_model_CH_8,reward_aware,6,R1-10,0,0.8244494471109604,0
participant_20240919123000_score_88_model_CH_8,reward_aware,7,R1-10,0,1.0,0
participant_20240919123000_score_88_model_CH_8,reward_aware,8,R1-10,0,0.8072323611097096,0
participant_20240919123000_score_88_model_CH_8,reward_aware,9,R1-10,0,0.9407812603322443,0
participant_20240919123000_score_88_model_CH_8,reward_aware,10,R1-10,0,0.969250010787975,0
participant_20240919123000_score_88_model_CH_8,reward_aware,11,R11-20,1,1.0,0
participant_20240919123000_score_88_model_CH_8,reward_aware,12,R11-20,1,1.0,0
participant_20240919123000_score_88_model_CH_8,reward_aware,13,R11-20,1,0.950826439792681,0
participant_20240919123000_score_88_model_CH_8,reward_aware,14,R11-20,1,0.7474836481369194,0
participant_20240919123000_score_88_model_CH_8,reward_aware,15,R11-20,1,0.7839698313453046,0
participant_20240919123000_score_88_model_CH_8,reward_aware,16,R11-20,1,0.7350565151780778,0
participant_20240919123000_score_88_model_CH_8,reward_aware,17,R11-20,1,0.9978289985781379,0
participant_20240919123000_score_88_model_CH_8,reward_aware,18,R11-20,1,1.0,0
participant_20240919123000_score_88_model_CH_8,reward_aware,19,R11-20,1,0.763418944216115,0
participant_20240919123000_score_88_model_CH_8,reward_aware,20,R11-20,1,0.7474836481369194,0
participant_20240919123000_score_88_model_CH_8,reward_aware,21,R21-30,2,0.7751864557403525,0
participant_20240919123000_score_88_model_CH_8,reward_aware,22,R21-30,2,0.8072323611097096,0
participant_20240919123000_score_88_model_CH_8,reward_aware,23,R21-30,2,0.8032851810948856,0
participant_20240919123000_score_88_model_CH_8,reward_aware,24,R21-30,2,0.7032636112607754,0
participant_20240919123000_score_88_model_CH_8,reward_aware,25,R21-30,2,0.8558948166605079,0
participant_20240919123000_score_88_model_CH_8,reward_aware,26,R21-30,2,0.8860339068700156,0
participant_20240919123000_score_88_model_CH_8,reward_aware,27,R21-30,2,1.0,0
participant_20240919123000_score_88_model_CH_8,reward_aware,28,R21-30,2,0.8387919911696736,0
participant_20240919123000_score_88_model_CH_8,reward_aware,29,R21-30,2,0.8216875598196213,0
participant_20240919123000_score_88_model_CH_8,reward_aware,30,R21-30,2,0.8529367212727008,0
participant_20240919123000_score_88_model_CH_8,reward_aware,31,R31-40,3,0.8509509013916015,0
participant_20240919123000_score_88_model_CH_8,reward_aware,32,R31-40,3,0.8465394972863179,0
participant_20240919123000_score_88_model_CH_8,reward_aware,33,R31-40,3,0.996968470494253,0
participant_20240919123000_score_88_model_CH_8,reward_aware,34,R31-40,3,0.9542951733395534,0
participant_20240919123000_score_88_model_CH_8,reward_aware,35,R31-40,3,1.0,0
participant_20240919123000_score_88_model_CH_8,reward_aware,36,R31-40,3,0.987917003770175,0
participant_20240919123000_score_88_model_CH_8,reward_aware,37,R31-40,3,0.979159131754882,0
participant_20240919123000_score_88_model_CH_8,reward_aware,38,R31-40,3,0.9571043113361117,0
participant_20240919123000_score_88_model_CH_8,reward_aware,39,R31-40,3,0.969250010787975,0
participant_20240919123000_score_88_model_CH_8,reward_aware,40,R31-40,3,0.9290590029868736,0
participant_20240919123237_score_82_model_CH_8,reward_aware,1,R1-10,0,0.792703423467886,0
participant_20240919123237_score_82_model_CH_8,reward_aware,2,R1-10,0,0.9220323365614134,0
participant_20240919123237_score_82_model_CH_8,reward_aware,3,R1-10,0,0.7913906164154427,0
participant_20240919123237_score_82_model_CH_8,reward_aware,4,R1-10,0,0.8383656286043748,0
participant_20240919123237_score_82_model_CH_8,reward_aware,5,R1-10,0,0.9319378474579764,0
participant_20240919123237_score_82_model_CH_8,reward_aware,6,R1-10,0,0.6731848395572337,0
participant_20240919123237_score_82_model_CH_8,reward_aware,7,R1-10,0,0.9305303816309073,0
participant_20240919123237_score_82_model_CH_8,reward_aware,8,R1-10,0,0.7753632630892531,0
participant_20240919123237_score_82_model_CH_8,reward_aware,9,R1-10,0,0.6931312994407821,0
participant_20240919123237_score_82_model_CH_8,reward_aware,10,R1-10,0,1.0,0
participant_20240919123237_score_82_model_CH_8,reward_aware,11,R11-20,1,0.9998652986560813,0
participant_20240919123237_score_82_model_CH_8,reward_aware,12,R11-20,1,0.9333819151242844,0
participant_20240919123237_score_82_model_CH_8,reward_aware,13,R11-20,1,0.957172904423699,0
participant_20240919123237_score_82_model_CH_8,reward_aware,14,R11-20,1,0.7196357415826465,0
participant_20240919123237_score_82_model_CH_8,reward_aware,15,R11-20,1,0.790205737828662,0
participant_20240919123237_score_82_model_CH_8,reward_aware,16,R11-20,1,0.7769398057219581,0
participant_20240919123237_score_82_model_CH_8,reward_aware,17,R11-20,1,0.804126580284453,0
participant_20240919123237_score_82_model_CH_8,reward_aware,18,R11-20,1,0.7860876894550209,0
participant_20240919123237_score_82_model_CH_8,reward_aware,19,R11-20,1,0.8216919394759734,0
participant_20240919123237_score_82_model_CH_8,reward_aware,20,R11-20,1,0.7860876894550209,0
participant_20240919123237_score_82_model_CH_8,reward_aware,21,R21-30,2,1.0,0
participant_20240919123237_score_82_model_CH_8,reward_aware,22,R21-30,2,0.7988770032552321,0
participant_20240919123237_score_82_model_CH_8,reward_aware,23,R21-30,2,0.8998486965337489,0
participant_20240919123237_score_82_model_CH_8,reward_aware,24,R21-30,2,0.6898979034756408,0
participant_20240919123237_score_82_model_CH_8,reward_aware,25,R21-30,2,0.7056883914664764,0
participant_20240919123237_score_82_model_CH_8,reward_aware,26,R21-30,2,0.7161822085908128,0
participant_20240919123237_score_82_model_CH_8,reward_aware,27,R21-30,2,0.7420186074079257,0
participant_20240919123237_score_82_model_CH_8,reward_aware,28,R21-30,2,0.6898979034756408,0
participant_20240919123237_score_82_model_CH_8,reward_aware,29,R21-30,2,0.6902705673814038,0
participant_20240919123237_score_82_model_CH_8,reward_aware,30,R21-30,2,0.660489479581293,0
participant_20240919123237_score_82_model_CH_8,reward_aware,31,R31-40,3,0.7170595500283735,0
participant_20240919123237_score_82_model_CH_8,reward_aware,32,R31-40,3,1.0,0
participant_20240919123237_score_82_model_CH_8,reward_aware,33,R31-40,3,0.7026838568675319,0
participant_20240919123237_score_82_model_CH_8,reward_aware,34,R31-40,3,0.6882505152496765,0
participant_20240919123237_score_82_model_CH_8,reward_aware,35,R31-40,3,0.7496375562100419,0
participant_20240919123237_score_82_model_CH_8,reward_aware,36,R31-40,3,0.9467734417316114,0
participant_20240919123237_score_82_model_CH_8,reward_aware,37,R31-40,3,1.0,0
participant_20240919123237_score_82_model_CH_8,reward_aware,38,R31-40,3,1.0,0
participant_20240919123237_score_82_model_CH_8,reward_aware,39,R31-40,3,0.9272753791385964,0
participant_20240919123237_score_82_model_CH_8,reward_aware,40,R31-40,3,0.9468917289770902,0
participant_20240919123423_score_86_model_CH_8,reward_aware,1,R1-10,0,0.7751864557403525,0
participant_20240919123423_score_86_model_CH_8,reward_aware,2,R1-10,0,1.0,0
participant_20240919123423_score_86_model_CH_8,reward_aware,3,R1-10,0,0.7659559817252628,0
participant_20240919123423_score_86_model_CH_8,reward_aware,4,R1-10,0,1.0,0
participant_20240919123423_score_86_model_CH_8,reward_aware,5,R1-10,0,0.8196281134384806,0
participant_20240919123423_score_86_model_CH_8,reward_aware,6,R1-10,0,0.783082176507216,0
participant_20240919123423_score_86_model_CH_8,reward_aware,7,R1-10,0,0.7463909703915956,0
participant_20240919123423_score_86_model_CH_8,reward_aware,8,R1-10,0,0.8152214364844128,0
participant_20240919123423_score_86_model_CH_8,reward_aware,9,R1-10,0,0.7732812943787448,0
participant_20240919123423_score_86_model_CH_8,reward_aware,10,R1-10,0,0.8592986259734982,0
participant_20240919123423_score_86_model_CH_8,reward_aware,11,R11-20,1,0.8874260859407329,0
participant_20240919123423_score_86_model_CH_8,reward_aware,12,R11-20,1,0.8558948166605079,0
participant_20240919123423_score_86_model_CH_8,reward_aware,13,R11-20,1,0.8808211061145502,0
participant_20240919123423_score_86_model_CH_8,reward_aware,14,R11-20,1,0.790205737828662,0
participant_20240919123423_score_86_model_CH_8,reward_aware,15,R11-20,1,0.9342911771630836,0
participant_20240919123423_score_86_model_CH_8,reward_aware,16,R11-20,1,0.979159131754882,0
participant_20240919123423_score_86_model_CH_8,reward_aware,17,R11-20,1,0.6771002566401296,0
participant_20240919123423_score_86_model_CH_8,reward_aware,18,R11-20,1,0.9995153079783533,0
participant_20240919123423_score_86_model_CH_8,reward_aware,19,R11-20,1,0.7280617114305422,0
participant_20240919123423_score_86_model_CH_8,reward_aware,20,R11-20,1,0.9421658846108498,0
participant_20240919123423_score_86_model_CH_8,reward_aware,21,R21-30,2,0.912720782094737,0
participant_20240919123423_score_86_model_CH_8,reward_aware,22,R21-30,2,0.8998486965337489,0
participant_20240919123423_score_86_model_CH_8,reward_aware,23,R21-30,2,0.9232678197757922,0
participant_20240919123423_score_86_model_CH_8,reward_aware,24,R21-30,2,0.7624388436884493,0
participant_20240919123423_score_86_model_CH_8,reward_aware,25,R21-30,2,0.7561067480566522,0
participant_20240919123423_score_86_model_CH_8,reward_aware,26,R21-30,2,0.9420055155841807,0
participant_20240919123423_score_86_model_CH_8,reward_aware,27,R21-30,2,0.790205737828662,0
participant_20240919123423_score_86_model_CH_8,reward_aware,28,R21-30,2,0.7906324229090286,0
participant_20240919123423_score_86_model_CH_8,reward_aware,29,R21-30,2,1.0,0
participant_20240919123423_score_86_model_CH_8,reward_aware,30,R21-30,2,0.825969591869597,0
participant_20240919123423_score_86_model_CH_8,reward_aware,31,R31-40,3,0.8186264657338148,0
participant_20240919123423_score_86_model_CH_8,reward_aware,32,R31-40,3,0.7965089078095315,0
participant_20240919123423_score_86_model_CH_8,reward_aware,33,R31-40,3,0.825123930431707,0
participant_20240919123423_score_86_model_CH_8,reward_aware,34,R31-40,3,1.0,0
participant_20240919123423_score_86_model_CH_8,reward_aware,35,R31-40,3,0.8387919911696736,0
participant_20240919123423_score_86_model_CH_8,reward_aware,36,R31-40,3,0.8688859799249337,0
participant_20240919123423_score_86_model_CH_8,reward_aware,37,R31-40,3,0.8660915059021297,0
participant_20240919123423_score_86_model_CH_8,reward_aware,38,R31-40,3,0.8587087224276923,0
participant_20240919123423_score_86_model_CH_8,reward_aware,39,R31-40,3,0.8874260859407329,0
participant_20240919123423_score_86_model_CH_8,reward_aware,40,R31-40,3,0.8342973656068825,0
participant_20240919123436_score_83_model_CH_8,reward_aware,1,R1-10,0,0.9005867493840697,0
participant_20240919123436_score_83_model_CH_8,reward_aware,2,R1-10,0,0.660489479581293,0
participant_20240919123436_score_83_model_CH_8,reward_aware,3,R1-10,0,0.8674527523859623,0
participant_20240919123436_score_83_model_CH_8,reward_aware,4,R1-10,0,0.8794166055435383,0
participant_20240919123436_score_83_model_CH_8,reward_aware,5,R1-10,0,0.764676134767421,0
participant_20240919123436_score_83_model_CH_8,reward_aware,6,R1-10,0,0.9571043113361117,0
participant_20240919123436_score_83_model_CH_8,reward_aware,7,R1-10,0,1.0,0
participant_20240919123436_score_83_model_CH_8,reward_aware,8,R1-10,0,0.9467734417316114,0
participant_20240919123436_score_83_model_CH_8,reward_aware,9,R1-10,0,1.0,0
participant_20240919123436_score_83_model_CH_8,reward_aware,10,R1-10,0,1.0,0
participant_20240919123436_score_83_model_CH_8,reward_aware,11,R11-20,1,0.8263398943135098,0
participant_20240919123436_score_83_model_CH_8,reward_aware,12,R11-20,1,0.6923627510464264,0
participant_20240919123436_score_83_model_CH_8,reward_aware,13,R11-20,1,0.6915820967861389,0
participant_20240919123436_score_83_model_CH_8,reward_aware,14,R11-20,1,0.8410679608843087,0
participant_20240919123436_score_83_model_CH_8,reward_aware,15,R11-20,1,0.7327467316052476,0
participant_20240919123436_score_83_model_CH_8,reward_aware,16,R11-20,1,0.7032636112607754,0
participant_20240919123436_score_83_model_CH_8,reward_aware,17,R11-20,1,0.9110470949910401,0
participant_20240919123436_score_83_model_CH_8,reward_aware,18,R11-20,1,0.8509509013916015,0
participant_20240919123436_score_83_model_CH_8,reward_aware,19,R11-20,1,0.763418944216115,0
participant_20240919123436_score_83_model_CH_8,reward_aware,20,R11-20,1,0.9273232033274932,0
participant_20240919123436_score_83_model_CH_8,reward_aware,21,R21-30,2,0.6902705673814038,0
participant_20240919123436_score_83_model_CH_8,reward_aware,22,R21-30,2,0.7663662685925342,0
participant_20240919123436_score_83_model_CH_8,reward_aware,23,R21-30,2,0.7830096363112015,0
participant_20240919123436_score_83_model_CH_8,reward_aware,24,R21-30,2,0.9121267443851159,0
participant_20240919123436_score_83_model_CH_8,reward_aware,25,R21-30,2,0.950826439792681,0
participant_20240919123436_score_83_model_CH_8,reward_aware,26,R21-30,2,0.7823217571225984,0
participant_20240919123436_score_83_model_CH_8,reward_aware,27,R21-30,2,0.9180845479001136,0
participant_20240919123436_score_83_model_CH_8,reward_aware,28,R21-30,2,1.0,0
participant_20240919123436_score_83_model_CH_8,reward_aware,29,R21-30,2,0.908924736759053,0
participant_20240919123436_score_83_model_CH_8,reward_aware,30,R21-30,2,0.9008409027920059,0
participant_20240919123436_score_83_model_CH_8,reward_aware,31,R31-40,3,0.909906421986742,0
participant_20240919123436_score_83_model_CH_8,reward_aware,32,R31-40,3,0.9159914846254522,0
participant_20240919123436_score_83_model_CH_8,reward_aware,33,R31-40,3,0.7319632630926197,0
participant_20240919123436_score_83_model_CH_8,reward_aware,34,R31-40,3,0.7166601722381106,0
participant_20240919123436_score_83_model_CH_8,reward_aware,35,R31-40,3,0.715956943664141,0
participant_20240919123436_score_83_model_CH_8,reward_aware,36,R31-40,3,0.7280617114305422,0
participant_20240919123436_score_83_model_CH_8,reward_aware,37,R31-40,3,0.6966552354196477,0
participant_20240919123436_score_83_model_CH_8,reward_aware,38,R31-40,3,0.7506551304571246,0
participant_20240919123436_score_83_model_CH_8,reward_aware,39,R31-40,3,0.7718344017945931,0
participant_20240919123436_score_83_model_CH_8,reward_aware,40,R31-40,3,0.7750338274830572,0
participant_20240919123515_score_89_model_CH_8,reward_aware,1,R1-10,0,0.8936729336471229,0
participant_20240919123515_score_89_model_CH_8,reward_aware,2,R1-10,0,0.7514149631846356,0
participant_20240919123515_score_89_model_CH_8,reward_aware,3,R1-10,0,1.0,0
participant_20240919123515_score_89_model_CH_8,reward_aware,4,R1-10,0,0.9233954292878119,0
participant_20240919123515_score_89_model_CH_8,reward_aware,5,R1-10,0,0.8453501798995957,0
participant_20240919123515_score_89_model_CH_8,reward_aware,6,R1-10,0,0.8877601414489413,0
participant_20240919123515_score_89_model_CH_8,reward_aware,7,R1-10,0,0.7906324229090286,0
participant_20240919123515_score_89_model_CH_8,reward_aware,8,R1-10,0,0.716081019399431,0
participant_20240919123515_score_89_model_CH_8,reward_aware,9,R1-10,0,0.8947089178250314,0
participant_20240919123515_score_89_model_CH_8,reward_aware,10,R1-10,0,0.7293515379829776,0
participant_20240919123515_score_89_model_CH_8,reward_aware,11,R11-20,1,0.7718344017945931,0
participant_20240919123515_score_89_model_CH_8,reward_aware,12,R11-20,1,0.7506551304571246,0
participant_20240919123515_score_89_model_CH_8,reward_aware,13,R11-20,1,0.9319378474579764,0
participant_20240919123515_score_89_model_CH_8,reward_aware,14,R11-20,1,0.969250010787975,0
participant_20240919123515_score_89_model_CH_8,reward_aware,15,R11-20,1,0.9235143022987434,0
participant_20240919123515_score_89_model_CH_8,reward_aware,16,R11-20,1,1.0,0
participant_20240919123515_score_89_model_CH_8,reward_aware,17,R11-20,1,0.8482509481246433,0
participant_20240919123515_score_89_model_CH_8,reward_aware,18,R11-20,1,0.8587087224276923,0
participant_20240919123515_score_89_model_CH_8,reward_aware,19,R11-20,1,0.804126580284453,0
participant_20240919123515_score_89_model_CH_8,reward_aware,20,R11-20,1,0.823920653378649,0
participant_20240919123515_score_89_model_CH_8,reward_aware,21,R21-30,2,1.0,0
participant_20240919123515_score_89_model_CH_8,reward_aware,22,R21-30,2,1.0,0
participant_20240919123515_score_89_model_CH_8,reward_aware,23,R21-30,2,0.8004792921829602,0
participant_20240919123515_score_89_model_CH_8,reward_aware,24,R21-30,2,1.0,0
participant_20240919123515_score_89_model_CH_8,reward_aware,25,R21-30,2,1.0,0
participant_20240919123515_score_89_model_CH_8,reward_aware,26,R21-30,2,0.7327467316052476,0
participant_20240919123515_score_89_model_CH_8,reward_aware,27,R21-30,2,0.7266936683719593,0
participant_20240919123515_score_89_model_CH_8,reward_aware,28,R21-30,2,1.0,0
participant_20240919123515_score_89_model_CH_8,reward_aware,29,R21-30,2,0.6953380603610795,0
participant_20240919123515_score_89_model_CH_8,reward_aware,30,R21-30,2,1.0,0
participant_20240919123515_score_89_model_CH_8,reward_aware,31,R31-40,3,1.0,0
participant_20240919123515_score_89_model_CH_8,reward_aware,32,R31-40,3,1.0,0
participant_20240919123515_score_89_model_CH_8,reward_aware,33,R31-40,3,0.6744251677108039,0
participant_20240919123515_score_89_model_CH_8,reward_aware,34,R31-40,3,1.0,0
participant_20240919123515_score_89_model_CH_8,reward_aware,35,R31-40,3,1.0,0
participant_20240919123515_score_89_model_CH_8,reward_aware,36,R31-40,3,1.0,0
participant_20240919123515_score_89_model_CH_8,reward_aware,37,R31-40,3,0.9235143022987434,0
participant_20240919123515_score_89_model_CH_8,reward_aware,38,R31-40,3,1.0,0
participant_20240919123515_score_89_model_CH_8,reward_aware,39,R31-40,3,1.0,0
participant_20240919123515_score_89_model_CH_8,reward_aware,40,R31-40,3,1.0,0
participant_20240919123524_score_90_model_CH_8,reward_aware,1,R1-10,0,0.7751864557403525,0
participant_20240919123524_score_90_model_CH_8,reward_aware,2,R1-10,0,0.9998652986560813,0
participant_20240919123524_score_90_model_CH_8,reward_aware,3,R1-10,0,1.0,0
participant_20240919123524_score_90_model_CH_8,reward_aware,4,R1-10,0,0.7474836481369194,0
participant_20240919123524_score_90_model_CH_8,reward_aware,5,R1-10,0,0.967407563920079,0
participant_20240919123524_score_90_model_CH_8,reward_aware,6,R1-10,0,0.877003797574989,0
participant_20240919123524_score_90_model_CH_8,reward_aware,7,R1-10,0,0.8712138911077638,0
participant_20240919123524_score_90_model_CH_8,reward_aware,8,R1-10,0,1.0,0
participant_20240919123524_score_90_model_CH_8,reward_aware,9,R1-10,0,0.8624836350949582,0
participant_20240919123524_score_90_model_CH_8,reward_aware,10,R1-10,0,0.6902705673814038,0
participant_20240919123524_score_90_model_CH_8,reward_aware,11,R11-20,1,0.8181083031606017,0
participant_20240919123524_score_90_model_CH_8,reward_aware,12,R11-20,1,0.7250401129646206,0
participant_20240919123524_score_90_model_CH_8,reward_aware,13,R11-20,1,1.0,0
participant_20240919123524_score_90_model_CH_8,reward_aware,14,R11-20,1,0.8458800401853241,0
participant_20240919123524_score_90_model_CH_8,reward_aware,15,R11-20,1,0.783082176507216,0
participant_20240919123524_score_90_model_CH_8,reward_aware,16,R11-20,1,1.0,0
participant_20240919123524_score_90_model_CH_8,reward_aware,17,R11-20,1,1.0,0
participant_20240919123524_score_90_model_CH_8,reward_aware,18,R11-20,1,0.8486102099546571,0
participant_20240919123524_score_90_model_CH_8,reward_aware,19,R11-20,1,0.7227816729601112,0
participant_20240919123524_score_90_model_CH_8,reward_aware,20,R11-20,1,1.0,0
participant_20240919123524_score_90_model_CH_8,reward_aware,21,R21-30,2,0.7800469121343763,0
participant_20240919123524_score_90_model_CH_8,reward_aware,22,R21-30,2,1.0,0
participant_20240919123524_score_90_model_CH_8,reward_aware,23,R21-30,2,1.0,0
participant_20240919123524_score_90_model_CH_8,reward_aware,24,R21-30,2,1.0,0
participant_20240919123524_score_90_model_CH_8,reward_aware,25,R21-30,2,1.0,0
participant_20240919123524_score_90_model_CH_8,reward_aware,26,R21-30,2,1.0,0
participant_20240919123524_score_90_model_CH_8,reward_aware,27,R21-30,2,1.0,0
participant_20240919123524_score_90_model_CH_8,reward_aware,28,R21-30,2,0.7327467316052476,0
participant_20240919123524_score_90_model_CH_8,reward_aware,29,R21-30,2,0.7934008409745341,0
participant_20240919123524_score_90_model_CH_8,reward_aware,30,R21-30,2,1.0,0
participant_20240919123524_score_90_model_CH_8,reward_aware,31,R31-40,3,0.7116496073529084,0
participant_20240919123524_score_90_model_CH_8,reward_aware,32,R31-40,3,1.0,0
participant_20240919123524_score_90_model_CH_8,reward_aware,33,R31-40,3,1.0,0
participant_20240919123524_score_90_model_CH_8,reward_aware,34,R31-40,3,1.0,0
participant_20240919123524_score_90_model_CH_8,reward_aware,35,R31-40,3,1.0,0
participant_20240919123524_score_90_model_CH_8,reward_aware,36,R31-40,3,0.7753632630892531,0
participant_20240919123524_score_90_model_CH_8,reward_aware,37,R31-40,3,0.7751864557403525,0
participant_20240919123524_score_90_model_CH_8,reward_aware,38,R31-40,3,0.9188646147520049,0
participant_20240919123524_score_90_model_CH_8,reward_aware,39,R31-40,3,1.0,0
participant_20240919123524_score_90_model_CH_8,reward_aware,40,R31-40,3,0.9247365077868469,0
participant_20240919123538_score_87_model_CH_8,reward_aware,1,R1-10,0,0.9202187951663459,0
participant_20240919123538_score_87_model_CH_8,reward_aware,2,R1-10,0,0.8882899809703187,0
participant_20240919123538_score_87_model_CH_8,reward_aware,3,R1-10,0,0.9245414826449,0
participant_20240919123538_score_87_model_CH_8,reward_aware,4,R1-10,0,0.7964893772577005,0
participant_20240919123538_score_87_model_CH_8,reward_aware,5,R1-10,0,1.0,0
participant_20240919123538_score_87_model_CH_8,reward_aware,6,R1-10,0,0.8032851810948856,0
participant_20240919123538_score_87_model_CH_8,reward_aware,7,R1-10,0,0.8167408274043763,0
participant_20240919123538_score_87_model_CH_8,reward_aware,8,R1-10,0,1.0,0
participant_20240919123538_score_87_model_CH_8,reward_aware,9,R1-10,0,0.9188646147520049,0
participant_20240919123538_score_87_model_CH_8,reward_aware,10,R1-10,0,0.8276718880605415,0
participant_20240919123538_score_87_model_CH_8,reward_aware,11,R11-20,1,1.0,0
participant_20240919123538_score_87_model_CH_8,reward_aware,12,R11-20,1,0.7688326519900406,0
participant_20240919123538_score_87_model_CH_8,reward_aware,13,R11-20,1,0.8883587640181702,0
participant_20240919123538_score_87_model_CH_8,reward_aware,14,R11-20,1,0.8453501798995957,0
participant_20240919123538_score_87_model_CH_8,reward_aware,15,R11-20,1,1.0,0
participant_20240919123538_score_87_model_CH_8,reward_aware,16,R11-20,1,0.8823020957623106,0
participant_20240919123538_score_87_model_CH_8,reward_aware,17,R11-20,1,0.7718344017945931,0
participant_20240919123538_score_87_model_CH_8,reward_aware,18,R11-20,1,1.0,0
participant_20240919123538_score_87_model_CH_8,reward_aware,19,R11-20,1,1.0,0
participant_20240919123538_score_87_model_CH_8,reward_aware,20,R11-20,1,1.0,0
participant_20240919123538_score_87_model_CH_8,reward_aware,21,R21-30,2,0.8493019068582665,0
participant_20240919123538_score_87_model_CH_8,reward_aware,22,R21-30,2,0.9245414826449,0
participant_20240919123538_score_87_model_CH_8,reward_aware,23,R21-30,2,0.8860339068700156,0
participant_20240919123538_score_87_model_CH_8,reward_aware,24,R21-30,2,0.870666974886284,0
participant_20240919123538_score_87_model_CH_8,reward_aware,25,R21-30,2,0.8905569354392453,0
participant_20240919123538_score_87_model_CH_8,reward_aware,26,R21-30,2,1.0,0
participant_20240919123538_score_87_model_CH_8,reward_aware,27,R21-30,2,1.0,0
participant_20240919123538_score_87_model_CH_8,reward_aware,28,R21-30,2,0.8529367212727008,0
participant_20240919123538_score_87_model_CH_8,reward_aware,29,R21-30,2,0.8482509481246433,0
participant_20240919123538_score_87_model_CH_8,reward_aware,30,R21-30,2,0.8486102099546571,0
participant_20240919123538_score_87_model_CH_8,reward_aware,31,R31-40,3,0.830385077821861,0
participant_20240919123538_score_87_model_CH_8,reward_aware,32,R31-40,3,0.9319378474579764,0
participant_20240919123538_score_87_model_CH_8,reward_aware,33,R31-40,3,0.8684315043662177,0
participant_20240919123538_score_87_model_CH_8,reward_aware,34,R31-40,3,0.867718203409035,0
participant_20240919123538_score_87_model_CH_8,reward_aware,35,R31-40,3,0.8479698199597265,0
participant_20240919123538_score_87_model_CH_8,reward_aware,36,R31-40,3,0.6836476821684214,0
participant_20240919123538_score_87_model_CH_8,reward_aware,37,R31-40,3,0.6771002566401296,0
participant_20240919123538_score_87_model_CH_8,reward_aware,38,R31-40,3,0.730882469884173,0
participant_20240919123538_score_87_model_CH_8,reward_aware,39,R31-40,3,0.7159584941688325,0
participant_20240919123538_score_87_model_CH_8,reward_aware,40,R31-40,3,0.6744251677108039,0
participant_20240919123740_score_80_model_CH_8,reward_aware,1,R1-10,0,0.8277509882927963,0
participant_20240919123740_score_80_model_CH_8,reward_aware,2,R1-10,0,0.9722616826110243,0
participant_20240919123740_score_80_model_CH_8,reward_aware,3,R1-10,0,0.7170365864802231,0
participant_20240919123740_score_80_model_CH_8,reward_aware,4,R1-10,0,0.9285002882355299,0
participant_20240919123740_score_80_model_CH_8,reward_aware,5,R1-10,0,1.0,0
participant_20240919123740_score_80_model_CH_8,reward_aware,6,R1-10,0,0.7032636112607754,0
participant_20240919123740_score_80_model_CH_8,reward_aware,7,R1-10,0,0.8244494471109604,0
participant_20240919123740_score_80_model_CH_8,reward_aware,8,R1-10,0,0.6641745796022626,0
participant_20240919123740_score_80_model_CH_8,reward_aware,9,R1-10,0,0.9242766218179177,0
participant_20240919123740_score_80_model_CH_8,reward_aware,10,R1-10,0,1.0,0
participant_20240919123740_score_80_model_CH_8,reward_aware,11,R11-20,1,0.8524486301668717,0
participant_20240919123740_score_80_model_CH_8,reward_aware,12,R11-20,1,0.8883587640181702,0
participant_20240919123740_score_80_model_CH_8,reward_aware,13,R11-20,1,1.0,0
participant_20240919123740_score_80_model_CH_8,reward_aware,14,R11-20,1,0.7350565151780778,0
participant_20240919123740_score_80_model_CH_8,reward_aware,15,R11-20,1,0.7751864557403525,0
participant_20240919123740_score_80_model_CH_8,reward_aware,16,R11-20,1,1.0,0
participant_20240919123740_score_80_model_CH_8,reward_aware,17,R11-20,1,0.8057790707680249,0
participant_20240919123740_score_80_model_CH_8,reward_aware,18,R11-20,1,1.0,0
participant_20240919123740_score_80_model_CH_8,reward_aware,19,R11-20,1,0.6953380603610795,0
participant_20240919123740_score_80_model_CH_8,reward_aware,20,R11-20,1,0.6902705673814038,0
participant_20240919123740_score_80_model_CH_8,reward_aware,21,R21-30,2,0.7161822085908128,0
participant_20240919123740_score_80_model_CH_8,reward_aware,22,R21-30,2,0.747548573891677,0
participant_20240919123740_score_80_model_CH_8,reward_aware,23,R21-30,2,0.8153872643652484,0
participant_20240919123740_score_80_model_CH_8,reward_aware,24,R21-30,2,0.7046746125749672,0
participant_20240919123740_score_80_model_CH_8,reward_aware,25,R21-30,2,0.9979589825917634,0
participant_20240919123740_score_80_model_CH_8,reward_aware,26,R21-30,2,0.7663662685925342,0
participant_20240919123740_score_80_model_CH_8,reward_aware,27,R21-30,2,0.7514149631846356,0
participant_20240919123740_score_80_model_CH_8,reward_aware,28,R21-30,2,0.8324977242656862,0
participant_20240919123740_score_80_model_CH_8,reward_aware,29,R21-30,2,0.7196357415826465,0
participant_20240919123740_score_80_model_CH_8,reward_aware,30,R21-30,2,0.6915820967861389,0
participant_20240919123740_score_80_model_CH_8,reward_aware,31,R31-40,3,0.7327467316052476,0
participant_20240919123740_score_80_model_CH_8,reward_aware,32,R31-40,3,0.7280617114305422,0
participant_20240919123740_score_80_model_CH_8,reward_aware,33,R31-40,3,0.7518403529348456,0
participant_20240919123740_score_80_model_CH_8,reward_aware,34,R31-40,3,0.660489479581293,0
participant_20240919123740_score_80_model_CH_8,reward_aware,35,R31-40,3,0.7116496073529084,0
participant_20240919123740_score_80_model_CH_8,reward_aware,36,R31-40,3,0.9564354950325941,0
participant_20240919123740_score_80_model_CH_8,reward_aware,37,R31-40,3,0.7327467316052476,0
participant_20240919123740_score_80_model_CH_8,reward_aware,38,R31-40,3,0.6898979034756408,0
participant_20240919123740_score_80_model_CH_8,reward_aware,39,R31-40,3,0.7266936683719593,0
participant_20240919123740_score_80_model_CH_8,reward_aware,40,R31-40,3,0.7108532201180573,0
participant_20240919123833_score_82_model_CH_8,reward_aware,1,R1-10,0,0.811927421190059,0
participant_20240919123833_score_82_model_CH_8,reward_aware,2,R1-10,0,0.9008409027920059,0
participant_20240919123833_score_82_model_CH_8,reward_aware,3,R1-10,0,0.8004792921829602,0
participant_20240919123833_score_82_model_CH_8,reward_aware,4,R1-10,0,0.7046746125749672,0
participant_20240919123833_score_82_model_CH_8,reward_aware,5,R1-10,0,0.6931312994407821,0
participant_20240919123833_score_82_model_CH_8,reward_aware,6,R1-10,0,0.9719004692131089,0
participant_20240919123833_score_82_model_CH_8,reward_aware,7,R1-10,0,0.7158314461703591,0
participant_20240919123833_score_82_model_CH_8,reward_aware,8,R1-10,0,0.9542951733395534,0
participant_20240919123833_score_82_model_CH_8,reward_aware,9,R1-10,0,1.0,0
participant_20240919123833_score_82_model_CH_8,reward_aware,10,R1-10,0,0.8627959888079795,0
participant_20240919123833_score_82_model_CH_8,reward_aware,11,R11-20,1,0.7146154680743207,0
participant_20240919123833_score_82_model_CH_8,reward_aware,12,R11-20,1,1.0,0
participant_20240919123833_score_82_model_CH_8,reward_aware,13,R11-20,1,0.8583462010904073,0
participant_20240919123833_score_82_model_CH_8,reward_aware,14,R11-20,1,0.7913906164154427,0
participant_20240919123833_score_82_model_CH_8,reward_aware,15,R11-20,1,1.0,0
participant_20240919123833_score_82_model_CH_8,reward_aware,16,R11-20,1,0.8700255746641223,0
participant_20240919123833_score_82_model_CH_8,reward_aware,17,R11-20,1,0.804126580284453,0
participant_20240919123833_score_82_model_CH_8,reward_aware,18,R11-20,1,0.790205737828662,0
participant_20240919123833_score_82_model_CH_8,reward_aware,19,R11-20,1,0.7975006112483117,0
participant_20240919123833_score_82_model_CH_8,reward_aware,20,R11-20,1,0.7105443259768215,0
participant_20240919123833_score_82_model_CH_8,reward_aware,21,R21-30,2,0.6898979034756408,0
participant_20240919123833_score_82_model_CH_8,reward_aware,22,R21-30,2,1.0,0
participant_20240919123833_score_82_model_CH_8,reward_aware,23,R21-30,2,0.6757115099411358,0
participant_20240919123833_score_82_model_CH_8,reward_aware,24,R21-30,2,0.8592986259734982,0
participant_20240919123833_score_82_model_CH_8,reward_aware,25,R21-30,2,0.8674527523859623,0
participant_20240919123833_score_82_model_CH_8,reward_aware,26,R21-30,2,0.8671900788225421,0
participant_20240919123833_score_82_model_CH_8,reward_aware,27,R21-30,2,0.7209848604301851,0
participant_20240919123833_score_82_model_CH_8,reward_aware,28,R21-30,2,0.6898979034756408,0
participant_20240919123833_score_82_model_CH_8,reward_aware,29,R21-30,2,0.7228749556757555,0
participant_20240919123833_score_82_model_CH_8,reward_aware,30,R21-30,2,0.7718344017945931,0
participant_20240919123833_score_82_model_CH_8,reward_aware,31,R31-40,3,0.7724916245314318,0
participant_20240919123833_score_82_model_CH_8,reward_aware,32,R31-40,3,0.7977734541860728,0
participant_20240919123833_score_82_model_CH_8,reward_aware,33,R31-40,3,0.7408929672808149,0
participant_20240919123833_score_82_model_CH_8,reward_aware,34,R31-40,3,1.0,0
participant_20240919123833_score_82_model_CH_8,reward_aware,35,R31-40,3,0.7799410887105677,0
participant_20240919123833_score_82_model_CH_8,reward_aware,36,R31-40,3,0.7228749556757555,0
participant_20240919123833_score_82_model_CH_8,reward_aware,37,R31-40,3,0.7578955602478362,0
participant_20240919123833_score_82_model_CH_8,reward_aware,38,R31-40,3,1.0,0
participant_20240919123833_score_82_model_CH_8,reward_aware,39,R31-40,3,0.7811623933372714,0
participant_20240919123833_score_82_model_CH_8,reward_aware,40,R31-40,3,0.967407563920079,0
participant_20240919123921_score_87_model_CH_8,reward_aware,1,R1-10,0,0.7235310362867602,0
participant_20240919123921_score_87_model_CH_8,reward_aware,2,R1-10,0,0.8737079830036873,0
participant_20240919123921_score_87_model_CH_8,reward_aware,3,R1-10,0,0.7086626819551477,0
participant_20240919123921_score_87_model_CH_8,reward_aware,4,R1-10,0,0.8186264657338148,0
participant_20240919123921_score_87_model_CH_8,reward_aware,5,R1-10,0,0.9012606575088591,0
participant_20240919123921_score_87_model_CH_8,reward_aware,6,R1-10,0,0.7624388436884493,0
participant_20240919123921_score_87_model_CH_8,reward_aware,7,R1-10,0,0.9225229246147506,0
participant_20240919123921_score_87_model_CH_8,reward_aware,8,R1-10,0,0.7496375562100419,0
participant_20240919123921_score_87_model_CH_8,reward_aware,9,R1-10,0,1.0,0
participant_20240919123921_score_87_model_CH_8,reward_aware,10,R1-10,0,0.8737079830036873,0
participant_20240919123921_score_87_model_CH_8,reward_aware,11,R11-20,1,1.0,0
participant_20240919123921_score_87_model_CH_8,reward_aware,12,R11-20,1,0.8488540896655354,0
participant_20240919123921_score_87_model_CH_8,reward_aware,13,R11-20,1,0.8488540896655354,0
participant_20240919123921_score_87_model_CH_8,reward_aware,14,R11-20,1,0.8700255746641223,0
participant_20240919123921_score_87_model_CH_8,reward_aware,15,R11-20,1,1.0,0
participant_20240919123921_score_87_model_CH_8,reward_aware,16,R11-20,1,0.8889864624255626,0
participant_20240919123921_score_87_model_CH_8,reward_aware,17,R11-20,1,0.7280617114305422,0
participant_20240919123921_score_87_model_CH_8,reward_aware,18,R11-20,1,0.7664087480288925,0
participant_20240919123921_score_87_model_CH_8,reward_aware,19,R11-20,1,0.7570035199568376,0
participant_20240919123921_score_87_model_CH_8,reward_aware,20,R11-20,1,1.0,0
participant_20240919123921_score_87_model_CH_8,reward_aware,21,R21-30,2,0.8919839214544135,0
participant_20240919123921_score_87_model_CH_8,reward_aware,22,R21-30,2,0.9722616826110243,0
participant_20240919123921_score_87_model_CH_8,reward_aware,23,R21-30,2,1.0,0
participant_20240919123921_score_87_model_CH_8,reward_aware,24,R21-30,2,0.7796354175694434,0
participant_20240919123921_score_87_model_CH_8,reward_aware,25,R21-30,2,0.9986293035994896,0
participant_20240919123921_score_87_model_CH_8,reward_aware,26,R21-30,2,1.0,0
participant_20240919123921_score_87_model_CH_8,reward_aware,27,R21-30,2,1.0,0
participant_20240919123921_score_87_model_CH_8,reward_aware,28,R21-30,2,0.8069928662894843,0
participant_20240919123921_score_87_model_CH_8,reward_aware,29,R21-30,2,0.7970513751300802,0
participant_20240919123921_score_87_model_CH_8,reward_aware,30,R21-30,2,1.0,0
participant_20240919123921_score_87_model_CH_8,reward_aware,31,R31-40,3,0.8195567687485734,0
participant_20240919123921_score_87_model_CH_8,reward_aware,32,R31-40,3,1.0,0
participant_20240919123921_score_87_model_CH_8,reward_aware,33,R31-40,3,1.0,0
participant_20240919123921_score_87_model_CH_8,reward_aware,34,R31-40,3,0.8919839214544135,0
participant_20240919123921_score_87_model_CH_8,reward_aware,35,R31-40,3,0.8936729336471229,0
participant_20240919123921_score_87_model_CH_8,reward_aware,36,R31-40,3,1.0,0
participant_20240919123921_score_87_model_CH_8,reward_aware,37,R31-40,3,0.7460912872597597,0
participant_20240919123921_score_87_model_CH_8,reward_aware,38,R31-40,3,0.6693102550214488,0
participant_20240919123921_score_87_model_CH_8,reward_aware,39,R31-40,3,0.9110470949910401,0
participant_20240919123921_score_87_model_CH_8,reward_aware,40,R31-40,3,0.7496375562100419,0
participant_20240919123957_score_85_model_CH_8,reward_aware,1,R1-10,0,0.9345428474755691,0
participant_20240919123957_score_85_model_CH_8,reward_aware,2,R1-10,0,0.925238632325057,0
participant_20240919123957_score_85_model_CH_8,reward_aware,3,R1-10,0,0.6744251677108039,0
participant_20240919123957_score_85_model_CH_8,reward_aware,4,R1-10,0,0.9159914846254522,0
participant_20240919123957_score_85_model_CH_8,reward_aware,5,R1-10,0,1.0,0
participant_20240919123957_score_85_model_CH_8,reward_aware,6,R1-10,0,0.8592986259734982,0
participant_20240919123957_score_85_model_CH_8,reward_aware,7,R1-10,0,1.0,0
participant_20240919123957_score_85_model_CH_8,reward_aware,8,R1-10,0,0.7965089078095315,0
participant_20240919123957_score_85_model_CH_8,reward_aware,9,R1-10,0,0.9272753791385964,0
participant_20240919123957_score_85_model_CH_8,reward_aware,10,R1-10,0,1.0,0
participant_20240919123957_score_85_model_CH_8,reward_aware,11,R11-20,1,0.7953392328625013,0
participant_20240919123957_score_85_model_CH_8,reward_aware,12,R11-20,1,0.9232678197757922,0
participant_20240919123957_score_85_model_CH_8,reward_aware,13,R11-20,1,0.6997780632351185,0
participant_20240919123957_score_85_model_CH_8,reward_aware,14,R11-20,1,0.7408188662847373,0
participant_20240919123957_score_85_model_CH_8,reward_aware,15,R11-20,1,0.6900055650694107,0
participant_20240919123957_score_85_model_CH_8,reward_aware,16,R11-20,1,0.716081019399431,0
participant_20240919123957_score_85_model_CH_8,reward_aware,17,R11-20,1,0.7146154680743207,0
participant_20240919123957_score_85_model_CH_8,reward_aware,18,R11-20,1,1.0,0
participant_20240919123957_score_85_model_CH_8,reward_aware,19,R11-20,1,0.7496375562100419,0
participant_20240919123957_score_85_model_CH_8,reward_aware,20,R11-20,1,0.7350565151780778,0
participant_20240919123957_score_85_model_CH_8,reward_aware,21,R21-30,2,0.7196357415826465,0
participant_20240919123957_score_85_model_CH_8,reward_aware,22,R21-30,2,0.9888345255545178,0
participant_20240919123957_score_85_model_CH_8,reward_aware,23,R21-30,2,0.9998652986560813,0
participant_20240919123957_score_85_model_CH_8,reward_aware,24,R21-30,2,0.8499840277639364,0
participant_20240919123957_score_85_model_CH_8,reward_aware,25,R21-30,2,0.8700255746641223,0
participant_20240919123957_score_85_model_CH_8,reward_aware,26,R21-30,2,0.8163115530549508,0
participant_20240919123957_score_85_model_CH_8,reward_aware,27,R21-30,2,0.8032851810948856,0
participant_20240919123957_score_85_model_CH_8,reward_aware,28,R21-30,2,1.0,0
participant_20240919123957_score_85_model_CH_8,reward_aware,29,R21-30,2,0.8264435172317256,0
participant_20240919123957_score_85_model_CH_8,reward_aware,30,R21-30,2,1.0,0
participant_20240919123957_score_85_model_CH_8,reward_aware,31,R31-40,3,0.6733927401131938,0
participant_20240919123957_score_85_model_CH_8,reward_aware,32,R31-40,3,0.7223559177116307,0
participant_20240919123957_score_85_model_CH_8,reward_aware,33,R31-40,3,0.747548573891677,0
participant_20240919123957_score_85_model_CH_8,reward_aware,34,R31-40,3,0.7420186074079257,0
participant_20240919123957_score_85_model_CH_8,reward_aware,35,R31-40,3,0.7277382707564203,0
participant_20240919123957_score_85_model_CH_8,reward_aware,36,R31-40,3,1.0,0
participant_20240919123957_score_85_model_CH_8,reward_aware,37,R31-40,3,0.8998486965337489,0
participant_20240919123957_score_85_model_CH_8,reward_aware,38,R31-40,3,1.0,0
participant_20240919123957_score_85_model_CH_8,reward_aware,39,R31-40,3,0.9031407855190844,0
participant_20240919123957_score_85_model_CH_8,reward_aware,40,R31-40,3,0.9455938089195228,0
participant_20240919124021_score_84_model_CH_8,reward_aware,1,R1-10,0,0.8085467339234091,0
participant_20240919124021_score_84_model_CH_8,reward_aware,2,R1-10,0,0.7676124344694212,0
participant_20240919124021_score_84_model_CH_8,reward_aware,3,R1-10,0,1.0,0
participant_20240919124021_score_84_model_CH_8,reward_aware,4,R1-10,0,0.901268890485686,0
participant_20240919124021_score_84_model_CH_8,reward_aware,5,R1-10,0,0.7720794887726588,0
participant_20240919124021_score_84_model_CH_8,reward_aware,6,R1-10,0,0.7463909703915956,0
participant_20240919124021_score_84_model_CH_8,reward_aware,7,R1-10,0,0.987917003770175,0
participant_20240919124021_score_84_model_CH_8,reward_aware,8,R1-10,0,0.9386398617289454,0
participant_20240919124021_score_84_model_CH_8,reward_aware,9,R1-10,0,1.0,0
participant_20240919124021_score_84_model_CH_8,reward_aware,10,R1-10,0,0.8579671605030917,0
participant_20240919124021_score_84_model_CH_8,reward_aware,11,R11-20,1,0.6730743181198805,0
participant_20240919124021_score_84_model_CH_8,reward_aware,12,R11-20,1,0.6730743181198805,0
participant_20240919124021_score_84_model_CH_8,reward_aware,13,R11-20,1,0.9564712180674274,0
participant_20240919124021_score_84_model_CH_8,reward_aware,14,R11-20,1,0.7246142066856996,0
participant_20240919124021_score_84_model_CH_8,reward_aware,15,R11-20,1,0.8860339068700156,0
participant_20240919124021_score_84_model_CH_8,reward_aware,16,R11-20,1,0.7624388436884493,0
participant_20240919124021_score_84_model_CH_8,reward_aware,17,R11-20,1,1.0,0
participant_20240919124021_score_84_model_CH_8,reward_aware,18,R11-20,1,0.9015293218965127,0
participant_20240919124021_score_84_model_CH_8,reward_aware,19,R11-20,1,0.830385077821861,0
participant_20240919124021_score_84_model_CH_8,reward_aware,20,R11-20,1,0.8465394972863179,0
participant_20240919124021_score_84_model_CH_8,reward_aware,21,R21-30,2,0.7604820108648145,0
participant_20240919124021_score_84_model_CH_8,reward_aware,22,R21-30,2,0.7086626819551477,0
participant_20240919124021_score_84_model_CH_8,reward_aware,23,R21-30,2,0.7105443259768215,0
participant_20240919124021_score_84_model_CH_8,reward_aware,24,R21-30,2,0.6997780632351185,0
participant_20240919124021_score_84_model_CH_8,reward_aware,25,R21-30,2,0.8794166055435383,0
participant_20240919124021_score_84_model_CH_8,reward_aware,26,R21-30,2,0.9255125072784426,0
participant_20240919124021_score_84_model_CH_8,reward_aware,27,R21-30,2,0.8375001976900155,0
participant_20240919124021_score_84_model_CH_8,reward_aware,28,R21-30,2,0.8027957148394818,0
participant_20240919124021_score_84_model_CH_8,reward_aware,29,R21-30,2,0.8277509882927963,0
participant_20240919124021_score_84_model_CH_8,reward_aware,30,R21-30,2,0.7739018068538231,0
participant_20240919124021_score_84_model_CH_8,reward_aware,31,R31-40,3,0.7964893772577005,0
participant_20240919124021_score_84_model_CH_8,reward_aware,32,R31-40,3,1.0,0
participant_20240919124021_score_84_model_CH_8,reward_aware,33,R31-40,3,0.8196281134384806,0
participant_20240919124021_score_84_model_CH_8,reward_aware,34,R31-40,3,1.0,0
participant_20240919124021_score_84_model_CH_8,reward_aware,35,R31-40,3,1.0,0
participant_20240919124021_score_84_model_CH_8,reward_aware,36,R31-40,3,0.825969591869597,0
participant_20240919124021_score_84_model_CH_8,reward_aware,37,R31-40,3,0.7032636112607754,0
participant_20240919124021_score_84_model_CH_8,reward_aware,38,R31-40,3,0.7105065145184509,0
participant_20240919124021_score_84_model_CH_8,reward_aware,39,R31-40,3,0.715956943664141,0
participant_20240919124021_score_84_model_CH_8,reward_aware,40,R31-40,3,1.0,0
participant_20240919124102_score_81_model_CH_8,reward_aware,1,R1-10,0,0.9542951733395534,0
participant_20240919124102_score_81_model_CH_8,reward_aware,2,R1-10,0,0.7189933017102474,0
participant_20240919124102_score_81_model_CH_8,reward_aware,3,R1-10,0,1.0,0
participant_20240919124102_score_81_model_CH_8,reward_aware,4,R1-10,0,0.6902705673814038,0
participant_20240919124102_score_81_model_CH_8,reward_aware,5,R1-10,0,0.747548573891677,0
participant_20240919124102_score_81_model_CH_8,reward_aware,6,R1-10,0,0.8486102099546571,0
participant_20240919124102_score_81_model_CH_8,reward_aware,7,R1-10,0,1.0,0
participant_20240919124102_score_81_model_CH_8,reward_aware,8,R1-10,0,0.6915820967861389,0
participant_20240919124102_score_81_model_CH_8,reward_aware,9,R1-10,0,0.7769398057219581,0
participant_20240919124102_score_81_model_CH_8,reward_aware,10,R1-10,0,0.9527301388651037,0
participant_20240919124102_score_81_model_CH_8,reward_aware,11,R11-20,1,1.0,0
participant_20240919124102_score_81_model_CH_8,reward_aware,12,R11-20,1,0.7428672153337258,0
participant_20240919124102_score_81_model_CH_8,reward_aware,13,R11-20,1,0.9249110626793389,0
participant_20240919124102_score_81_model_CH_8,reward_aware,14,R11-20,1,0.792703423467886,0
participant_20240919124102_score_81_model_CH_8,reward_aware,15,R11-20,1,0.7266936683719593,0
participant_20240919124102_score_81_model_CH_8,reward_aware,16,R11-20,1,0.8874260859407329,0
participant_20240919124102_score_81_model_CH_8,reward_aware,17,R11-20,1,0.7128927266150645,0
participant_20240919124102_score_81_model_CH_8,reward_aware,18,R11-20,1,0.6820448798373955,0
participant_20240919124102_score_81_model_CH_8,reward_aware,19,R11-20,1,0.6931312994407821,0
participant_20240919124102_score_81_model_CH_8,reward_aware,20,R11-20,1,0.7057855091774742,0
participant_20240919124102_score_81_model_CH_8,reward_aware,21,R21-30,2,1.0,0
participant_20240919124102_score_81_model_CH_8,reward_aware,22,R21-30,2,0.9242766218179177,0
participant_20240919124102_score_81_model_CH_8,reward_aware,23,R21-30,2,0.7108532201180573,0
participant_20240919124102_score_81_model_CH_8,reward_aware,24,R21-30,2,0.7166601722381106,0
participant_20240919124102_score_81_model_CH_8,reward_aware,25,R21-30,2,0.9746991211668681,0
participant_20240919124102_score_81_model_CH_8,reward_aware,26,R21-30,2,0.9998652986560813,0
participant_20240919124102_score_81_model_CH_8,reward_aware,27,R21-30,2,0.9979589825917634,0
participant_20240919124102_score_81_model_CH_8,reward_aware,28,R21-30,2,0.9623997937416725,0
participant_20240919124102_score_81_model_CH_8,reward_aware,29,R21-30,2,0.7056883914664764,0
participant_20240919124102_score_81_model_CH_8,reward_aware,30,R21-30,2,0.7086626819551477,0
participant_20240919124102_score_81_model_CH_8,reward_aware,31,R31-40,3,1.0,0
participant_20240919124102_score_81_model_CH_8,reward_aware,32,R31-40,3,0.7161822085908128,0
participant_20240919124102_score_81_model_CH_8,reward_aware,33,R31-40,3,0.7161822085908128,0
participant_20240919124102_score_81_model_CH_8,reward_aware,34,R31-40,3,0.7196357415826465,0
participant_20240919124102_score_81_model_CH_8,reward_aware,35,R31-40,3,0.7266936683719593,0
participant_20240919124102_score_81_model_CH_8,reward_aware,36,R31-40,3,0.7158314461703591,0
participant_20240919124102_score_81_model_CH_8,reward_aware,37,R31-40,3,0.7408188662847373,0
participant_20240919124102_score_81_model_CH_8,reward_aware,38,R31-40,3,0.7146154680743207,0
participant_20240919124102_score_81_model_CH_8,reward_aware,39,R31-40,3,0.6966552354196477,0
participant_20240919124102_score_81_model_CH_8,reward_aware,40,R31-40,3,0.7046746125749672,0
participant_20240919124237_score_84_model_CH_8,reward_aware,1,R1-10,0,0.9345428474755691,0
participant_20240919124237_score_84_model_CH_8,reward_aware,2,R1-10,0,0.8479698199597265,0
participant_20240919124237_score_84_model_CH_8,reward_aware,3,R1-10,0,0.8076884111080397,0
participant_20240919124237_score_84_model_CH_8,reward_aware,4,R1-10,0,0.7608545826048688,0
participant_20240919124237_score_84_model_CH_8,reward_aware,5,R1-10,0,0.8931785897958823,0
participant_20240919124237_score_84_model_CH_8,reward_aware,6,R1-10,0,1.0,0
participant_20240919124237_score_84_model_CH_8,reward_aware,7,R1-10,0,0.7209848604301851,0
participant_20240919124237_score_84_model_CH_8,reward_aware,8,R1-10,0,0.7086626819551477,0
participant_20240919124237_score_84_model_CH_8,reward_aware,9,R1-10,0,0.9978289985781379,0
participant_20240919124237_score_84_model_CH_8,reward_aware,10,R1-10,0,0.7646914286088082,0
participant_20240919124237_score_84_model_CH_8,reward_aware,11,R11-20,1,1.0,0
participant_20240919124237_score_84_model_CH_8,reward_aware,12,R11-20,1,0.9289496688505663,0
participant_20240919124237_score_84_model_CH_8,reward_aware,13,R11-20,1,0.8324977242656862,0
participant_20240919124237_score_84_model_CH_8,reward_aware,14,R11-20,1,0.7474836481369194,0
participant_20240919124237_score_84_model_CH_8,reward_aware,15,R11-20,1,0.7146154680743207,0
participant_20240919124237_score_84_model_CH_8,reward_aware,16,R11-20,1,0.7659559817252628,0
participant_20240919124237_score_84_model_CH_8,reward_aware,17,R11-20,1,0.8458800401853241,0
participant_20240919124237_score_84_model_CH_8,reward_aware,18,R11-20,1,0.7750338274830572,0
participant_20240919124237_score_84_model_CH_8,reward_aware,19,R11-20,1,0.7860876894550209,0
participant_20240919124237_score_84_model_CH_8,reward_aware,20,R11-20,1,1.0,0
participant_20240919124237_score_84_model_CH_8,reward_aware,21,R21-30,2,1.0,0
participant_20240919124237_score_84_model_CH_8,reward_aware,22,R21-30,2,0.8524486301668717,0
participant_20240919124237_score_84_model_CH_8,reward_aware,23,R21-30,2,0.8399018758100547,0
participant_20240919124237_score_84_model_CH_8,reward_aware,24,R21-30,2,0.968574595780645,0
participant_20240919124237_score_84_model_CH_8,reward_aware,25,R21-30,2,0.8383656286043748,0
participant_20240919124237_score_84_model_CH_8,reward_aware,26,R21-30,2,0.763418944216115,0
participant_20240919124237_score_84_model_CH_8,reward_aware,27,R21-30,2,0.76161972523722,0
participant_20240919124237_score_84_model_CH_8,reward_aware,28,R21-30,2,0.7854615310285732,0
participant_20240919124237_score_84_model_CH_8,reward_aware,29,R21-30,2,0.953628478465642,0
participant_20240919124237_score_84_model_CH_8,reward_aware,30,R21-30,2,0.7811623933372714,0
participant_20240919124237_score_84_model_CH_8,reward_aware,31,R31-40,3,0.7913906164154427,0
participant_20240919124237_score_84_model_CH_8,reward_aware,32,R31-40,3,0.6731848395572337,0
participant_20240919124237_score_84_model_CH_8,reward_aware,33,R31-40,3,0.7056883914664764,0
participant_20240919124237_score_84_model_CH_8,reward_aware,34,R31-40,3,1.0,0
participant_20240919124237_score_84_model_CH_8,reward_aware,35,R31-40,3,0.7919961526718451,0
participant_20240919124237_score_84_model_CH_8,reward_aware,36,R31-40,3,0.7988770032552321,0
participant_20240919124237_score_84_model_CH_8,reward_aware,37,R31-40,3,0.7796354175694434,0
participant_20240919124237_score_84_model_CH_8,reward_aware,38,R31-40,3,0.7988770032552321,0
participant_20240919124237_score_84_model_CH_8,reward_aware,39,R31-40,3,0.8069054221652054,0
participant_20240919124237_score_84_model_CH_8,reward_aware,40,R31-40,3,1.0,0
participant_20240919124309_score_83_model_CH_8,reward_aware,1,R1-10,0,0.9407812603322443,0
participant_20240919124309_score_83_model_CH_8,reward_aware,2,R1-10,0,1.0,0
participant_20240919124309_score_83_model_CH_8,reward_aware,3,R1-10,0,0.7753632630892531,0
participant_20240919124309_score_83_model_CH_8,reward_aware,4,R1-10,0,0.666341203519998,0
participant_20240919124309_score_83_model_CH_8,reward_aware,5,R1-10,0,0.9038818570729548,0
participant_20240919124309_score_83_model_CH_8,reward_aware,6,R1-10,0,0.763418944216115,0
participant_20240919124309_score_83_model_CH_8,reward_aware,7,R1-10,0,0.8823020957623106,0
participant_20240919124309_score_83_model_CH_8,reward_aware,8,R1-10,0,0.7860876894550209,0
participant_20240919124309_score_83_model_CH_8,reward_aware,9,R1-10,0,0.7906324229090286,0
participant_20240919124309_score_83_model_CH_8,reward_aware,10,R1-10,0,0.9985457573388392,0
participant_20240919124309_score_83_model_CH_8,reward_aware,11,R11-20,1,0.9285002882355299,0
participant_20240919124309_score_83_model_CH_8,reward_aware,12,R11-20,1,0.7350565151780778,0
participant_20240919124309_score_83_model_CH_8,reward_aware,13,R11-20,1,0.9542951733395534,0
participant_20240919124309_score_83_model_CH_8,reward_aware,14,R11-20,1,0.8493019068582665,0
participant_20240919124309_score_83_model_CH_8,reward_aware,15,R11-20,1,0.6771002566401296,0
participant_20240919124309_score_83_model_CH_8,reward_aware,16,R11-20,1,0.7270917498057288,0
participant_20240919124309_score_83_model_CH_8,reward_aware,17,R11-20,1,0.7091799176514234,0
participant_20240919124309_score_83_model_CH_8,reward_aware,18,R11-20,1,0.7899526862560722,0
participant_20240919124309_score_83_model_CH_8,reward_aware,19,R11-20,1,0.7976594645715025,0
participant_20240919124309_score_83_model_CH_8,reward_aware,20,R11-20,1,0.8072323611097096,0
participant_20240919124309_score_83_model_CH_8,reward_aware,21,R21-30,2,1.0,0
participant_20240919124309_score_83_model_CH_8,reward_aware,22,R21-30,2,0.8195567687485734,0
participant_20240919124309_score_83_model_CH_8,reward_aware,23,R21-30,2,1.0,0
participant_20240919124309_score_83_model_CH_8,reward_aware,24,R21-30,2,0.8216340320023332,0
participant_20240919124309_score_83_model_CH_8,reward_aware,25,R21-30,2,0.8085467339234091,0
participant_20240919124309_score_83_model_CH_8,reward_aware,26,R21-30,2,0.7977734541860728,0
participant_20240919124309_score_83_model_CH_8,reward_aware,27,R21-30,2,0.8081292121014694,0
participant_20240919124309_score_83_model_CH_8,reward_aware,28,R21-30,2,0.790205737828662,0
participant_20240919124309_score_83_model_CH_8,reward_aware,29,R21-30,2,1.0,0
participant_20240919124309_score_83_model_CH_8,reward_aware,30,R21-30,2,0.8152290127623606,0
participant_20240919124309_score_83_model_CH_8,reward_aware,31,R31-40,3,0.8208468431227253,0
participant_20240919124309_score_83_model_CH_8,reward_aware,32,R31-40,3,0.7767390601919151,0
participant_20240919124309_score_83_model_CH_8,reward_aware,33,R31-40,3,0.7724916245314318,0
participant_20240919124309_score_83_model_CH_8,reward_aware,34,R31-40,3,0.780196416366737,0
participant_20240919124309_score_83_model_CH_8,reward_aware,35,R31-40,3,0.7166601722381106,0
participant_20240919124309_score_83_model_CH_8,reward_aware,36,R31-40,3,0.6882505152496765,0
participant_20240919124309_score_83_model_CH_8,reward_aware,37,R31-40,3,0.7753632630892531,0
participant_20240919124309_score_83_model_CH_8,reward_aware,38,R31-40,3,0.9050997957876677,0
participant_20240919124309_score_83_model_CH_8,reward_aware,39,R31-40,3,1.0,0
participant_20240919124309_score_83_model_CH_8,reward_aware,40,R31-40,3,0.8883587640181702,0
participant_20240919124320_score_83_model_CH_8,reward_aware,1,R1-10,0,0.9446316616886666,0
participant_20240919124320_score_83_model_CH_8,reward_aware,2,R1-10,0,0.792703423467886,0
participant_20240919124320_score_83_model_CH_8,reward_aware,3,R1-10,0,1.0,0
participant_20240919124320_score_83_model_CH_8,reward_aware,4,R1-10,0,0.6731848395572337,0
participant_20240919124320_score_83_model_CH_8,reward_aware,5,R1-10,0,0.7108532201180573,0
participant_20240919124320_score_83_model_CH_8,reward_aware,6,R1-10,0,0.7659559817252628,0
participant_20240919124320_score_83_model_CH_8,reward_aware,7,R1-10,0,1.0,0
participant_20240919124320_score_83_model_CH_8,reward_aware,8,R1-10,0,1.0,0
participant_20240919124320_score_83_model_CH_8,reward_aware,9,R1-10,0,0.8233363539748477,0
participant_20240919124320_score_83_model_CH_8,reward_aware,10,R1-10,0,0.870666974886284,0
participant_20240919124320_score_83_model_CH_8,reward_aware,11,R11-20,1,0.8624836350949582,0
participant_20240919124320_score_83_model_CH_8,reward_aware,12,R11-20,1,0.8272753714424856,0
participant_20240919124320_score_83_model_CH_8,reward_aware,13,R11-20,1,1.0,0
participant_20240919124320_score_83_model_CH_8,reward_aware,14,R11-20,1,0.8998486965337489,0
participant_20240919124320_score_83_model_CH_8,reward_aware,15,R11-20,1,1.0,0
participant_20240919124320_score_83_model_CH_8,reward_aware,16,R11-20,1,0.7327467316052476,0
participant_20240919124320_score_83_model_CH_8,reward_aware,17,R11-20,1,0.9005867493840697,0
participant_20240919124320_score_83_model_CH_8,reward_aware,18,R11-20,1,0.9317931217291381,0
participant_20240919124320_score_83_model_CH_8,reward_aware,19,R11-20,1,0.8465394972863179,0
participant_20240919124320_score_83_model_CH_8,reward_aware,20,R11-20,1,0.7934008409745341,0
participant_20240919124320_score_83_model_CH_8,reward_aware,21,R21-30,2,0.9290590029868736,0
participant_20240919124320_score_83_model_CH_8,reward_aware,22,R21-30,2,0.969250010787975,0
participant_20240919124320_score_83_model_CH_8,reward_aware,23,R21-30,2,0.7196357415826465,0
participant_20240919124320_score_83_model_CH_8,reward_aware,24,R21-30,2,0.6915820967861389,0
participant_20240919124320_score_83_model_CH_8,reward_aware,25,R21-30,2,0.660489479581293,0
participant_20240919124320_score_83_model_CH_8,reward_aware,26,R21-30,2,0.8163115530549508,0
participant_20240919124320_score_83_model_CH_8,reward_aware,27,R21-30,2,0.8851057729345613,0
participant_20240919124320_score_83_model_CH_8,reward_aware,28,R21-30,2,0.8794166055435383,0
participant_20240919124320_score_83_model_CH_8,reward_aware,29,R21-30,2,0.901268890485686,0
participant_20240919124320_score_83_model_CH_8,reward_aware,30,R21-30,2,0.7108532201180573,0
participant_20240919124320_score_83_model_CH_8,reward_aware,31,R31-40,3,0.7247339974298455,0
participant_20240919124320_score_83_model_CH_8,reward_aware,32,R31-40,3,0.6771002566401296,0
participant_20240919124320_score_83_model_CH_8,reward_aware,33,R31-40,3,0.7026838568675319,0
participant_20240919124320_score_83_model_CH_8,reward_aware,34,R31-40,3,1.0,0
participant_20240919124320_score_83_model_CH_8,reward_aware,35,R31-40,3,0.7624388436884493,0
participant_20240919124320_score_83_model_CH_8,reward_aware,36,R31-40,3,0.7676124344694212,0
participant_20240919124320_score_83_model_CH_8,reward_aware,37,R31-40,3,0.7170595500283735,0
participant_20240919124320_score_83_model_CH_8,reward_aware,38,R31-40,3,0.7196357415826465,0
participant_20240919124320_score_83_model_CH_8,reward_aware,39,R31-40,3,0.9405659961763306,0
participant_20240919124320_score_83_model_CH_8,reward_aware,40,R31-40,3,0.8458800401853241,0
participant_20240919124339_score_92_model_CH_8,reward_aware,1,R1-10,0,0.9013668239240296,0
participant_20240919124339_score_92_model_CH_8,reward_aware,2,R1-10,0,0.7408929672808149,0
participant_20240919124339_score_92_model_CH_8,reward_aware,3,R1-10,0,0.9542785439596247,0
participant_20240919124339_score_92_model_CH_8,reward_aware,4,R1-10,0,0.7508174165897644,0
participant_20240919124339_score_92_model_CH_8,reward_aware,5,R1-10,0,0.764676134767421,0
participant_20240919124339_score_92_model_CH_8,reward_aware,6,R1-10,0,0.8627959888079795,0
participant_20240919124339_score_92_model_CH_8,reward_aware,7,R1-10,0,0.8916330651536954,0
participant_20240919124339_score_92_model_CH_8,reward_aware,8,R1-10,0,0.6746907957347514,0
participant_20240919124339_score_92_model_CH_8,reward_aware,9,R1-10,0,0.7769398057219581,0
participant_20240919124339_score_92_model_CH_8,reward_aware,10,R1-10,0,1.0,0
participant_20240919124339_score_92_model_CH_8,reward_aware,11,R11-20,1,1.0,0
participant_20240919124339_score_92_model_CH_8,reward_aware,12,R11-20,1,1.0,0
participant_20240919124339_score_92_model_CH_8,reward_aware,13,R11-20,1,0.7246142066856996,0
participant_20240919124339_score_92_model_CH_8,reward_aware,14,R11-20,1,1.0,0
participant_20240919124339_score_92_model_CH_8,reward_aware,15,R11-20,1,1.0,0
participant_20240919124339_score_92_model_CH_8,reward_aware,16,R11-20,1,1.0,0
participant_20240919124339_score_92_model_CH_8,reward_aware,17,R11-20,1,1.0,0
participant_20240919124339_score_92_model_CH_8,reward_aware,18,R11-20,1,0.7091799176514234,0
participant_20240919124339_score_92_model_CH_8,reward_aware,19,R11-20,1,1.0,0
participant_20240919124339_score_92_model_CH_8,reward_aware,20,R11-20,1,1.0,0
participant_20240919124339_score_92_model_CH_8,reward_aware,21,R21-30,2,0.9985457573388392,0
participant_20240919124339_score_92_model_CH_8,reward_aware,22,R21-30,2,1.0,0
participant_20240919124339_score_92_model_CH_8,reward_aware,23,R21-30,2,1.0,0
participant_20240919124339_score_92_model_CH_8,reward_aware,24,R21-30,2,1.0,0
participant_20240919124339_score_92_model_CH_8,reward_aware,25,R21-30,2,0.7032636112607754,0
participant_20240919124339_score_92_model_CH_8,reward_aware,26,R21-30,2,1.0,0
participant_20240919124339_score_92_model_CH_8,reward_aware,27,R21-30,2,1.0,0
participant_20240919124339_score_92_model_CH_8,reward_aware,28,R21-30,2,1.0,0
participant_20240919124339_score_92_model_CH_8,reward_aware,29,R21-30,2,1.0,0
participant_20240919124339_score_92_model_CH_8,reward_aware,30,R21-30,2,0.8479698199597265,0
participant_20240919124339_score_92_model_CH_8,reward_aware,31,R31-40,3,0.895213245824931,0
participant_20240919124339_score_92_model_CH_8,reward_aware,32,R31-40,3,1.0,0
participant_20240919124339_score_92_model_CH_8,reward_aware,33,R31-40,3,1.0,0
participant_20240919124339_score_92_model_CH_8,reward_aware,34,R31-40,3,1.0,0
participant_20240919124339_score_92_model_CH_8,reward_aware,35,R31-40,3,0.7964893772577005,0
participant_20240919124339_score_92_model_CH_8,reward_aware,36,R31-40,3,0.9005867493840697,0
participant_20240919124339_score_92_model_CH_8,reward_aware,37,R31-40,3,1.0,0
participant_20240919124339_score_92_model_CH_8,reward_aware,38,R31-40,3,0.8790424202151247,0
participant_20240919124339_score_92_model_CH_8,reward_aware,39,R31-40,3,1.0,0
participant_20240919124339_score_92_model_CH_8,reward_aware,40,R31-40,3,1.0,0
participant_20240919124448_score_84_model_CH_8,reward_aware,1,R1-10,0,0.9232678197757922,0
participant_20240919124448_score_84_model_CH_8,reward_aware,2,R1-10,0,0.7732812943787448,0
participant_20240919124448_score_84_model_CH_8,reward_aware,3,R1-10,0,0.8216919394759734,0
participant_20240919124448_score_84_model_CH_8,reward_aware,4,R1-10,0,0.912720782094737,0
participant_20240919124448_score_84_model_CH_8,reward_aware,5,R1-10,0,0.7860876894550209,0
participant_20240919124448_score_84_model_CH_8,reward_aware,6,R1-10,0,0.7732812943787448,0
participant_20240919124448_score_84_model_CH_8,reward_aware,7,R1-10,0,0.7209848604301851,0
participant_20240919124448_score_84_model_CH_8,reward_aware,8,R1-10,0,0.8181083031606017,0
participant_20240919124448_score_84_model_CH_8,reward_aware,9,R1-10,0,0.901268890485686,0
participant_20240919124448_score_84_model_CH_8,reward_aware,10,R1-10,0,0.9319378474579764,0
participant_20240919124448_score_84_model_CH_8,reward_aware,11,R11-20,1,0.8376093530136339,0
participant_20240919124448_score_84_model_CH_8,reward_aware,12,R11-20,1,0.9272753791385964,0
participant_20240919124448_score_84_model_CH_8,reward_aware,13,R11-20,1,1.0,0
participant_20240919124448_score_84_model_CH_8,reward_aware,14,R11-20,1,1.0,0
participant_20240919124448_score_84_model_CH_8,reward_aware,15,R11-20,1,0.716081019399431,0
participant_20240919124448_score_84_model_CH_8,reward_aware,16,R11-20,1,1.0,0
participant_20240919124448_score_84_model_CH_8,reward_aware,17,R11-20,1,0.7799410887105677,0
participant_20240919124448_score_84_model_CH_8,reward_aware,18,R11-20,1,0.8998486965337489,0
participant_20240919124448_score_84_model_CH_8,reward_aware,19,R11-20,1,0.7604820108648145,0
participant_20240919124448_score_84_model_CH_8,reward_aware,20,R11-20,1,0.870666974886284,0
participant_20240919124448_score_84_model_CH_8,reward_aware,21,R21-30,2,0.7496346703901129,0
participant_20240919124448_score_84_model_CH_8,reward_aware,22,R21-30,2,0.8528398467532459,0
participant_20240919124448_score_84_model_CH_8,reward_aware,23,R21-30,2,0.7514149631846356,0
participant_20240919124448_score_84_model_CH_8,reward_aware,24,R21-30,2,0.76161972523722,0
participant_20240919124448_score_84_model_CH_8,reward_aware,25,R21-30,2,0.7408929672808149,0
participant_20240919124448_score_84_model_CH_8,reward_aware,26,R21-30,2,0.7721178290196543,0
participant_20240919124448_score_84_model_CH_8,reward_aware,27,R21-30,2,1.0,0
participant_20240919124448_score_84_model_CH_8,reward_aware,28,R21-30,2,1.0,0
participant_20240919124448_score_84_model_CH_8,reward_aware,29,R21-30,2,1.0,0
participant_20240919124448_score_84_model_CH_8,reward_aware,30,R21-30,2,0.818043541837118,0
participant_20240919124448_score_84_model_CH_8,reward_aware,31,R31-40,3,0.9551001046286834,0
participant_20240919124448_score_84_model_CH_8,reward_aware,32,R31-40,3,1.0,0
participant_20240919124448_score_84_model_CH_8,reward_aware,33,R31-40,3,0.9249382849437181,0
participant_20240919124448_score_84_model_CH_8,reward_aware,34,R31-40,3,0.8494115624828839,0
participant_20240919124448_score_84_model_CH_8,reward_aware,35,R31-40,3,0.7628826101426799,0
participant_20240919124448_score_84_model_CH_8,reward_aware,36,R31-40,3,0.7608545826048688,0
participant_20240919124448_score_84_model_CH_8,reward_aware,37,R31-40,3,0.7508174165897644,0
participant_20240919124448_score_84_model_CH_8,reward_aware,38,R31-40,3,0.7753632630892531,0
participant_20240919124448_score_84_model_CH_8,reward_aware,39,R31-40,3,0.660489479581293,0
participant_20240919124448_score_84_model_CH_8,reward_aware,40,R31-40,3,0.6931312994407821,0
participant_20240919124605_score_84_model_CH_8,reward_aware,1,R1-10,0,0.8482509481246433,0
participant_20240919124605_score_84_model_CH_8,reward_aware,2,R1-10,0,0.9703575306124926,0
participant_20240919124605_score_84_model_CH_8,reward_aware,3,R1-10,0,0.7659559817252628,0
participant_20240919124605_score_84_model_CH_8,reward_aware,4,R1-10,0,0.7753632630892531,0
participant_20240919124605_score_84_model_CH_8,reward_aware,5,R1-10,0,0.8509509013916015,0
participant_20240919124605_score_84_model_CH_8,reward_aware,6,R1-10,0,0.9102468699322755,0
participant_20240919124605_score_84_model_CH_8,reward_aware,7,R1-10,0,0.7976594645715025,0
participant_20240919124605_score_84_model_CH_8,reward_aware,8,R1-10,0,0.9651367146347474,0
participant_20240919124605_score_84_model_CH_8,reward_aware,9,R1-10,0,0.6757115099411358,0
participant_20240919124605_score_84_model_CH_8,reward_aware,10,R1-10,0,0.7122094813402726,0
participant_20240919124605_score_84_model_CH_8,reward_aware,11,R11-20,1,0.7319632630926197,0
participant_20240919124605_score_84_model_CH_8,reward_aware,12,R11-20,1,0.7032391384356916,0
participant_20240919124605_score_84_model_CH_8,reward_aware,13,R11-20,1,0.8468441863450895,0
participant_20240919124605_score_84_model_CH_8,reward_aware,14,R11-20,1,1.0,0
participant_20240919124605_score_84_model_CH_8,reward_aware,15,R11-20,1,0.7463909703915956,0
participant_20240919124605_score_84_model_CH_8,reward_aware,16,R11-20,1,1.0,0
participant_20240919124605_score_84_model_CH_8,reward_aware,17,R11-20,1,0.8558948166605079,0
participant_20240919124605_score_84_model_CH_8,reward_aware,18,R11-20,1,0.8399018758100547,0
participant_20240919124605_score_84_model_CH_8,reward_aware,19,R11-20,1,0.9289496688505663,0
participant_20240919124605_score_84_model_CH_8,reward_aware,20,R11-20,1,0.9542951733395534,0
participant_20240919124605_score_84_model_CH_8,reward_aware,21,R21-30,2,0.9245414826449,0
participant_20240919124605_score_84_model_CH_8,reward_aware,22,R21-30,2,0.9247365077868469,0
participant_20240919124605_score_84_model_CH_8,reward_aware,23,R21-30,2,0.8244494471109604,0
participant_20240919124605_score_84_model_CH_8,reward_aware,24,R21-30,2,1.0,0
participant_20240919124605_score_84_model_CH_8,reward_aware,25,R21-30,2,1.0,0
participant_20240919124605_score_84_model_CH_8,reward_aware,26,R21-30,2,0.825969591869597,0
participant_20240919124605_score_84_model_CH_8,reward_aware,27,R21-30,2,0.8069928662894843,0
participant_20240919124605_score_84_model_CH_8,reward_aware,28,R21-30,2,0.7970513751300802,0
participant_20240919124605_score_84_model_CH_8,reward_aware,29,R21-30,2,0.811927421190059,0
participant_20240919124605_score_84_model_CH_8,reward_aware,30,R21-30,2,0.8050459486223697,0
participant_20240919124605_score_84_model_CH_8,reward_aware,31,R31-40,3,0.6966552354196477,0
participant_20240919124605_score_84_model_CH_8,reward_aware,32,R31-40,3,0.6902705673814038,0
participant_20240919124605_score_84_model_CH_8,reward_aware,33,R31-40,3,1.0,0
participant_20240919124605_score_84_model_CH_8,reward_aware,34,R31-40,3,0.7588368611429884,0
participant_20240919124605_score_84_model_CH_8,reward_aware,35,R31-40,3,0.763418944216115,0
participant_20240919124605_score_84_model_CH_8,reward_aware,36,R31-40,3,1.0,0
participant_20240919124605_score_84_model_CH_8,reward_aware,37,R31-40,3,0.7246142066856996,0
participant_20240919124605_score_84_model_CH_8,reward_aware,38,R31-40,3,0.7660564430524919,0
participant_20240919124605_score_84_model_CH_8,reward_aware,39,R31-40,3,0.8648039449709514,0
participant_20240919124605_score_84_model_CH_8,reward_aware,40,R31-40,3,0.7496375562100419,0
participant_20240919124707_score_82_model_CH_8,reward_aware,1,R1-10,0,0.901268890485686,0
participant_20240919124707_score_82_model_CH_8,reward_aware,2,R1-10,0,0.8069054221652054,0
participant_20240919124707_score_82_model_CH_8,reward_aware,3,R1-10,0,0.9986293035994896,0
participant_20240919124707_score_82_model_CH_8,reward_aware,4,R1-10,0,0.9529949649836462,0
participant_20240919124707_score_82_model_CH_8,reward_aware,5,R1-10,0,1.0,0
participant_20240919124707_score_82_model_CH_8,reward_aware,6,R1-10,0,0.6836476821684214,0
participant_20240919124707_score_82_model_CH_8,reward_aware,7,R1-10,0,0.8072323611097096,0
participant_20240919124707_score_82_model_CH_8,reward_aware,8,R1-10,0,0.7929944901403722,0
participant_20240919124707_score_82_model_CH_8,reward_aware,9,R1-10,0,0.7604820108648145,0
participant_20240919124707_score_82_model_CH_8,reward_aware,10,R1-10,0,1.0,0
participant_20240919124707_score_82_model_CH_8,reward_aware,11,R11-20,1,0.8529367212727008,0
participant_20240919124707_score_82_model_CH_8,reward_aware,12,R11-20,1,0.9232678197757922,0
participant_20240919124707_score_82_model_CH_8,reward_aware,13,R11-20,1,0.6730743181198805,0
participant_20240919124707_score_82_model_CH_8,reward_aware,14,R11-20,1,0.6641745796022626,0
participant_20240919124707_score_82_model_CH_8,reward_aware,15,R11-20,1,0.7518403529348456,0
participant_20240919124707_score_82_model_CH_8,reward_aware,16,R11-20,1,0.715956943664141,0
participant_20240919124707_score_82_model_CH_8,reward_aware,17,R11-20,1,0.7161822085908128,0
participant_20240919124707_score_82_model_CH_8,reward_aware,18,R11-20,1,0.8528398467532459,0
participant_20240919124707_score_82_model_CH_8,reward_aware,19,R11-20,1,0.8479698199597265,0
participant_20240919124707_score_82_model_CH_8,reward_aware,20,R11-20,1,0.747548573891677,0
participant_20240919124707_score_82_model_CH_8,reward_aware,21,R21-30,2,1.0,0
participant_20240919124707_score_82_model_CH_8,reward_aware,22,R21-30,2,0.7146154680743207,0
participant_20240919124707_score_82_model_CH_8,reward_aware,23,R21-30,2,0.7811623933372714,0
participant_20240919124707_score_82_model_CH_8,reward_aware,24,R21-30,2,0.7235310362867602,0
participant_20240919124707_score_82_model_CH_8,reward_aware,25,R21-30,2,1.0,0
participant_20240919124707_score_82_model_CH_8,reward_aware,26,R21-30,2,0.7555943211247286,0
participant_20240919124707_score_82_model_CH_8,reward_aware,27,R21-30,2,0.7854615310285732,0
participant_20240919124707_score_82_model_CH_8,reward_aware,28,R21-30,2,0.7196357415826465,0
participant_20240919124707_score_82_model_CH_8,reward_aware,29,R21-30,2,0.9249382849437181,0
participant_20240919124707_score_82_model_CH_8,reward_aware,30,R21-30,2,0.8661569382177441,0
participant_20240919124707_score_82_model_CH_8,reward_aware,31,R31-40,3,0.8488540896655354,0
participant_20240919124707_score_82_model_CH_8,reward_aware,32,R31-40,3,0.8654006740839033,0
participant_20240919124707_score_82_model_CH_8,reward_aware,33,R31-40,3,0.8548315154058478,0
participant_20240919124707_score_82_model_CH_8,reward_aware,34,R31-40,3,0.8587087224276923,0
participant_20240919124707_score_82_model_CH_8,reward_aware,35,R31-40,3,1.0,0
participant_20240919124707_score_82_model_CH_8,reward_aware,36,R31-40,3,0.8688859799249337,0
participant_20240919124707_score_82_model_CH_8,reward_aware,37,R31-40,3,0.7105065145184509,0
participant_20240919124707_score_82_model_CH_8,reward_aware,38,R31-40,3,0.6939330695031669,0
participant_20240919124707_score_82_model_CH_8,reward_aware,39,R31-40,3,0.7350565151780778,0
participant_20240919124707_score_82_model_CH_8,reward_aware,40,R31-40,3,0.7750338274830572,0
participant_20240919125526_score_87_model_CH_8,reward_aware,1,R1-10,0,1.0,0
participant_20240919125526_score_87_model_CH_8,reward_aware,2,R1-10,0,0.8931785897958823,0
participant_20240919125526_score_87_model_CH_8,reward_aware,3,R1-10,0,0.8911706318191726,0
participant_20240919125526_score_87_model_CH_8,reward_aware,4,R1-10,0,1.0,0
participant_20240919125526_score_87_model_CH_8,reward_aware,5,R1-10,0,0.9317931217291381,0
participant_20240919125526_score_87_model_CH_8,reward_aware,6,R1-10,0,0.9713735599291856,0
participant_20240919125526_score_87_model_CH_8,reward_aware,7,R1-10,0,0.8998486965337489,0
participant_20240919125526_score_87_model_CH_8,reward_aware,8,R1-10,0,0.967407563920079,0
participant_20240919125526_score_87_model_CH_8,reward_aware,9,R1-10,0,0.7751864557403525,0
participant_20240919125526_score_87_model_CH_8,reward_aware,10,R1-10,0,1.0,0
participant_20240919125526_score_87_model_CH_8,reward_aware,11,R11-20,1,1.0,0
participant_20240919125526_score_87_model_CH_8,reward_aware,12,R11-20,1,0.7146154680743207,0
participant_20240919125526_score_87_model_CH_8,reward_aware,13,R11-20,1,0.8624836350949582,0
participant_20240919125526_score_87_model_CH_8,reward_aware,14,R11-20,1,0.7223559177116307,0
participant_20240919125526_score_87_model_CH_8,reward_aware,15,R11-20,1,0.7496375562100419,0
participant_20240919125526_score_87_model_CH_8,reward_aware,16,R11-20,1,0.8468441863450895,0
participant_20240919125526_score_87_model_CH_8,reward_aware,17,R11-20,1,1.0,0
participant_20240919125526_score_87_model_CH_8,reward_aware,18,R11-20,1,0.901268890485686,0
participant_20240919125526_score_87_model_CH_8,reward_aware,19,R11-20,1,0.9187422576749779,0
participant_20240919125526_score_87_model_CH_8,reward_aware,20,R11-20,1,0.7209848604301851,0
participant_20240919125526_score_87_model_CH_8,reward_aware,21,R21-30,2,0.9304090621171496,0
participant_20240919125526_score_87_model_CH_8,reward_aware,22,R21-30,2,0.8936729336471229,0
participant_20240919125526_score_87_model_CH_8,reward_aware,23,R21-30,2,1.0,0
participant_20240919125526_score_87_model_CH_8,reward_aware,24,R21-30,2,0.7630522879612096,0
participant_20240919125526_score_87_model_CH_8,reward_aware,25,R21-30,2,0.7638369587309021,0
participant_20240919125526_score_87_model_CH_8,reward_aware,26,R21-30,2,0.7408929672808149,0
participant_20240919125526_score_87_model_CH_8,reward_aware,27,R21-30,2,0.8997467414400723,0
participant_20240919125526_score_87_model_CH_8,reward_aware,28,R21-30,2,0.8583462010904073,0
participant_20240919125526_score_87_model_CH_8,reward_aware,29,R21-30,2,1.0,0
participant_20240919125526_score_87_model_CH_8,reward_aware,30,R21-30,2,1.0,0
participant_20240919125526_score_87_model_CH_8,reward_aware,31,R31-40,3,0.8674527523859623,0
participant_20240919125526_score_87_model_CH_8,reward_aware,32,R31-40,3,0.7032029929873684,0
participant_20240919125526_score_87_model_CH_8,reward_aware,33,R31-40,3,0.6911782412940344,0
participant_20240919125526_score_87_model_CH_8,reward_aware,34,R31-40,3,0.7385008441849907,0
participant_20240919125526_score_87_model_CH_8,reward_aware,35,R31-40,3,0.7713070033625701,0
participant_20240919125526_score_87_model_CH_8,reward_aware,36,R31-40,3,0.6744251677108039,0
participant_20240919125526_score_87_model_CH_8,reward_aware,37,R31-40,3,1.0,0
participant_20240919125526_score_87_model_CH_8,reward_aware,38,R31-40,3,0.7327467316052476,0
participant_20240919125526_score_87_model_CH_8,reward_aware,39,R31-40,3,1.0,0
participant_20240919125526_score_87_model_CH_8,reward_aware,40,R31-40,3,0.8989411513638025,0
participant_20240919125528_score_87_model_CH_8,reward_aware,1,R1-10,0,0.6641745796022626,0
participant_20240919125528_score_87_model_CH_8,reward_aware,2,R1-10,0,0.7800469121343763,0
participant_20240919125528_score_87_model_CH_8,reward_aware,3,R1-10,0,1.0,0
participant_20240919125528_score_87_model_CH_8,reward_aware,4,R1-10,0,0.9642293461702229,0
participant_20240919125528_score_87_model_CH_8,reward_aware,5,R1-10,0,0.764676134767421,0
participant_20240919125528_score_87_model_CH_8,reward_aware,6,R1-10,0,0.9031407855190844,0
participant_20240919125528_score_87_model_CH_8,reward_aware,7,R1-10,0,1.0,0
participant_20240919125528_score_87_model_CH_8,reward_aware,8,R1-10,0,0.9551001046286834,0
participant_20240919125528_score_87_model_CH_8,reward_aware,9,R1-10,0,1.0,0
participant_20240919125528_score_87_model_CH_8,reward_aware,10,R1-10,0,0.8195567687485734,0
participant_20240919125528_score_87_model_CH_8,reward_aware,11,R11-20,1,0.8272753714424856,0
participant_20240919125528_score_87_model_CH_8,reward_aware,12,R11-20,1,0.9888345255545178,0
participant_20240919125528_score_87_model_CH_8,reward_aware,13,R11-20,1,0.6746907957347514,0
participant_20240919125528_score_87_model_CH_8,reward_aware,14,R11-20,1,0.9233954292878119,0
participant_20240919125528_score_87_model_CH_8,reward_aware,15,R11-20,1,0.7250290126310148,0
participant_20240919125528_score_87_model_CH_8,reward_aware,16,R11-20,1,0.7369000812391304,0
participant_20240919125528_score_87_model_CH_8,reward_aware,17,R11-20,1,1.0,0
participant_20240919125528_score_87_model_CH_8,reward_aware,18,R11-20,1,0.7112942959847232,0
participant_20240919125528_score_87_model_CH_8,reward_aware,19,R11-20,1,0.7437258351215519,0
participant_20240919125528_score_87_model_CH_8,reward_aware,20,R11-20,1,1.0,0
participant_20240919125528_score_87_model_CH_8,reward_aware,21,R21-30,2,0.8479698199597265,0
participant_20240919125528_score_87_model_CH_8,reward_aware,22,R21-30,2,0.996968470494253,0
participant_20240919125528_score_87_model_CH_8,reward_aware,23,R21-30,2,0.6984843574444279,0
participant_20240919125528_score_87_model_CH_8,reward_aware,24,R21-30,2,0.7604820108648145,0
participant_20240919125528_score_87_model_CH_8,reward_aware,25,R21-30,2,0.7721178290196543,0
participant_20240919125528_score_87_model_CH_8,reward_aware,26,R21-30,2,0.7234447807086982,0
participant_20240919125528_score_87_model_CH_8,reward_aware,27,R21-30,2,1.0,0
participant_20240919125528_score_87_model_CH_8,reward_aware,28,R21-30,2,0.7380130853634291,0
participant_20240919125528_score_87_model_CH_8,reward_aware,29,R21-30,2,0.9232678197757922,0
participant_20240919125528_score_87_model_CH_8,reward_aware,30,R21-30,2,0.7664987904603818,0
participant_20240919125528_score_87_model_CH_8,reward_aware,31,R31-40,3,0.7205328785193577,0
participant_20240919125528_score_87_model_CH_8,reward_aware,32,R31-40,3,0.9591346279453765,0
participant_20240919125528_score_87_model_CH_8,reward_aware,33,R31-40,3,0.8771425091695015,0
participant_20240919125528_score_87_model_CH_8,reward_aware,34,R31-40,3,0.9777420439834645,0
participant_20240919125528_score_87_model_CH_8,reward_aware,35,R31-40,3,0.9311144872543722,0
participant_20240919125528_score_87_model_CH_8,reward_aware,36,R31-40,3,0.9377266314826809,0
participant_20240919125528_score_87_model_CH_8,reward_aware,37,R31-40,3,1.0,0
participant_20240919125528_score_87_model_CH_8,reward_aware,38,R31-40,3,0.9912766433928488,0
participant_20240919125528_score_87_model_CH_8,reward_aware,39,R31-40,3,0.9571043113361117,0
participant_20240919125528_score_87_model_CH_8,reward_aware,40,R31-40,3,0.8711630084678355,0
participant_20240919125936_score_83_model_CH_8,reward_aware,1,R1-10,0,0.773607978688996,0
participant_20240919125936_score_83_model_CH_8,reward_aware,2,R1-10,0,0.8375001976900155,0
participant_20240919125936_score_83_model_CH_8,reward_aware,3,R1-10,0,0.7266936683719593,0
participant_20240919125936_score_83_model_CH_8,reward_aware,4,R1-10,0,1.0,0
participant_20240919125936_score_83_model_CH_8,reward_aware,5,R1-10,0,0.9978289985781379,0
participant_20240919125936_score_83_model_CH_8,reward_aware,6,R1-10,0,0.7146154680743207,0
participant_20240919125936_score_83_model_CH_8,reward_aware,7,R1-10,0,0.9077426137584564,0
participant_20240919125936_score_83_model_CH_8,reward_aware,8,R1-10,0,0.8233363539748477,0
participant_20240919125936_score_83_model_CH_8,reward_aware,9,R1-10,0,0.8195567687485734,0
participant_20240919125936_score_83_model_CH_8,reward_aware,10,R1-10,0,0.8882899809703187,0
participant_20240919125936_score_83_model_CH_8,reward_aware,11,R11-20,1,0.811927421190059,0
participant_20240919125936_score_83_model_CH_8,reward_aware,12,R11-20,1,0.7032636112607754,0
participant_20240919125936_score_83_model_CH_8,reward_aware,13,R11-20,1,0.6641745796022626,0
participant_20240919125936_score_83_model_CH_8,reward_aware,14,R11-20,1,0.8592986259734982,0
participant_20240919125936_score_83_model_CH_8,reward_aware,15,R11-20,1,0.9245414826449,0
participant_20240919125936_score_83_model_CH_8,reward_aware,16,R11-20,1,0.9202187951663459,0
participant_20240919125936_score_83_model_CH_8,reward_aware,17,R11-20,1,1.0,0
participant_20240919125936_score_83_model_CH_8,reward_aware,18,R11-20,1,0.9290590029868736,0
participant_20240919125936_score_83_model_CH_8,reward_aware,19,R11-20,1,0.7371998463724356,0
participant_20240919125936_score_83_model_CH_8,reward_aware,20,R11-20,1,0.7604820108648145,0
participant_20240919125936_score_83_model_CH_8,reward_aware,21,R21-30,2,1.0,0
participant_20240919125936_score_83_model_CH_8,reward_aware,22,R21-30,2,0.7721178290196543,0
participant_20240919125936_score_83_model_CH_8,reward_aware,23,R21-30,2,1.0,0
participant_20240919125936_score_83_model_CH_8,reward_aware,24,R21-30,2,0.761498132441029,0
participant_20240919125936_score_83_model_CH_8,reward_aware,25,R21-30,2,0.7811623933372714,0
participant_20240919125936_score_83_model_CH_8,reward_aware,26,R21-30,2,0.8409963592895642,0
participant_20240919125936_score_83_model_CH_8,reward_aware,27,R21-30,2,1.0,0
participant_20240919125936_score_83_model_CH_8,reward_aware,28,R21-30,2,0.7800469121343763,0
participant_20240919125936_score_83_model_CH_8,reward_aware,29,R21-30,2,0.8196281134384806,0
participant_20240919125936_score_83_model_CH_8,reward_aware,30,R21-30,2,0.8072323611097096,0
participant_20240919125936_score_83_model_CH_8,reward_aware,31,R31-40,3,0.8076884111080397,0
participant_20240919125936_score_83_model_CH_8,reward_aware,32,R31-40,3,0.7170595500283735,0
participant_20240919125936_score_83_model_CH_8,reward_aware,33,R31-40,3,0.7091799176514234,0
participant_20240919125936_score_83_model_CH_8,reward_aware,34,R31-40,3,0.7146154680743207,0
participant_20240919125936_score_83_model_CH_8,reward_aware,35,R31-40,3,1.0,0
participant_20240919125936_score_83_model_CH_8,reward_aware,36,R31-40,3,0.7196357415826465,0
participant_20240919125936_score_83_model_CH_8,reward_aware,37,R31-40,3,0.6966552354196477,0
participant_20240919125936_score_83_model_CH_8,reward_aware,38,R31-40,3,0.6731848395572337,0
participant_20240919125936_score_83_model_CH_8,reward_aware,39,R31-40,3,0.9290590029868736,0
participant_20240919125936_score_83_model_CH_8,reward_aware,40,R31-40,3,0.9986767551225774,0
participant_20240919130130_score_83_model_CH_8,reward_aware,1,R1-10,0,0.9188646147520049,0
participant_20240919130130_score_83_model_CH_8,reward_aware,2,R1-10,0,1.0,0
participant_20240919130130_score_83_model_CH_8,reward_aware,3,R1-10,0,0.8342973656068825,0
participant_20240919130130_score_83_model_CH_8,reward_aware,4,R1-10,0,0.8233363539748477,0
participant_20240919130130_score_83_model_CH_8,reward_aware,5,R1-10,0,0.8624836350949582,0
participant_20240919130130_score_83_model_CH_8,reward_aware,6,R1-10,0,0.7047529621218753,0
participant_20240919130130_score_83_model_CH_8,reward_aware,7,R1-10,0,1.0,0
participant_20240919130130_score_83_model_CH_8,reward_aware,8,R1-10,0,0.8660915059021297,0
participant_20240919130130_score_83_model_CH_8,reward_aware,9,R1-10,0,0.7555943211247286,0
participant_20240919130130_score_83_model_CH_8,reward_aware,10,R1-10,0,0.7732812943787448,0
participant_20240919130130_score_83_model_CH_8,reward_aware,11,R11-20,1,1.0,0
participant_20240919130130_score_83_model_CH_8,reward_aware,12,R11-20,1,0.851773509223382,0
participant_20240919130130_score_83_model_CH_8,reward_aware,13,R11-20,1,0.830385077821861,0
participant_20240919130130_score_83_model_CH_8,reward_aware,14,R11-20,1,0.9220323365614134,0
participant_20240919130130_score_83_model_CH_8,reward_aware,15,R11-20,1,0.8208468431227253,0
participant_20240919130130_score_83_model_CH_8,reward_aware,16,R11-20,1,0.7561067480566522,0
participant_20240919130130_score_83_model_CH_8,reward_aware,17,R11-20,1,0.9233954292878119,0
participant_20240919130130_score_83_model_CH_8,reward_aware,18,R11-20,1,0.9113603885288347,0
participant_20240919130130_score_83_model_CH_8,reward_aware,19,R11-20,1,0.9407812603322443,0
participant_20240919130130_score_83_model_CH_8,reward_aware,20,R11-20,1,0.7739018068538231,0
participant_20240919130130_score_83_model_CH_8,reward_aware,21,R21-30,2,0.8163115530549508,0
participant_20240919130130_score_83_model_CH_8,reward_aware,22,R21-30,2,0.7919961526718451,0
participant_20240919130130_score_83_model_CH_8,reward_aware,23,R21-30,2,0.804126580284453,0
participant_20240919130130_score_83_model_CH_8,reward_aware,24,R21-30,2,0.7860876894550209,0
participant_20240919130130_score_83_model_CH_8,reward_aware,25,R21-30,2,0.780196416366737,0
participant_20240919130130_score_83_model_CH_8,reward_aware,26,R21-30,2,0.7940211989257647,0
participant_20240919130130_score_83_model_CH_8,reward_aware,27,R21-30,2,0.7270917498057288,0
participant_20240919130130_score_83_model_CH_8,reward_aware,28,R21-30,2,0.8592986259734982,0
participant_20240919130130_score_83_model_CH_8,reward_aware,29,R21-30,2,0.7463909703915956,0
participant_20240919130130_score_83_model_CH_8,reward_aware,30,R21-30,2,0.7243998916228414,0
participant_20240919130130_score_83_model_CH_8,reward_aware,31,R31-40,3,0.7799410887105677,0
participant_20240919130130_score_83_model_CH_8,reward_aware,32,R31-40,3,0.7775636727906036,0
participant_20240919130130_score_83_model_CH_8,reward_aware,33,R31-40,3,0.7659559817252628,0
participant_20240919130130_score_83_model_CH_8,reward_aware,34,R31-40,3,0.7753632630892531,0
participant_20240919130130_score_83_model_CH_8,reward_aware,35,R31-40,3,0.7327467316052476,0
participant_20240919130130_score_83_model_CH_8,reward_aware,36,R31-40,3,0.7588368611429884,0
participant_20240919130130_score_83_model_CH_8,reward_aware,37,R31-40,3,0.8196281134384806,0
participant_20240919130130_score_83_model_CH_8,reward_aware,38,R31-40,3,1.0,0
participant_20240919130130_score_83_model_CH_8,reward_aware,39,R31-40,3,0.9188646147520049,0
participant_20240919130130_score_83_model_CH_8,reward_aware,40,R31-40,3,0.9050997957876677,0
