participant,condition,round,previous_success,reselect
participant_20240910183549_score_84_model_CH_5,transition_aware,2,0,0
participant_20240910183549_score_84_model_CH_5,transition_aware,3,0,0
participant_20240910183549_score_84_model_CH_5,transition_aware,4,0,0
participant_20240910183549_score_84_model_CH_5,transition_aware,5,1,0
participant_20240910183549_score_84_model_CH_5,transition_aware,6,0,0
participant_20240910183549_score_84_model_CH_5,transition_aware,7,0,0
participant_20240910183549_score_84_model_CH_5,transition_aware,8,0,0
participant_20240910183549_score_84_model_CH_5,transition_aware,9,1,0
participant_20240910183549_score_84_model_CH_5,transition_aware,10,0,0
participant_20240910183549_score_84_model_CH_5,transition_aware,11,0,0
participant_20240910183549_score_84_model_CH_5,transition_aware,12,0,0
participant_20240910183549_score_84_model_CH_5,transition_aware,13,0,0
participant_20240910183549_score_84_model_CH_5,transition_aware,14,0,0
participant_20240910183549_score_84_model_CH_5,transition_aware,15,0,0
participant_20240910183549_score_84_model_CH_5,transition_aware,16,1,0
participant_20240910183549_score_84_model_CH_5,transition_aware,17,0,0
participant_20240910183549_score_84_model_CH_5,transition_aware,18,0,0
participant_20240910183549_score_84_model_CH_5,transition_aware,19,0,0
participant_20240910183549_score_84_model_CH_5,transition_aware,20,0,0
participant_20240910183549_score_84_model_CH_5,transition_aware,21,0,0
participant_20240910183549_score_84_model_CH_5,transition_aware,22,1,0
participant_20240910183549_score_84_model_CH_5,transition_aware,23,0,0
participant_20240910183549_score_84_model_CH_5,transition_aware,24,0,0
participant_20240910183549_score_84_model_CH_5,transition_aware,25,0,0
participant_20240910183549_score_84_model_CH_5,transition_aware,26,0,1
participant_20240910183549_score_84_model_CH_5,transition_aware,27,0,0
participant_20240910183549_score_84_model_CH_5,transition_aware,28,0,0
participant_20240910183549_score_84_model_CH_5,transition_aware,29,0,0
participant_20240910183549_score_84_model_CH_5,transition_aware,30,1,0
participant_20240910183549_score_84_model_CH_5,transition_aware,31,0,0
participant_20240910183549_score_84_model_CH_5,transition_aware,32,0,0
participant_20240910183549_score_84_model_CH_5,transition_aware,33,0,0
participant_20240910183549_score_84_model_CH_5,transition_aware,34,1,1
participant_20240910183549_score_84_model_CH_5,transition_aware,35,1,1
participant_20240910183549_score_84_model_CH_5,transition_aware,36,1,0
participant_20240910183549_score_84_model_CH_5,transition_aware,37,0,0
participant_20240910183549_score_84_model_CH_5,transition_aware,38,0,0
participant_20240910183549_score_84_model_CH_5,transition_aware,39,0,0
participant_20240910183549_score_84_model_CH_5,transition_aware,40,0,1
participant_20240910184410_score_85_model_CH_5,transition_aware,2,0,0
participant_20240910184410_score_85_model_CH_5,transition_aware,3,0,0
participant_20240910184410_score_85_model_CH_5,transition_aware,4,0,0
participant_20240910184410_score_85_model_CH_5,transition_aware,5,1,0
participant_20240910184410_score_85_model_CH_5,transition_aware,6,1,0
participant_20240910184410_score_85_model_CH_5,transition_aware,7,0,1
participant_20240910184410_score_85_model_CH_5,transition_aware,8,0,0
participant_20240910184410_score_85_model_CH_5,transition_aware,9,0,0
participant_20240910184410_score_85_model_CH_5,transition_aware,10,0,0
participant_20240910184410_score_85_model_CH_5,transition_aware,11,0,0
participant_20240910184410_score_85_model_CH_5,transition_aware,12,0,0
participant_20240910184410_score_85_model_CH_5,transition_aware,13,0,0
participant_20240910184410_score_85_model_CH_5,transition_aware,14,1,0
participant_20240910184410_score_85_model_CH_5,transition_aware,15,0,0
participant_20240910184410_score_85_model_CH_5,transition_aware,16,0,0
participant_20240910184410_score_85_model_CH_5,transition_aware,17,0,0
participant_20240910184410_score_85_model_CH_5,transition_aware,18,0,0
participant_20240910184410_score_85_model_CH_5,transition_aware,19,1,0
participant_20240910184410_score_85_model_CH_5,transition_aware,20,0,0
participant_20240910184410_score_85_model_CH_5,transition_aware,21,0,0
participant_20240910184410_score_85_model_CH_5,transition_aware,22,0,0
participant_20240910184410_score_85_model_CH_5,transition_aware,23,1,0
participant_20240910184410_score_85_model_CH_5,transition_aware,24,0,0
participant_20240910184410_score_85_model_CH_5,transition_aware,25,1,0
participant_20240910184410_score_85_model_CH_5,transition_aware,26,0,0
participant_20240910184410_score_85_model_CH_5,transition_aware,27,1,0
participant_20240910184410_score_85_model_CH_5,transition_aware,28,0,0
participant_20240910184410_score_85_model_CH_5,transition_aware,29,0,0
participant_20240910184410_score_85_model_CH_5,transition_aware,30,1,1
participant_20240910184410_score_85_model_CH_5,transition_aware,31,1,0
participant_20240910184410_score_85_model_CH_5,transition_aware,32,0,0
participant_20240910184410_score_85_model_CH_5,transition_aware,33,0,0
participant_20240910184410_score_85_model_CH_5,transition_aware,34,0,0
participant_20240910184410_score_85_model_CH_5,transition_aware,35,0,0
participant_20240910184410_score_85_model_CH_5,transition_aware,36,0,0
participant_20240910184410_score_85_model_CH_5,transition_aware,37,0,0
participant_20240910184410_score_85_model_CH_5,transition_aware,38,1,0
participant_20240910184410_score_85_model_CH_5,transition_aware,39,0,0
participant_20240910184410_score_85_model_CH_5,transition_aware,40,0,0
participant_20240910184436_score_82_model_CH_5,transition_aware,2,0,0
participant_20240910184436_score_82_model_CH_5,transition_aware,3,1,0
participant_20240910184436_score_82_model_CH_5,transition_aware,4,1,0
participant_20240910184436_score_82_model_CH_5,transition_aware,5,0,0
participant_20240910184436_score_82_model_CH_5,transition_aware,6,0,0
participant_20240910184436_score_82_model_CH_5,transition_aware,7,0,0
participant_20240910184436_score_82_model_CH_5,transition_aware,8,0,0
participant_20240910184436_score_82_model_CH_5,transition_aware,9,0,0
participant_20240910184436_score_82_model_CH_5,transition_aware,10,0,0
participant_20240910184436_score_82_model_CH_5,transition_aware,11,0,0
participant_20240910184436_score_82_model_CH_5,transition_aware,12,1,0
participant_20240910184436_score_82_model_CH_5,transition_aware,13,0,0
participant_20240910184436_score_82_model_CH_5,transition_aware,14,0,0
participant_20240910184436_score_82_model_CH_5,transition_aware,15,1,0
participant_20240910184436_score_82_model_CH_5,transition_aware,16,0,0
participant_20240910184436_score_82_model_CH_5,transition_aware,17,1,0
participant_20240910184436_score_82_model_CH_5,transition_aware,18,0,0
participant_20240910184436_score_82_model_CH_5,transition_aware,19,0,0
participant_20240910184436_score_82_model_CH_5,transition_aware,20,0,0
participant_20240910184436_score_82_model_CH_5,transition_aware,21,0,0
participant_20240910184436_score_82_model_CH_5,transition_aware,22,0,0
participant_20240910184436_score_82_model_CH_5,transition_aware,23,0,0
participant_20240910184436_score_82_model_CH_5,transition_aware,24,0,0
participant_20240910184436_score_82_model_CH_5,transition_aware,25,0,0
participant_20240910184436_score_82_model_CH_5,transition_aware,26,1,0
participant_20240910184436_score_82_model_CH_5,transition_aware,27,0,0
participant_20240910184436_score_82_model_CH_5,transition_aware,28,0,0
participant_20240910184436_score_82_model_CH_5,transition_aware,29,0,0
participant_20240910184436_score_82_model_CH_5,transition_aware,30,0,0
participant_20240910184436_score_82_model_CH_5,transition_aware,31,0,0
participant_20240910184436_score_82_model_CH_5,transition_aware,32,1,0
participant_20240910184436_score_82_model_CH_5,transition_aware,33,0,0
participant_20240910184436_score_82_model_CH_5,transition_aware,34,0,0
participant_20240910184436_score_82_model_CH_5,transition_aware,35,0,0
participant_20240910184436_score_82_model_CH_5,transition_aware,36,0,0
participant_20240910184436_score_82_model_CH_5,transition_aware,37,0,0
participant_20240910184436_score_82_model_CH_5,transition_aware,38,0,0
participant_20240910184436_score_82_model_CH_5,transition_aware,39,0,0
participant_20240910184436_score_82_model_CH_5,transition_aware,40,0,0
participant_20240910184600_score_83_model_CH_5,transition_aware,2,0,0
participant_20240910184600_score_83_model_CH_5,transition_aware,3,1,0
participant_20240910184600_score_83_model_CH_5,transition_aware,4,0,0
participant_20240910184600_score_83_model_CH_5,transition_aware,5,0,0
participant_20240910184600_score_83_model_CH_5,transition_aware,6,0,0
participant_20240910184600_score_83_model_CH_5,transition_aware,7,0,0
participant_20240910184600_score_83_model_CH_5,transition_aware,8,1,0
participant_20240910184600_score_83_model_CH_5,transition_aware,9,1,0
participant_20240910184600_score_83_model_CH_5,transition_aware,10,0,0
participant_20240910184600_score_83_model_CH_5,transition_aware,11,0,0
participant_20240910184600_score_83_model_CH_5,transition_aware,12,0,0
participant_20240910184600_score_83_model_CH_5,transition_aware,13,0,0
participant_20240910184600_score_83_model_CH_5,transition_aware,14,0,0
participant_20240910184600_score_83_model_CH_5,transition_aware,15,0,0
participant_20240910184600_score_83_model_CH_5,transition_aware,16,1,1
participant_20240910184600_score_83_model_CH_5,transition_aware,17,0,0
participant_20240910184600_score_83_model_CH_5,transition_aware,18,0,0
participant_20240910184600_score_83_model_CH_5,transition_aware,19,1,1
participant_20240910184600_score_83_model_CH_5,transition_aware,20,1,0
participant_20240910184600_score_83_model_CH_5,transition_aware,21,0,0
participant_20240910184600_score_83_model_CH_5,transition_aware,22,0,0
participant_20240910184600_score_83_model_CH_5,transition_aware,23,0,0
participant_20240910184600_score_83_model_CH_5,transition_aware,24,0,0
participant_20240910184600_score_83_model_CH_5,transition_aware,25,0,0
participant_20240910184600_score_83_model_CH_5,transition_aware,26,0,0
participant_20240910184600_score_83_model_CH_5,transition_aware,27,0,0
participant_20240910184600_score_83_model_CH_5,transition_aware,28,0,0
participant_20240910184600_score_83_model_CH_5,transition_aware,29,0,1
participant_20240910184600_score_83_model_CH_5,transition_aware,30,0,1
participant_20240910184600_score_83_model_CH_5,transition_aware,31,0,1
participant_20240910184600_score_83_model_CH_5,transition_aware,32,0,1
participant_20240910184600_score_83_model_CH_5,transition_aware,33,0,0
participant_20240910184600_score_83_model_CH_5,transition_aware,34,0,0
participant_20240910184600_score_83_model_CH_5,transition_aware,35,0,0
participant_20240910184600_score_83_model_CH_5,transition_aware,36,1,0
participant_20240910184600_score_83_model_CH_5,transition_aware,37,0,0
participant_20240910184600_score_83_model_CH_5,transition_aware,38,1,1
participant_20240910184600_score_83_model_CH_5,transition_aware,39,1,0
participant_20240910184600_score_83_model_CH_5,transition_aware,40,0,0
participant_20240910185047_score_84_model_CH_5,transition_aware,2,0,0
participant_20240910185047_score_84_model_CH_5,transition_aware,3,1,0
participant_20240910185047_score_84_model_CH_5,transition_aware,4,0,0
participant_20240910185047_score_84_model_CH_5,transition_aware,5,0,0
participant_20240910185047_score_84_model_CH_5,transition_aware,6,1,0
participant_20240910185047_score_84_model_CH_5,transition_aware,7,0,0
participant_20240910185047_score_84_model_CH_5,transition_aware,8,0,0
participant_20240910185047_score_84_model_CH_5,transition_aware,9,0,0
participant_20240910185047_score_84_model_CH_5,transition_aware,10,0,0
participant_20240910185047_score_84_model_CH_5,transition_aware,11,0,0
participant_20240910185047_score_84_model_CH_5,transition_aware,12,0,0
participant_20240910185047_score_84_model_CH_5,transition_aware,13,0,0
participant_20240910185047_score_84_model_CH_5,transition_aware,14,0,0
participant_20240910185047_score_84_model_CH_5,transition_aware,15,0,0
participant_20240910185047_score_84_model_CH_5,transition_aware,16,0,0
participant_20240910185047_score_84_model_CH_5,transition_aware,17,0,0
participant_20240910185047_score_84_model_CH_5,transition_aware,18,0,0
participant_20240910185047_score_84_model_CH_5,transition_aware,19,0,0
participant_20240910185047_score_84_model_CH_5,transition_aware,20,0,0
participant_20240910185047_score_84_model_CH_5,transition_aware,21,0,0
participant_20240910185047_score_84_model_CH_5,transition_aware,22,0,0
participant_20240910185047_score_84_model_CH_5,transition_aware,23,0,0
participant_20240910185047_score_84_model_CH_5,transition_aware,24,0,0
participant_20240910185047_score_84_model_CH_5,transition_aware,25,0,0
participant_20240910185047_score_84_model_CH_5,transition_aware,26,0,0
participant_20240910185047_score_84_model_CH_5,transition_aware,27,0,0
participant_20240910185047_score_84_model_CH_5,transition_aware,28,0,0
participant_20240910185047_score_84_model_CH_5,transition_aware,29,0,0
participant_20240910185047_score_84_model_CH_5,transition_aware,30,0,0
participant_20240910185047_score_84_model_CH_5,transition_aware,31,0,0
participant_20240910185047_score_84_model_CH_5,transition_aware,32,0,0
participant_20240910185047_score_84_model_CH_5,transition_aware,33,1,0
participant_20240910185047_score_84_model_CH_5,transition_aware,34,0,0
participant_20240910185047_score_84_model_CH_5,transition_aware,35,0,0
participant_20240910185047_score_84_model_CH_5,transition_aware,36,0,0
participant_20240910185047_score_84_model_CH_5,transition_aware,37,1,0
participant_20240910185047_score_84_model_CH_5,transition_aware,38,0,0
participant_20240910185047_score_84_model_CH_5,transition_aware,39,1,0
participant_20240910185047_score_84_model_CH_5,transition_aware,40,0,0
participant_20240910190236_score_83_model_CH_5,transition_aware,2,0,0
participant_20240910190236_score_83_model_CH_5,transition_aware,3,0,0
participant_20240910190236_score_83_model_CH_5,transition_aware,4,0,0
participant_20240910190236_score_83_model_CH_5,transition_aware,5,0,0
participant_20240910190236_score_83_model_CH_5,transition_aware,6,0,0
participant_20240910190236_score_83_model_CH_5,transition_aware,7,0,0
participant_20240910190236_score_83_model_CH_5,transition_aware,8,0,0
participant_20240910190236_score_83_model_CH_5,transition_aware,9,0,0
participant_20240910190236_score_83_model_CH_5,transition_aware,10,1,0
participant_20240910190236_score_83_model_CH_5,transition_aware,11,0,0
participant_20240910190236_score_83_model_CH_5,transition_aware,12,1,0
participant_20240910190236_score_83_model_CH_5,transition_aware,13,0,0
participant_20240910190236_score_83_model_CH_5,transition_aware,14,0,0
participant_20240910190236_score_83_model_CH_5,transition_aware,15,0,0
participant_20240910190236_score_83_model_CH_5,transition_aware,16,0,0
participant_20240910190236_score_83_model_CH_5,transition_aware,17,0,0
participant_20240910190236_score_83_model_CH_5,transition_aware,18,0,0
participant_20240910190236_score_83_model_CH_5,transition_aware,19,0,0
participant_20240910190236_score_83_model_CH_5,transition_aware,20,0,0
participant_20240910190236_score_83_model_CH_5,transition_aware,21,0,0
participant_20240910190236_score_83_model_CH_5,transition_aware,22,0,0
participant_20240910190236_score_83_model_CH_5,transition_aware,23,0,0
participant_20240910190236_score_83_model_CH_5,transition_aware,24,0,0
participant_20240910190236_score_83_model_CH_5,transition_aware,25,0,0
participant_20240910190236_score_83_model_CH_5,transition_aware,26,0,0
participant_20240910190236_score_83_model_CH_5,transition_aware,27,0,0
participant_20240910190236_score_83_model_CH_5,transition_aware,28,1,0
participant_20240910190236_score_83_model_CH_5,transition_aware,29,0,0
participant_20240910190236_score_83_model_CH_5,transition_aware,30,0,0
participant_20240910190236_score_83_model_CH_5,transition_aware,31,1,0
participant_20240910190236_score_83_model_CH_5,transition_aware,32,0,0
participant_20240910190236_score_83_model_CH_5,transition_aware,33,0,0
participant_20240910190236_score_83_model_CH_5,transition_aware,34,0,0
participant_20240910190236_score_83_model_CH_5,transition_aware,35,0,0
participant_20240910190236_score_83_model_CH_5,transition_aware,36,0,0
participant_20240910190236_score_83_model_CH_5,transition_aware,37,0,0
participant_20240910190236_score_83_model_CH_5,transition_aware,38,0,0
participant_20240910190236_score_83_model_CH_5,transition_aware,39,0,0
participant_20240910190236_score_83_model_CH_5,transition_aware,40,0,0
participant_20240910190846_score_86_model_CH_5,transition_aware,2,0,0
participant_20240910190846_score_86_model_CH_5,transition_aware,3,0,0
participant_20240910190846_score_86_model_CH_5,transition_aware,4,0,0
participant_20240910190846_score_86_model_CH_5,transition_aware,5,0,0
participant_20240910190846_score_86_model_CH_5,transition_aware,6,0,0
participant_20240910190846_score_86_model_CH_5,transition_aware,7,0,1
participant_20240910190846_score_86_model_CH_5,transition_aware,8,0,1
participant_20240910190846_score_86_model_CH_5,transition_aware,9,1,0
participant_20240910190846_score_86_model_CH_5,transition_aware,10,0,1
participant_20240910190846_score_86_model_CH_5,transition_aware,11,1,1
participant_20240910190846_score_86_model_CH_5,transition_aware,12,1,1
participant_20240910190846_score_86_model_CH_5,transition_aware,13,0,0
participant_20240910190846_score_86_model_CH_5,transition_aware,14,0,0
participant_20240910190846_score_86_model_CH_5,transition_aware,15,0,1
participant_20240910190846_score_86_model_CH_5,transition_aware,16,0,1
participant_20240910190846_score_86_model_CH_5,transition_aware,17,0,0
participant_20240910190846_score_86_model_CH_5,transition_aware,18,0,1
participant_20240910190846_score_86_model_CH_5,transition_aware,19,0,0
participant_20240910190846_score_86_model_CH_5,transition_aware,20,0,1
participant_20240910190846_score_86_model_CH_5,transition_aware,21,1,0
participant_20240910190846_score_86_model_CH_5,transition_aware,22,1,0
participant_20240910190846_score_86_model_CH_5,transition_aware,23,0,0
participant_20240910190846_score_86_model_CH_5,transition_aware,24,0,1
participant_20240910190846_score_86_model_CH_5,transition_aware,25,1,0
participant_20240910190846_score_86_model_CH_5,transition_aware,26,0,0
participant_20240910190846_score_86_model_CH_5,transition_aware,27,0,0
participant_20240910190846_score_86_model_CH_5,transition_aware,28,1,0
participant_20240910190846_score_86_model_CH_5,transition_aware,29,0,1
participant_20240910190846_score_86_model_CH_5,transition_aware,30,0,0
participant_20240910190846_score_86_model_CH_5,transition_aware,31,0,0
participant_20240910190846_score_86_model_CH_5,transition_aware,32,1,0
participant_20240910190846_score_86_model_CH_5,transition_aware,33,0,1
participant_20240910190846_score_86_model_CH_5,transition_aware,34,0,0
participant_20240910190846_score_86_model_CH_5,transition_aware,35,0,1
participant_20240910190846_score_86_model_CH_5,transition_aware,36,0,0
participant_20240910190846_score_86_model_CH_5,transition_aware,37,0,0
participant_20240910190846_score_86_model_CH_5,transition_aware,38,0,0
participant_20240910190846_score_86_model_CH_5,transition_aware,39,1,1
participant_20240910190846_score_86_model_CH_5,transition_aware,40,0,0
participant_20240910190901_score_88_model_CH_5,transition_aware,2,1,0
participant_20240910190901_score_88_model_CH_5,transition_aware,3,0,0
participant_20240910190901_score_88_model_CH_5,transition_aware,4,0,0
participant_20240910190901_score_88_model_CH_5,transition_aware,5,0,0
participant_20240910190901_score_88_model_CH_5,transition_aware,6,1,0
participant_20240910190901_score_88_model_CH_5,transition_aware,7,0,0
participant_20240910190901_score_88_model_CH_5,transition_aware,8,0,0
participant_20240910190901_score_88_model_CH_5,transition_aware,9,0,0
participant_20240910190901_score_88_model_CH_5,transition_aware,10,0,0
participant_20240910190901_score_88_model_CH_5,transition_aware,11,0,0
participant_20240910190901_score_88_model_CH_5,transition_aware,12,0,0
participant_20240910190901_score_88_model_CH_5,transition_aware,13,0,0
participant_20240910190901_score_88_model_CH_5,transition_aware,14,0,0
participant_20240910190901_score_88_model_CH_5,transition_aware,15,0,0
participant_20240910190901_score_88_model_CH_5,transition_aware,16,0,0
participant_20240910190901_score_88_model_CH_5,transition_aware,17,0,0
participant_20240910190901_score_88_model_CH_5,transition_aware,18,0,0
participant_20240910190901_score_88_model_CH_5,transition_aware,19,0,0
participant_20240910190901_score_88_model_CH_5,transition_aware,20,0,0
participant_20240910190901_score_88_model_CH_5,transition_aware,21,0,0
participant_20240910190901_score_88_model_CH_5,transition_aware,22,0,0
participant_20240910190901_score_88_model_CH_5,transition_aware,23,1,0
participant_20240910190901_score_88_model_CH_5,transition_aware,24,0,0
participant_20240910190901_score_88_model_CH_5,transition_aware,25,0,0
participant_20240910190901_score_88_model_CH_5,transition_aware,26,0,0
participant_20240910190901_score_88_model_CH_5,transition_aware,27,0,0
participant_20240910190901_score_88_model_CH_5,transition_aware,28,0,0
participant_20240910190901_score_88_model_CH_5,transition_aware,29,0,0
participant_20240910190901_score_88_model_CH_5,transition_aware,30,0,0
participant_20240910190901_score_88_model_CH_5,transition_aware,31,0,1
participant_20240910190901_score_88_model_CH_5,transition_aware,32,1,0
participant_20240910190901_score_88_model_CH_5,transition_aware,33,0,0
participant_20240910190901_score_88_model_CH_5,transition_aware,34,0,1
participant_20240910190901_score_88_model_CH_5,transition_aware,35,0,1
participant_20240910190901_score_88_model_CH_5,transition_aware,36,0,0
participant_20240910190901_score_88_model_CH_5,transition_aware,37,1,0
participant_20240910190901_score_88_model_CH_5,transition_aware,38,0,0
participant_20240910190901_score_88_model_CH_5,transition_aware,39,0,0
participant_20240910190901_score_88_model_CH_5,transition_aware,40,0,0
participant_20240910194715_score_91_model_CH_5,transition_aware,2,0,0
participant_20240910194715_score_91_model_CH_5,transition_aware,3,0,0
participant_20240910194715_score_91_model_CH_5,transition_aware,4,0,0
participant_20240910194715_score_91_model_CH_5,transition_aware,5,1,0
participant_20240910194715_score_91_model_CH_5,transition_aware,6,1,0
participant_20240910194715_score_91_model_CH_5,transition_aware,7,0,0
participant_20240910194715_score_91_model_CH_5,transition_aware,8,1,0
participant_20240910194715_score_91_model_CH_5,transition_aware,9,0,0
participant_20240910194715_score_91_model_CH_5,transition_aware,10,0,1
participant_20240910194715_score_91_model_CH_5,transition_aware,11,0,0
participant_20240910194715_score_91_model_CH_5,transition_aware,12,0,0
participant_20240910194715_score_91_model_CH_5,transition_aware,13,0,0
participant_20240910194715_score_91_model_CH_5,transition_aware,14,1,0
participant_20240910194715_score_91_model_CH_5,transition_aware,15,0,0
participant_20240910194715_score_91_model_CH_5,transition_aware,16,0,0
participant_20240910194715_score_91_model_CH_5,transition_aware,17,0,0
participant_20240910194715_score_91_model_CH_5,transition_aware,18,0,0
participant_20240910194715_score_91_model_CH_5,transition_aware,19,1,1
participant_20240910194715_score_91_model_CH_5,transition_aware,20,1,1
participant_20240910194715_score_91_model_CH_5,transition_aware,21,1,1
participant_20240910194715_score_91_model_CH_5,transition_aware,22,1,1
participant_20240910194715_score_91_model_CH_5,transition_aware,23,1,1
participant_20240910194715_score_91_model_CH_5,transition_aware,24,1,1
participant_20240910194715_score_91_model_CH_5,transition_aware,25,1,0
participant_20240910194715_score_91_model_CH_5,transition_aware,26,0,0
participant_20240910194715_score_91_model_CH_5,transition_aware,27,0,0
participant_20240910194715_score_91_model_CH_5,transition_aware,28,0,0
participant_20240910194715_score_91_model_CH_5,transition_aware,29,1,1
participant_20240910194715_score_91_model_CH_5,transition_aware,30,0,0
participant_20240910194715_score_91_model_CH_5,transition_aware,31,0,0
participant_20240910194715_score_91_model_CH_5,transition_aware,32,0,1
participant_20240910194715_score_91_model_CH_5,transition_aware,33,0,0
participant_20240910194715_score_91_model_CH_5,transition_aware,34,0,0
participant_20240910194715_score_91_model_CH_5,transition_aware,35,1,1
participant_20240910194715_score_91_model_CH_5,transition_aware,36,1,1
participant_20240910194715_score_91_model_CH_5,transition_aware,37,1,1
participant_20240910194715_score_91_model_CH_5,transition_aware,38,1,1
participant_20240910194715_score_91_model_CH_5,transition_aware,39,1,1
participant_20240910194715_score_91_model_CH_5,transition_aware,40,1,1
participant_20240910200349_score_83_model_CH_5,transition_aware,2,0,0
participant_20240910200349_score_83_model_CH_5,transition_aware,3,1,0
participant_20240910200349_score_83_model_CH_5,transition_aware,4,0,0
participant_20240910200349_score_83_model_CH_5,transition_aware,5,0,0
participant_20240910200349_score_83_model_CH_5,transition_aware,6,0,0
participant_20240910200349_score_83_model_CH_5,transition_aware,7,0,0
participant_20240910200349_score_83_model_CH_5,transition_aware,8,0,0
participant_20240910200349_score_83_model_CH_5,transition_aware,9,0,0
participant_20240910200349_score_83_model_CH_5,transition_aware,10,0,0
participant_20240910200349_score_83_model_CH_5,transition_aware,11,0,0
participant_20240910200349_score_83_model_CH_5,transition_aware,12,0,0
participant_20240910200349_score_83_model_CH_5,transition_aware,13,0,0
participant_20240910200349_score_83_model_CH_5,transition_aware,14,1,0
participant_20240910200349_score_83_model_CH_5,transition_aware,15,0,0
participant_20240910200349_score_83_model_CH_5,transition_aware,16,0,0
participant_20240910200349_score_83_model_CH_5,transition_aware,17,0,0
participant_20240910200349_score_83_model_CH_5,transition_aware,18,0,0
participant_20240910200349_score_83_model_CH_5,transition_aware,19,1,0
participant_20240910200349_score_83_model_CH_5,transition_aware,20,0,0
participant_20240910200349_score_83_model_CH_5,transition_aware,21,0,0
participant_20240910200349_score_83_model_CH_5,transition_aware,22,0,0
participant_20240910200349_score_83_model_CH_5,transition_aware,23,0,0
participant_20240910200349_score_83_model_CH_5,transition_aware,24,1,0
participant_20240910200349_score_83_model_CH_5,transition_aware,25,0,0
participant_20240910200349_score_83_model_CH_5,transition_aware,26,0,0
participant_20240910200349_score_83_model_CH_5,transition_aware,27,0,0
participant_20240910200349_score_83_model_CH_5,transition_aware,28,1,0
participant_20240910200349_score_83_model_CH_5,transition_aware,29,0,1
participant_20240910200349_score_83_model_CH_5,transition_aware,30,0,0
participant_20240910200349_score_83_model_CH_5,transition_aware,31,0,0
participant_20240910200349_score_83_model_CH_5,transition_aware,32,0,0
participant_20240910200349_score_83_model_CH_5,transition_aware,33,0,0
participant_20240910200349_score_83_model_CH_5,transition_aware,34,0,0
participant_20240910200349_score_83_model_CH_5,transition_aware,35,0,0
participant_20240910200349_score_83_model_CH_5,transition_aware,36,0,0
participant_20240910200349_score_83_model_CH_5,transition_aware,37,0,0
participant_20240910200349_score_83_model_CH_5,transition_aware,38,0,0
participant_20240910200349_score_83_model_CH_5,transition_aware,39,0,0
participant_20240910200349_score_83_model_CH_5,transition_aware,40,0,0
participant_20240919122409_score_90_model_CH_5,transition_aware,2,1,0
participant_20240919122409_score_90_model_CH_5,transition_aware,3,0,0
participant_20240919122409_score_90_model_CH_5,transition_aware,4,0,0
participant_20240919122409_score_90_model_CH_5,transition_aware,5,0,0
participant_20240919122409_score_90_model_CH_5,transition_aware,6,0,0
participant_20240919122409_score_90_model_CH_5,transition_aware,7,1,1
participant_20240919122409_score_90_model_CH_5,transition_aware,8,0,0
participant_20240919122409_score_90_model_CH_5,transition_aware,9,0,0
participant_20240919122409_score_90_model_CH_5,transition_aware,10,0,0
participant_20240919122409_score_90_model_CH_5,transition_aware,11,1,0
participant_20240919122409_score_90_model_CH_5,transition_aware,12,0,0
participant_20240919122409_score_90_model_CH_5,transition_aware,13,0,1
participant_20240919122409_score_90_model_CH_5,transition_aware,14,0,0
participant_20240919122409_score_90_model_CH_5,transition_aware,15,0,1
participant_20240919122409_score_90_model_CH_5,transition_aware,16,0,0
participant_20240919122409_score_90_model_CH_5,transition_aware,17,1,1
participant_20240919122409_score_90_model_CH_5,transition_aware,18,0,0
participant_20240919122409_score_90_model_CH_5,transition_aware,19,1,1
participant_20240919122409_score_90_model_CH_5,transition_aware,20,0,0
participant_20240919122409_score_90_model_CH_5,transition_aware,21,0,0
participant_20240919122409_score_90_model_CH_5,transition_aware,22,1,0
participant_20240919122409_score_90_model_CH_5,transition_aware,23,0,0
participant_20240919122409_score_90_model_CH_5,transition_aware,24,1,1
participant_20240919122409_score_90_model_CH_5,transition_aware,25,1,1
participant_20240919122409_score_90_model_CH_5,transition_aware,26,1,1
participant_20240919122409_score_90_model_CH_5,transition_aware,27,0,0
participant_20240919122409_score_90_model_CH_5,transition_aware,28,0,0
participant_20240919122409_score_90_model_CH_5,transition_aware,29,1,1
participant_20240919122409_score_90_model_CH_5,transition_aware,30,0,0
participant_20240919122409_score_90_model_CH_5,transition_aware,31,0,0
participant_20240919122409_score_90_model_CH_5,transition_aware,32,1,1
participant_20240919122409_score_90_model_CH_5,transition_aware,33,0,0
participant_20240919122409_score_90_model_CH_5,transition_aware,34,1,1
participant_20240919122409_score_90_model_CH_5,transition_aware,35,0,0
participant_20240919122409_score_90_model_CH_5,transition_aware,36,1,1
participant_20240919122409_score_90_model_CH_5,transition_aware,37,1,1
participant_20240919122409_score_90_model_CH_5,transition_aware,38,1,1
participant_20240919122409_score_90_model_CH_5,transition_aware,39,1,1
participant_20240919122409_score_90_model_CH_5,transition_aware,40,1,1
participant_20240919122439_score_87_model_CH_5,transition_aware,2,0,0
participant_20240919122439_score_87_model_CH_5,transition_aware,3,1,1
participant_20240919122439_score_87_model_CH_5,transition_aware,4,0,0
participant_20240919122439_score_87_model_CH_5,transition_aware,5,0,0
participant_20240919122439_score_87_model_CH_5,transition_aware,6,0,1
participant_20240919122439_score_87_model_CH_5,transition_aware,7,0,1
participant_20240919122439_score_87_model_CH_5,transition_aware,8,1,1
participant_20240919122439_score_87_model_CH_5,transition_aware,9,0,0
participant_20240919122439_score_87_model_CH_5,transition_aware,10,0,1
participant_20240919122439_score_87_model_CH_5,transition_aware,11,0,1
participant_20240919122439_score_87_model_CH_5,transition_aware,12,1,1
participant_20240919122439_score_87_model_CH_5,transition_aware,13,0,1
participant_20240919122439_score_87_model_CH_5,transition_aware,14,1,1
participant_20240919122439_score_87_model_CH_5,transition_aware,15,1,1
participant_20240919122439_score_87_model_CH_5,transition_aware,16,0,1
participant_20240919122439_score_87_model_CH_5,transition_aware,17,0,0
participant_20240919122439_score_87_model_CH_5,transition_aware,18,0,0
participant_20240919122439_score_87_model_CH_5,transition_aware,19,0,0
participant_20240919122439_score_87_model_CH_5,transition_aware,20,0,1
participant_20240919122439_score_87_model_CH_5,transition_aware,21,0,1
participant_20240919122439_score_87_model_CH_5,transition_aware,22,0,0
participant_20240919122439_score_87_model_CH_5,transition_aware,23,0,0
participant_20240919122439_score_87_model_CH_5,transition_aware,24,0,0
participant_20240919122439_score_87_model_CH_5,transition_aware,25,0,0
participant_20240919122439_score_87_model_CH_5,transition_aware,26,0,1
participant_20240919122439_score_87_model_CH_5,transition_aware,27,0,1
participant_20240919122439_score_87_model_CH_5,transition_aware,28,0,0
participant_20240919122439_score_87_model_CH_5,transition_aware,29,1,0
participant_20240919122439_score_87_model_CH_5,transition_aware,30,0,0
participant_20240919122439_score_87_model_CH_5,transition_aware,31,0,0
participant_20240919122439_score_87_model_CH_5,transition_aware,32,0,0
participant_20240919122439_score_87_model_CH_5,transition_aware,33,0,0
participant_20240919122439_score_87_model_CH_5,transition_aware,34,0,0
participant_20240919122439_score_87_model_CH_5,transition_aware,35,1,1
participant_20240919122439_score_87_model_CH_5,transition_aware,36,1,0
participant_20240919122439_score_87_model_CH_5,transition_aware,37,0,0
participant_20240919122439_score_87_model_CH_5,transition_aware,38,1,0
participant_20240919122439_score_87_model_CH_5,transition_aware,39,0,0
participant_20240919122439_score_87_model_CH_5,transition_aware,40,0,0
participant_20240919122456_score_86_model_CH_5,transition_aware,2,1,1
participant_20240919122456_score_86_model_CH_5,transition_aware,3,1,1
participant_20240919122456_score_86_model_CH_5,transition_aware,4,1,1
participant_20240919122456_score_86_model_CH_5,transition_aware,5,0,1
participant_20240919122456_score_86_model_CH_5,transition_aware,6,0,1
participant_20240919122456_score_86_model_CH_5,transition_aware,7,0,0
participant_20240919122456_score_86_model_CH_5,transition_aware,8,0,0
participant_20240919122456_score_86_model_CH_5,transition_aware,9,0,1
participant_20240919122456_score_86_model_CH_5,transition_aware,10,0,1
participant_20240919122456_score_86_model_CH_5,transition_aware,11,0,0
participant_20240919122456_score_86_model_CH_5,transition_aware,12,1,1
participant_20240919122456_score_86_model_CH_5,transition_aware,13,0,0
participant_20240919122456_score_86_model_CH_5,transition_aware,14,0,0
participant_20240919122456_score_86_model_CH_5,transition_aware,15,0,0
participant_20240919122456_score_86_model_CH_5,transition_aware,16,0,0
participant_20240919122456_score_86_model_CH_5,transition_aware,17,0,0
participant_20240919122456_score_86_model_CH_5,transition_aware,18,0,1
participant_20240919122456_score_86_model_CH_5,transition_aware,19,1,1
participant_20240919122456_score_86_model_CH_5,transition_aware,20,1,1
participant_20240919122456_score_86_model_CH_5,transition_aware,21,1,0
participant_20240919122456_score_86_model_CH_5,transition_aware,22,0,0
participant_20240919122456_score_86_model_CH_5,transition_aware,23,0,1
participant_20240919122456_score_86_model_CH_5,transition_aware,24,0,0
participant_20240919122456_score_86_model_CH_5,transition_aware,25,1,0
participant_20240919122456_score_86_model_CH_5,transition_aware,26,0,0
participant_20240919122456_score_86_model_CH_5,transition_aware,27,0,0
participant_20240919122456_score_86_model_CH_5,transition_aware,28,0,1
participant_20240919122456_score_86_model_CH_5,transition_aware,29,0,0
participant_20240919122456_score_86_model_CH_5,transition_aware,30,0,1
participant_20240919122456_score_86_model_CH_5,transition_aware,31,0,0
participant_20240919122456_score_86_model_CH_5,transition_aware,32,0,0
participant_20240919122456_score_86_model_CH_5,transition_aware,33,0,0
participant_20240919122456_score_86_model_CH_5,transition_aware,34,1,0
participant_20240919122456_score_86_model_CH_5,transition_aware,35,1,0
participant_20240919122456_score_86_model_CH_5,transition_aware,36,0,0
participant_20240919122456_score_86_model_CH_5,transition_aware,37,0,0
participant_20240919122456_score_86_model_CH_5,transition_aware,38,0,0
participant_20240919122456_score_86_model_CH_5,transition_aware,39,0,0
participant_20240919122456_score_86_model_CH_5,transition_aware,40,0,0
participant_20240919122607_score_84_model_CH_5,transition_aware,2,0,0
participant_20240919122607_score_84_model_CH_5,transition_aware,3,0,0
participant_20240919122607_score_84_model_CH_5,transition_aware,4,0,0
participant_20240919122607_score_84_model_CH_5,transition_aware,5,0,0
participant_20240919122607_score_84_model_CH_5,transition_aware,6,0,0
participant_20240919122607_score_84_model_CH_5,transition_aware,7,0,0
participant_20240919122607_score_84_model_CH_5,transition_aware,8,0,0
participant_20240919122607_score_84_model_CH_5,transition_aware,9,0,0
participant_20240919122607_score_84_model_CH_5,transition_aware,10,0,0
participant_20240919122607_score_84_model_CH_5,transition_aware,11,0,0
participant_20240919122607_score_84_model_CH_5,transition_aware,12,0,0
participant_20240919122607_score_84_model_CH_5,transition_aware,13,0,0
participant_20240919122607_score_84_model_CH_5,transition_aware,14,0,0
participant_20240919122607_score_84_model_CH_5,transition_aware,15,0,0
participant_20240919122607_score_84_model_CH_5,transition_aware,16,0,0
participant_20240919122607_score_84_model_CH_5,transition_aware,17,0,0
participant_20240919122607_score_84_model_CH_5,transition_aware,18,1,0
participant_20240919122607_score_84_model_CH_5,transition_aware,19,0,0
participant_20240919122607_score_84_model_CH_5,transition_aware,20,1,0
participant_20240919122607_score_84_model_CH_5,transition_aware,21,0,0
participant_20240919122607_score_84_model_CH_5,transition_aware,22,1,0
participant_20240919122607_score_84_model_CH_5,transition_aware,23,0,0
participant_20240919122607_score_84_model_CH_5,transition_aware,24,0,0
participant_20240919122607_score_84_model_CH_5,transition_aware,25,0,0
participant_20240919122607_score_84_model_CH_5,transition_aware,26,1,0
participant_20240919122607_score_84_model_CH_5,transition_aware,27,0,1
participant_20240919122607_score_84_model_CH_5,transition_aware,28,0,0
participant_20240919122607_score_84_model_CH_5,transition_aware,29,0,0
participant_20240919122607_score_84_model_CH_5,transition_aware,30,0,0
participant_20240919122607_score_84_model_CH_5,transition_aware,31,0,0
participant_20240919122607_score_84_model_CH_5,transition_aware,32,0,0
participant_20240919122607_score_84_model_CH_5,transition_aware,33,0,0
participant_20240919122607_score_84_model_CH_5,transition_aware,34,0,0
participant_20240919122607_score_84_model_CH_5,transition_aware,35,0,0
participant_20240919122607_score_84_model_CH_5,transition_aware,36,1,0
participant_20240919122607_score_84_model_CH_5,transition_aware,37,0,0
participant_20240919122607_score_84_model_CH_5,transition_aware,38,0,0
participant_20240919122607_score_84_model_CH_5,transition_aware,39,0,0
participant_20240919122607_score_84_model_CH_5,transition_aware,40,0,0
participant_20240919122733_score_83_model_CH_5,transition_aware,2,0,0
participant_20240919122733_score_83_model_CH_5,transition_aware,3,0,0
participant_20240919122733_score_83_model_CH_5,transition_aware,4,1,0
participant_20240919122733_score_83_model_CH_5,transition_aware,5,1,0
participant_20240919122733_score_83_model_CH_5,transition_aware,6,0,1
participant_20240919122733_score_83_model_CH_5,transition_aware,7,0,0
participant_20240919122733_score_83_model_CH_5,transition_aware,8,0,0
participant_20240919122733_score_83_model_CH_5,transition_aware,9,0,0
participant_20240919122733_score_83_model_CH_5,transition_aware,10,0,0
participant_20240919122733_score_83_model_CH_5,transition_aware,11,0,0
participant_20240919122733_score_83_model_CH_5,transition_aware,12,0,0
participant_20240919122733_score_83_model_CH_5,transition_aware,13,1,0
participant_20240919122733_score_83_model_CH_5,transition_aware,14,0,1
participant_20240919122733_score_83_model_CH_5,transition_aware,15,0,0
participant_20240919122733_score_83_model_CH_5,transition_aware,16,0,0
participant_20240919122733_score_83_model_CH_5,transition_aware,17,0,0
participant_20240919122733_score_83_model_CH_5,transition_aware,18,0,0
participant_20240919122733_score_83_model_CH_5,transition_aware,19,0,0
participant_20240919122733_score_83_model_CH_5,transition_aware,20,0,0
participant_20240919122733_score_83_model_CH_5,transition_aware,21,0,0
participant_20240919122733_score_83_model_CH_5,transition_aware,22,0,0
participant_20240919122733_score_83_model_CH_5,transition_aware,23,1,0
participant_20240919122733_score_83_model_CH_5,transition_aware,24,0,1
participant_20240919122733_score_83_model_CH_5,transition_aware,25,0,0
participant_20240919122733_score_83_model_CH_5,transition_aware,26,0,0
participant_20240919122733_score_83_model_CH_5,transition_aware,27,1,1
participant_20240919122733_score_83_model_CH_5,transition_aware,28,1,0
participant_20240919122733_score_83_model_CH_5,transition_aware,29,0,0
participant_20240919122733_score_83_model_CH_5,transition_aware,30,1,0
participant_20240919122733_score_83_model_CH_5,transition_aware,31,0,0
participant_20240919122733_score_83_model_CH_5,transition_aware,32,0,0
participant_20240919122733_score_83_model_CH_5,transition_aware,33,0,0
participant_20240919122733_score_83_model_CH_5,transition_aware,34,0,0
participant_20240919122733_score_83_model_CH_5,transition_aware,35,0,0
participant_20240919122733_score_83_model_CH_5,transition_aware,36,0,0
participant_20240919122733_score_83_model_CH_5,transition_aware,37,0,0
participant_20240919122733_score_83_model_CH_5,transition_aware,38,0,0
participant_20240919122733_score_83_model_CH_5,transition_aware,39,0,0
participant_20240919122733_score_83_model_CH_5,transition_aware,40,1,0
participant_20240919123038_score_83_model_CH_5,transition_aware,2,0,0
participant_20240919123038_score_83_model_CH_5,transition_aware,3,0,0
participant_20240919123038_score_83_model_CH_5,transition_aware,4,0,0
participant_20240919123038_score_83_model_CH_5,transition_aware,5,0,0
participant_20240919123038_score_83_model_CH_5,transition_aware,6,0,0
participant_20240919123038_score_83_model_CH_5,transition_aware,7,0,0
participant_20240919123038_score_83_model_CH_5,transition_aware,8,0,0
participant_20240919123038_score_83_model_CH_5,transition_aware,9,0,0
participant_20240919123038_score_83_model_CH_5,transition_aware,10,0,0
participant_20240919123038_score_83_model_CH_5,transition_aware,11,0,0
participant_20240919123038_score_83_model_CH_5,transition_aware,12,0,0
participant_20240919123038_score_83_model_CH_5,transition_aware,13,0,0
participant_20240919123038_score_83_model_CH_5,transition_aware,14,1,0
participant_20240919123038_score_83_model_CH_5,transition_aware,15,0,0
participant_20240919123038_score_83_model_CH_5,transition_aware,16,0,0
participant_20240919123038_score_83_model_CH_5,transition_aware,17,0,0
participant_20240919123038_score_83_model_CH_5,transition_aware,18,0,0
participant_20240919123038_score_83_model_CH_5,transition_aware,19,0,0
participant_20240919123038_score_83_model_CH_5,transition_aware,20,0,0
participant_20240919123038_score_83_model_CH_5,transition_aware,21,1,0
participant_20240919123038_score_83_model_CH_5,transition_aware,22,0,0
participant_20240919123038_score_83_model_CH_5,transition_aware,23,1,1
participant_20240919123038_score_83_model_CH_5,transition_aware,24,1,0
participant_20240919123038_score_83_model_CH_5,transition_aware,25,0,0
participant_20240919123038_score_83_model_CH_5,transition_aware,26,1,0
participant_20240919123038_score_83_model_CH_5,transition_aware,27,0,1
participant_20240919123038_score_83_model_CH_5,transition_aware,28,0,0
participant_20240919123038_score_83_model_CH_5,transition_aware,29,0,0
participant_20240919123038_score_83_model_CH_5,transition_aware,30,1,0
participant_20240919123038_score_83_model_CH_5,transition_aware,31,0,0
participant_20240919123038_score_83_model_CH_5,transition_aware,32,0,0
participant_20240919123038_score_83_model_CH_5,transition_aware,33,1,0
participant_20240919123038_score_83_model_CH_5,transition_aware,34,0,0
participant_20240919123038_score_83_model_CH_5,transition_aware,35,0,0
participant_20240919123038_score_83_model_CH_5,transition_aware,36,0,0
participant_20240919123038_score_83_model_CH_5,transition_aware,37,0,0
participant_20240919123038_score_83_model_CH_5,transition_aware,38,0,0
participant_20240919123038_score_83_model_CH_5,transition_aware,39,0,0
participant_20240919123038_score_83_model_CH_5,transition_aware,40,0,0
participant_20240919123048_score_82_model_CH_5,transition_aware,2,0,1
participant_20240919123048_score_82_model_CH_5,transition_aware,3,0,0
participant_20240919123048_score_82_model_CH_5,transition_aware,4,0,0
participant_20240919123048_score_82_model_CH_5,transition_aware,5,0,1
participant_20240919123048_score_82_model_CH_5,transition_aware,6,0,0
participant_20240919123048_score_82_model_CH_5,transition_aware,7,0,0
participant_20240919123048_score_82_model_CH_5,transition_aware,8,0,0
participant_20240919123048_score_82_model_CH_5,transition_aware,9,0,1
participant_20240919123048_score_82_model_CH_5,transition_aware,10,0,1
participant_20240919123048_score_82_model_CH_5,transition_aware,11,0,1
participant_20240919123048_score_82_model_CH_5,transition_aware,12,0,1
participant_20240919123048_score_82_model_CH_5,transition_aware,13,0,1
participant_20240919123048_score_82_model_CH_5,transition_aware,14,0,1
participant_20240919123048_score_82_model_CH_5,transition_aware,15,0,1
participant_20240919123048_score_82_model_CH_5,transition_aware,16,0,1
participant_20240919123048_score_82_model_CH_5,transition_aware,17,0,1
participant_20240919123048_score_82_model_CH_5,transition_aware,18,0,1
participant_20240919123048_score_82_model_CH_5,transition_aware,19,1,1
participant_20240919123048_score_82_model_CH_5,transition_aware,20,1,1
participant_20240919123048_score_82_model_CH_5,transition_aware,21,0,1
participant_20240919123048_score_82_model_CH_5,transition_aware,22,0,1
participant_20240919123048_score_82_model_CH_5,transition_aware,23,0,1
participant_20240919123048_score_82_model_CH_5,transition_aware,24,0,1
participant_20240919123048_score_82_model_CH_5,transition_aware,25,0,1
participant_20240919123048_score_82_model_CH_5,transition_aware,26,0,1
participant_20240919123048_score_82_model_CH_5,transition_aware,27,0,1
participant_20240919123048_score_82_model_CH_5,transition_aware,28,0,1
participant_20240919123048_score_82_model_CH_5,transition_aware,29,1,1
participant_20240919123048_score_82_model_CH_5,transition_aware,30,0,0
participant_20240919123048_score_82_model_CH_5,transition_aware,31,0,1
participant_20240919123048_score_82_model_CH_5,transition_aware,32,0,1
participant_20240919123048_score_82_model_CH_5,transition_aware,33,0,0
participant_20240919123048_score_82_model_CH_5,transition_aware,34,0,0
participant_20240919123048_score_82_model_CH_5,transition_aware,35,0,0
participant_20240919123048_score_82_model_CH_5,transition_aware,36,0,1
participant_20240919123048_score_82_model_CH_5,transition_aware,37,0,0
participant_20240919123048_score_82_model_CH_5,transition_aware,38,0,0
participant_20240919123048_score_82_model_CH_5,transition_aware,39,0,0
participant_20240919123048_score_82_model_CH_5,transition_aware,40,0,0
participant_20240919123057_score_89_model_CH_5,transition_aware,2,0,0
participant_20240919123057_score_89_model_CH_5,transition_aware,3,0,0
participant_20240919123057_score_89_model_CH_5,transition_aware,4,0,1
participant_20240919123057_score_89_model_CH_5,transition_aware,5,0,1
participant_20240919123057_score_89_model_CH_5,transition_aware,6,0,1
participant_20240919123057_score_89_model_CH_5,transition_aware,7,0,0
participant_20240919123057_score_89_model_CH_5,transition_aware,8,0,0
participant_20240919123057_score_89_model_CH_5,transition_aware,9,1,1
participant_20240919123057_score_89_model_CH_5,transition_aware,10,0,1
participant_20240919123057_score_89_model_CH_5,transition_aware,11,0,0
participant_20240919123057_score_89_model_CH_5,transition_aware,12,0,0
participant_20240919123057_score_89_model_CH_5,transition_aware,13,0,0
participant_20240919123057_score_89_model_CH_5,transition_aware,14,0,0
participant_20240919123057_score_89_model_CH_5,transition_aware,15,0,0
participant_20240919123057_score_89_model_CH_5,transition_aware,16,0,0
participant_20240919123057_score_89_model_CH_5,transition_aware,17,0,0
participant_20240919123057_score_89_model_CH_5,transition_aware,18,0,1
participant_20240919123057_score_89_model_CH_5,transition_aware,19,0,0
participant_20240919123057_score_89_model_CH_5,transition_aware,20,0,1
participant_20240919123057_score_89_model_CH_5,transition_aware,21,0,0
participant_20240919123057_score_89_model_CH_5,transition_aware,22,0,0
participant_20240919123057_score_89_model_CH_5,transition_aware,23,0,0
participant_20240919123057_score_89_model_CH_5,transition_aware,24,0,0
participant_20240919123057_score_89_model_CH_5,transition_aware,25,1,0
participant_20240919123057_score_89_model_CH_5,transition_aware,26,0,0
participant_20240919123057_score_89_model_CH_5,transition_aware,27,1,1
participant_20240919123057_score_89_model_CH_5,transition_aware,28,1,1
participant_20240919123057_score_89_model_CH_5,transition_aware,29,1,1
participant_20240919123057_score_89_model_CH_5,transition_aware,30,1,1
participant_20240919123057_score_89_model_CH_5,transition_aware,31,1,1
participant_20240919123057_score_89_model_CH_5,transition_aware,32,1,1
participant_20240919123057_score_89_model_CH_5,transition_aware,33,1,1
participant_20240919123057_score_89_model_CH_5,transition_aware,34,1,1
participant_20240919123057_score_89_model_CH_5,transition_aware,35,1,1
participant_20240919123057_score_89_model_CH_5,transition_aware,36,1,1
participant_20240919123057_score_89_model_CH_5,transition_aware,37,1,1
participant_20240919123057_score_89_model_CH_5,transition_aware,38,1,1
participant_20240919123057_score_89_model_CH_5,transition_aware,39,0,0
participant_20240919123057_score_89_model_CH_5,transition_aware,40,1,1
participant_20240919123200_score_94_model_CH_5,transition_aware,2,0,0
participant_20240919123200_score_94_model_CH_5,transition_aware,3,0,1
participant_20240919123200_score_94_model_CH_5,transition_aware,4,0,1
participant_20240919123200_score_94_model_CH_5,transition_aware,5,0,0
participant_20240919123200_score_94_model_CH_5,transition_aware,6,0,1
participant_20240919123200_score_94_model_CH_5,transition_aware,7,0,0
participant_20240919123200_score_94_model_CH_5,transition_aware,8,0,0
participant_20240919123200_score_94_model_CH_5,transition_aware,9,0,0
participant_20240919123200_score_94_model_CH_5,transition_aware,10,0,0
participant_20240919123200_score_94_model_CH_5,transition_aware,11,1,1
participant_20240919123200_score_94_model_CH_5,transition_aware,12,1,1
participant_20240919123200_score_94_model_CH_5,transition_aware,13,0,0
participant_20240919123200_score_94_model_CH_5,transition_aware,14,0,0
participant_20240919123200_score_94_model_CH_5,transition_aware,15,1,1
participant_20240919123200_score_94_model_CH_5,transition_aware,16,0,0
participant_20240919123200_score_94_model_CH_5,transition_aware,17,1,1
participant_20240919123200_score_94_model_CH_5,transition_aware,18,0,0
participant_20240919123200_score_94_model_CH_5,transition_aware,19,1,1
participant_20240919123200_score_94_model_CH_5,transition_aware,20,0,0
participant_20240919123200_score_94_model_CH_5,transition_aware,21,1,1
participant_20240919123200_score_94_model_CH_5,transition_aware,22,1,1
participant_20240919123200_score_94_model_CH_5,transition_aware,23,1,1
participant_20240919123200_score_94_model_CH_5,transition_aware,24,1,1
participant_20240919123200_score_94_model_CH_5,transition_aware,25,1,1
participant_20240919123200_score_94_model_CH_5,transition_aware,26,1,1
participant_20240919123200_score_94_model_CH_5,transition_aware,27,1,1
participant_20240919123200_score_94_model_CH_5,transition_aware,28,1,1
participant_20240919123200_score_94_model_CH_5,transition_aware,29,0,0
participant_20240919123200_score_94_model_CH_5,transition_aware,30,0,0
participant_20240919123200_score_94_model_CH_5,transition_aware,31,0,0
participant_20240919123200_score_94_model_CH_5,transition_aware,32,1,1
participant_20240919123200_score_94_model_CH_5,transition_aware,33,0,0
participant_20240919123200_score_94_model_CH_5,transition_aware,34,1,1
participant_20240919123200_score_94_model_CH_5,transition_aware,35,1,1
participant_20240919123200_score_94_model_CH_5,transition_aware,36,1,1
participant_20240919123200_score_94_model_CH_5,transition_aware,37,1,1
participant_20240919123200_score_94_model_CH_5,transition_aware,38,1,1
participant_20240919123200_score_94_model_CH_5,transition_aware,39,1,1
participant_20240919123200_score_94_model_CH_5,transition_aware,40,1,1
participant_20240919123256_score_82_model_CH_5,transition_aware,2,0,0
participant_20240919123256_score_82_model_CH_5,transition_aware,3,1,0
participant_20240919123256_score_82_model_CH_5,transition_aware,4,0,0
participant_20240919123256_score_82_model_CH_5,transition_aware,5,0,0
participant_20240919123256_score_82_model_CH_5,transition_aware,6,0,0
participant_20240919123256_score_82_model_CH_5,transition_aware,7,0,0
participant_20240919123256_score_82_model_CH_5,transition_aware,8,1,0
participant_20240919123256_score_82_model_CH_5,transition_aware,9,0,0
participant_20240919123256_score_82_model_CH_5,transition_aware,10,0,0
participant_20240919123256_score_82_model_CH_5,transition_aware,11,0,0
participant_20240919123256_score_82_model_CH_5,transition_aware,12,0,0
participant_20240919123256_score_82_model_CH_5,transition_aware,13,0,0
participant_20240919123256_score_82_model_CH_5,transition_aware,14,0,0
participant_20240919123256_score_82_model_CH_5,transition_aware,15,0,0
participant_20240919123256_score_82_model_CH_5,transition_aware,16,0,0
participant_20240919123256_score_82_model_CH_5,transition_aware,17,1,0
participant_20240919123256_score_82_model_CH_5,transition_aware,18,0,0
participant_20240919123256_score_82_model_CH_5,transition_aware,19,0,0
participant_20240919123256_score_82_model_CH_5,transition_aware,20,0,0
participant_20240919123256_score_82_model_CH_5,transition_aware,21,0,0
participant_20240919123256_score_82_model_CH_5,transition_aware,22,1,0
participant_20240919123256_score_82_model_CH_5,transition_aware,23,0,0
participant_20240919123256_score_82_model_CH_5,transition_aware,24,0,0
participant_20240919123256_score_82_model_CH_5,transition_aware,25,0,0
participant_20240919123256_score_82_model_CH_5,transition_aware,26,0,0
participant_20240919123256_score_82_model_CH_5,transition_aware,27,0,0
participant_20240919123256_score_82_model_CH_5,transition_aware,28,0,0
participant_20240919123256_score_82_model_CH_5,transition_aware,29,0,0
participant_20240919123256_score_82_model_CH_5,transition_aware,30,0,0
participant_20240919123256_score_82_model_CH_5,transition_aware,31,0,0
participant_20240919123256_score_82_model_CH_5,transition_aware,32,0,0
participant_20240919123256_score_82_model_CH_5,transition_aware,33,0,0
participant_20240919123256_score_82_model_CH_5,transition_aware,34,0,0
participant_20240919123256_score_82_model_CH_5,transition_aware,35,0,0
participant_20240919123256_score_82_model_CH_5,transition_aware,36,0,0
participant_20240919123256_score_82_model_CH_5,transition_aware,37,0,0
participant_20240919123256_score_82_model_CH_5,transition_aware,38,0,0
participant_20240919123256_score_82_model_CH_5,transition_aware,39,0,0
participant_20240919123256_score_82_model_CH_5,transition_aware,40,1,0
participant_20240919123307_score_91_model_CH_5,transition_aware,2,0,0
participant_20240919123307_score_91_model_CH_5,transition_aware,3,0,0
participant_20240919123307_score_91_model_CH_5,transition_aware,4,0,0
participant_20240919123307_score_91_model_CH_5,transition_aware,5,0,0
participant_20240919123307_score_91_model_CH_5,transition_aware,6,0,0
participant_20240919123307_score_91_model_CH_5,transition_aware,7,0,1
participant_20240919123307_score_91_model_CH_5,transition_aware,8,0,0
participant_20240919123307_score_91_model_CH_5,transition_aware,9,0,0
participant_20240919123307_score_91_model_CH_5,transition_aware,10,1,1
participant_20240919123307_score_91_model_CH_5,transition_aware,11,0,0
participant_20240919123307_score_91_model_CH_5,transition_aware,12,0,0
participant_20240919123307_score_91_model_CH_5,transition_aware,13,0,0
participant_20240919123307_score_91_model_CH_5,transition_aware,14,0,0
participant_20240919123307_score_91_model_CH_5,transition_aware,15,1,1
participant_20240919123307_score_91_model_CH_5,transition_aware,16,0,0
participant_20240919123307_score_91_model_CH_5,transition_aware,17,0,0
participant_20240919123307_score_91_model_CH_5,transition_aware,18,1,1
participant_20240919123307_score_91_model_CH_5,transition_aware,19,0,0
participant_20240919123307_score_91_model_CH_5,transition_aware,20,1,1
participant_20240919123307_score_91_model_CH_5,transition_aware,21,1,1
participant_20240919123307_score_91_model_CH_5,transition_aware,22,0,0
participant_20240919123307_score_91_model_CH_5,transition_aware,23,0,0
participant_20240919123307_score_91_model_CH_5,transition_aware,24,1,1
participant_20240919123307_score_91_model_CH_5,transition_aware,25,0,0
participant_20240919123307_score_91_model_CH_5,transition_aware,26,1,1
participant_20240919123307_score_91_model_CH_5,transition_aware,27,1,1
participant_20240919123307_score_91_model_CH_5,transition_aware,28,0,0
participant_20240919123307_score_91_model_CH_5,transition_aware,29,0,1
participant_20240919123307_score_91_model_CH_5,transition_aware,30,0,0
participant_20240919123307_score_91_model_CH_5,transition_aware,31,1,1
participant_20240919123307_score_91_model_CH_5,transition_aware,32,1,1
participant_20240919123307_score_91_model_CH_5,transition_aware,33,1,1
participant_20240919123307_score_91_model_CH_5,transition_aware,34,1,1
participant_20240919123307_score_91_model_CH_5,transition_aware,35,1,1
participant_20240919123307_score_91_model_CH_5,transition_aware,36,1,1
participant_20240919123307_score_91_model_CH_5,transition_aware,37,1,1
participant_20240919123307_score_91_model_CH_5,transition_aware,38,1,1
participant_20240919123307_score_91_model_CH_5,transition_aware,39,1,1
participant_20240919123307_score_91_model_CH_5,transition_aware,40,1,1
participant_20240919123310_score_85_model_CH_5,transition_aware,2,0,1
participant_20240919123310_score_85_model_CH_5,transition_aware,3,0,1
participant_20240919123310_score_85_model_CH_5,transition_aware,4,0,1
participant_20240919123310_score_85_model_CH_5,transition_aware,5,0,1
participant_20240919123310_score_85_model_CH_5,transition_aware,6,1,0
participant_20240919123310_score_85_model_CH_5,transition_aware,7,0,1
participant_20240919123310_score_85_model_CH_5,transition_aware,8,0,0
participant_20240919123310_score_85_model_CH_5,transition_aware,9,0,1
participant_20240919123310_score_85_model_CH_5,transition_aware,10,0,0
participant_20240919123310_score_85_model_CH_5,transition_aware,11,0,0
participant_20240919123310_score_85_model_CH_5,transition_aware,12,0,0
participant_20240919123310_score_85_model_CH_5,transition_aware,13,0,0
participant_20240919123310_score_85_model_CH_5,transition_aware,14,1,0
participant_20240919123310_score_85_model_CH_5,transition_aware,15,0,1
participant_20240919123310_score_85_model_CH_5,transition_aware,16,1,0
participant_20240919123310_score_85_model_CH_5,transition_aware,17,0,0
participant_20240919123310_score_85_model_CH_5,transition_aware,18,0,0
participant_20240919123310_score_85_model_CH_5,transition_aware,19,0,0
participant_20240919123310_score_85_model_CH_5,transition_aware,20,0,0
participant_20240919123310_score_85_model_CH_5,transition_aware,21,1,0
participant_20240919123310_score_85_model_CH_5,transition_aware,22,0,0
participant_20240919123310_score_85_model_CH_5,transition_aware,23,0,0
participant_20240919123310_score_85_model_CH_5,transition_aware,24,0,1
participant_20240919123310_score_85_model_CH_5,transition_aware,25,0,1
participant_20240919123310_score_85_model_CH_5,transition_aware,26,0,1
participant_20240919123310_score_85_model_CH_5,transition_aware,27,0,0
participant_20240919123310_score_85_model_CH_5,transition_aware,28,0,0
participant_20240919123310_score_85_model_CH_5,transition_aware,29,0,1
participant_20240919123310_score_85_model_CH_5,transition_aware,30,0,1
participant_20240919123310_score_85_model_CH_5,transition_aware,31,0,1
participant_20240919123310_score_85_model_CH_5,transition_aware,32,0,1
participant_20240919123310_score_85_model_CH_5,transition_aware,33,1,1
participant_20240919123310_score_85_model_CH_5,transition_aware,34,0,1
participant_20240919123310_score_85_model_CH_5,transition_aware,35,0,1
participant_20240919123310_score_85_model_CH_5,transition_aware,36,0,1
participant_20240919123310_score_85_model_CH_5,transition_aware,37,0,1
participant_20240919123310_score_85_model_CH_5,transition_aware,38,0,1
participant_20240919123310_score_85_model_CH_5,transition_aware,39,0,1
participant_20240919123310_score_85_model_CH_5,transition_aware,40,0,1
participant_20240919123325_score_89_model_CH_5,transition_aware,2,0,0
participant_20240919123325_score_89_model_CH_5,transition_aware,3,1,0
participant_20240919123325_score_89_model_CH_5,transition_aware,4,1,0
participant_20240919123325_score_89_model_CH_5,transition_aware,5,0,0
participant_20240919123325_score_89_model_CH_5,transition_aware,6,0,0
participant_20240919123325_score_89_model_CH_5,transition_aware,7,1,0
participant_20240919123325_score_89_model_CH_5,transition_aware,8,0,0
participant_20240919123325_score_89_model_CH_5,transition_aware,9,0,0
participant_20240919123325_score_89_model_CH_5,transition_aware,10,1,1
participant_20240919123325_score_89_model_CH_5,transition_aware,11,0,0
participant_20240919123325_score_89_model_CH_5,transition_aware,12,0,0
participant_20240919123325_score_89_model_CH_5,transition_aware,13,0,0
participant_20240919123325_score_89_model_CH_5,transition_aware,14,0,0
participant_20240919123325_score_89_model_CH_5,transition_aware,15,0,0
participant_20240919123325_score_89_model_CH_5,transition_aware,16,0,0
participant_20240919123325_score_89_model_CH_5,transition_aware,17,1,0
participant_20240919123325_score_89_model_CH_5,transition_aware,18,0,0
participant_20240919123325_score_89_model_CH_5,transition_aware,19,0,0
participant_20240919123325_score_89_model_CH_5,transition_aware,20,0,0
participant_20240919123325_score_89_model_CH_5,transition_aware,21,0,0
participant_20240919123325_score_89_model_CH_5,transition_aware,22,0,0
participant_20240919123325_score_89_model_CH_5,transition_aware,23,0,0
participant_20240919123325_score_89_model_CH_5,transition_aware,24,0,0
participant_20240919123325_score_89_model_CH_5,transition_aware,25,0,0
participant_20240919123325_score_89_model_CH_5,transition_aware,26,0,0
participant_20240919123325_score_89_model_CH_5,transition_aware,27,0,0
participant_20240919123325_score_89_model_CH_5,transition_aware,28,1,0
participant_20240919123325_score_89_model_CH_5,transition_aware,29,0,0
participant_20240919123325_score_89_model_CH_5,transition_aware,30,0,0
participant_20240919123325_score_89_model_CH_5,transition_aware,31,0,0
participant_20240919123325_score_89_model_CH_5,transition_aware,32,0,0
participant_20240919123325_score_89_model_CH_5,transition_aware,33,0,0
participant_20240919123325_score_89_model_CH_5,transition_aware,34,0,0
participant_20240919123325_score_89_model_CH_5,transition_aware,35,0,0
participant_20240919123325_score_89_model_CH_5,transition_aware,36,0,0
participant_20240919123325_score_89_model_CH_5,transition_aware,37,0,0
participant_20240919123325_score_89_model_CH_5,transition_aware,38,0,0
participant_20240919123325_score_89_model_CH_5,transition_aware,39,0,0
participant_20240919123325_score_89_model_CH_5,transition_aware,40,1,0
participant_20240919123430_score_85_model_CH_5,transition_aware,2,0,0
participant_20240919123430_score_85_model_CH_5,transition_aware,3,0,0
participant_20240919123430_score_85_model_CH_5,transition_aware,4,0,0
participant_20240919123430_score_85_model_CH_5,transition_aware,5,0,0
participant_20240919123430_score_85_model_CH_5,transition_aware,6,0,0
participant_20240919123430_score_85_model_CH_5,transition_aware,7,0,0
participant_20240919123430_score_85_model_CH_5,transition_aware,8,0,0
participant_20240919123430_score_85_model_CH_5,transition_aware,9,1,0
participant_20240919123430_score_85_model_CH_5,transition_aware,10,1,0
participant_20240919123430_score_85_model_CH_5,transition_aware,11,0,0
participant_20240919123430_score_85_model_CH_5,transition_aware,12,1,0
participant_20240919123430_score_85_model_CH_5,transition_aware,13,1,0
participant_20240919123430_score_85_model_CH_5,transition_aware,14,0,0
participant_20240919123430_score_85_model_CH_5,transition_aware,15,0,0
participant_20240919123430_score_85_model_CH_5,transition_aware,16,0,0
participant_20240919123430_score_85_model_CH_5,transition_aware,17,0,0
participant_20240919123430_score_85_model_CH_5,transition_aware,18,0,0
participant_20240919123430_score_85_model_CH_5,transition_aware,19,0,0
participant_20240919123430_score_85_model_CH_5,transition_aware,20,0,0
participant_20240919123430_score_85_model_CH_5,transition_aware,21,0,0
participant_20240919123430_score_85_model_CH_5,transition_aware,22,1,0
participant_20240919123430_score_85_model_CH_5,transition_aware,23,0,0
participant_20240919123430_score_85_model_CH_5,transition_aware,24,0,0
participant_20240919123430_score_85_model_CH_5,transition_aware,25,1,0
participant_20240919123430_score_85_model_CH_5,transition_aware,26,0,0
participant_20240919123430_score_85_model_CH_5,transition_aware,27,1,0
participant_20240919123430_score_85_model_CH_5,transition_aware,28,0,0
participant_20240919123430_score_85_model_CH_5,transition_aware,29,0,0
participant_20240919123430_score_85_model_CH_5,transition_aware,30,1,0
participant_20240919123430_score_85_model_CH_5,transition_aware,31,0,0
participant_20240919123430_score_85_model_CH_5,transition_aware,32,1,0
participant_20240919123430_score_85_model_CH_5,transition_aware,33,1,0
participant_20240919123430_score_85_model_CH_5,transition_aware,34,0,0
participant_20240919123430_score_85_model_CH_5,transition_aware,35,0,0
participant_20240919123430_score_85_model_CH_5,transition_aware,36,0,0
participant_20240919123430_score_85_model_CH_5,transition_aware,37,1,0
participant_20240919123430_score_85_model_CH_5,transition_aware,38,0,0
participant_20240919123430_score_85_model_CH_5,transition_aware,39,1,0
participant_20240919123430_score_85_model_CH_5,transition_aware,40,0,0
participant_20240919123442_score_84_model_CH_5,transition_aware,2,0,0
participant_20240919123442_score_84_model_CH_5,transition_aware,3,0,1
participant_20240919123442_score_84_model_CH_5,transition_aware,4,1,0
participant_20240919123442_score_84_model_CH_5,transition_aware,5,0,0
participant_20240919123442_score_84_model_CH_5,transition_aware,6,1,1
participant_20240919123442_score_84_model_CH_5,transition_aware,7,0,0
participant_20240919123442_score_84_model_CH_5,transition_aware,8,0,0
participant_20240919123442_score_84_model_CH_5,transition_aware,9,0,0
participant_20240919123442_score_84_model_CH_5,transition_aware,10,0,0
participant_20240919123442_score_84_model_CH_5,transition_aware,11,0,0
participant_20240919123442_score_84_model_CH_5,transition_aware,12,0,0
participant_20240919123442_score_84_model_CH_5,transition_aware,13,0,0
participant_20240919123442_score_84_model_CH_5,transition_aware,14,0,1
participant_20240919123442_score_84_model_CH_5,transition_aware,15,0,1
participant_20240919123442_score_84_model_CH_5,transition_aware,16,0,0
participant_20240919123442_score_84_model_CH_5,transition_aware,17,0,0
participant_20240919123442_score_84_model_CH_5,transition_aware,18,0,0
participant_20240919123442_score_84_model_CH_5,transition_aware,19,0,0
participant_20240919123442_score_84_model_CH_5,transition_aware,20,0,0
participant_20240919123442_score_84_model_CH_5,transition_aware,21,0,0
participant_20240919123442_score_84_model_CH_5,transition_aware,22,0,0
participant_20240919123442_score_84_model_CH_5,transition_aware,23,0,0
participant_20240919123442_score_84_model_CH_5,transition_aware,24,1,0
participant_20240919123442_score_84_model_CH_5,transition_aware,25,1,0
participant_20240919123442_score_84_model_CH_5,transition_aware,26,1,0
participant_20240919123442_score_84_model_CH_5,transition_aware,27,0,0
participant_20240919123442_score_84_model_CH_5,transition_aware,28,0,0
participant_20240919123442_score_84_model_CH_5,transition_aware,29,1,0
participant_20240919123442_score_84_model_CH_5,transition_aware,30,0,0
participant_20240919123442_score_84_model_CH_5,transition_aware,31,0,0
participant_20240919123442_score_84_model_CH_5,transition_aware,32,0,0
participant_20240919123442_score_84_model_CH_5,transition_aware,33,1,0
participant_20240919123442_score_84_model_CH_5,transition_aware,34,1,0
participant_20240919123442_score_84_model_CH_5,transition_aware,35,0,0
participant_20240919123442_score_84_model_CH_5,transition_aware,36,0,1
participant_20240919123442_score_84_model_CH_5,transition_aware,37,0,0
participant_20240919123442_score_84_model_CH_5,transition_aware,38,0,0
participant_20240919123442_score_84_model_CH_5,transition_aware,39,0,0
participant_20240919123442_score_84_model_CH_5,transition_aware,40,1,0
participant_20240919123515_score_85_model_CH_5,transition_aware,2,0,0
participant_20240919123515_score_85_model_CH_5,transition_aware,3,0,0
participant_20240919123515_score_85_model_CH_5,transition_aware,4,0,0
participant_20240919123515_score_85_model_CH_5,transition_aware,5,1,0
participant_20240919123515_score_85_model_CH_5,transition_aware,6,0,0
participant_20240919123515_score_85_model_CH_5,transition_aware,7,0,0
participant_20240919123515_score_85_model_CH_5,transition_aware,8,0,0
participant_20240919123515_score_85_model_CH_5,transition_aware,9,0,0
participant_20240919123515_score_85_model_CH_5,transition_aware,10,0,1
participant_20240919123515_score_85_model_CH_5,transition_aware,11,0,0
participant_20240919123515_score_85_model_CH_5,transition_aware,12,0,0
participant_20240919123515_score_85_model_CH_5,transition_aware,13,0,0
participant_20240919123515_score_85_model_CH_5,transition_aware,14,0,0
participant_20240919123515_score_85_model_CH_5,transition_aware,15,0,0
participant_20240919123515_score_85_model_CH_5,transition_aware,16,1,0
participant_20240919123515_score_85_model_CH_5,transition_aware,17,0,0
participant_20240919123515_score_85_model_CH_5,transition_aware,18,1,0
participant_20240919123515_score_85_model_CH_5,transition_aware,19,0,0
participant_20240919123515_score_85_model_CH_5,transition_aware,20,1,0
participant_20240919123515_score_85_model_CH_5,transition_aware,21,0,0
participant_20240919123515_score_85_model_CH_5,transition_aware,22,1,0
participant_20240919123515_score_85_model_CH_5,transition_aware,23,0,0
participant_20240919123515_score_85_model_CH_5,transition_aware,24,0,0
participant_20240919123515_score_85_model_CH_5,transition_aware,25,0,0
participant_20240919123515_score_85_model_CH_5,transition_aware,26,0,0
participant_20240919123515_score_85_model_CH_5,transition_aware,27,0,0
participant_20240919123515_score_85_model_CH_5,transition_aware,28,1,0
participant_20240919123515_score_85_model_CH_5,transition_aware,29,0,0
participant_20240919123515_score_85_model_CH_5,transition_aware,30,0,1
participant_20240919123515_score_85_model_CH_5,transition_aware,31,0,0
participant_20240919123515_score_85_model_CH_5,transition_aware,32,0,0
participant_20240919123515_score_85_model_CH_5,transition_aware,33,0,0
participant_20240919123515_score_85_model_CH_5,transition_aware,34,0,0
participant_20240919123515_score_85_model_CH_5,transition_aware,35,1,1
participant_20240919123515_score_85_model_CH_5,transition_aware,36,1,0
participant_20240919123515_score_85_model_CH_5,transition_aware,37,0,0
participant_20240919123515_score_85_model_CH_5,transition_aware,38,0,1
participant_20240919123515_score_85_model_CH_5,transition_aware,39,0,0
participant_20240919123515_score_85_model_CH_5,transition_aware,40,1,0
participant_20240919123626_score_90_model_CH_5,transition_aware,2,0,0
participant_20240919123626_score_90_model_CH_5,transition_aware,3,0,0
participant_20240919123626_score_90_model_CH_5,transition_aware,4,0,0
participant_20240919123626_score_90_model_CH_5,transition_aware,5,0,0
participant_20240919123626_score_90_model_CH_5,transition_aware,6,0,0
participant_20240919123626_score_90_model_CH_5,transition_aware,7,0,0
participant_20240919123626_score_90_model_CH_5,transition_aware,8,1,1
participant_20240919123626_score_90_model_CH_5,transition_aware,9,0,0
participant_20240919123626_score_90_model_CH_5,transition_aware,10,0,0
participant_20240919123626_score_90_model_CH_5,transition_aware,11,1,1
participant_20240919123626_score_90_model_CH_5,transition_aware,12,1,1
participant_20240919123626_score_90_model_CH_5,transition_aware,13,1,1
participant_20240919123626_score_90_model_CH_5,transition_aware,14,0,0
participant_20240919123626_score_90_model_CH_5,transition_aware,15,1,1
participant_20240919123626_score_90_model_CH_5,transition_aware,16,1,1
participant_20240919123626_score_90_model_CH_5,transition_aware,17,0,0
participant_20240919123626_score_90_model_CH_5,transition_aware,18,0,0
participant_20240919123626_score_90_model_CH_5,transition_aware,19,1,1
participant_20240919123626_score_90_model_CH_5,transition_aware,20,1,1
participant_20240919123626_score_90_model_CH_5,transition_aware,21,0,0
participant_20240919123626_score_90_model_CH_5,transition_aware,22,0,0
participant_20240919123626_score_90_model_CH_5,transition_aware,23,1,1
participant_20240919123626_score_90_model_CH_5,transition_aware,24,1,1
participant_20240919123626_score_90_model_CH_5,transition_aware,25,0,0
participant_20240919123626_score_90_model_CH_5,transition_aware,26,1,1
participant_20240919123626_score_90_model_CH_5,transition_aware,27,1,1
participant_20240919123626_score_90_model_CH_5,transition_aware,28,1,1
participant_20240919123626_score_90_model_CH_5,transition_aware,29,0,0
participant_20240919123626_score_90_model_CH_5,transition_aware,30,0,0
participant_20240919123626_score_90_model_CH_5,transition_aware,31,1,1
participant_20240919123626_score_90_model_CH_5,transition_aware,32,1,1
participant_20240919123626_score_90_model_CH_5,transition_aware,33,1,1
participant_20240919123626_score_90_model_CH_5,transition_aware,34,0,0
participant_20240919123626_score_90_model_CH_5,transition_aware,35,1,1
participant_20240919123626_score_90_model_CH_5,transition_aware,36,1,1
participant_20240919123626_score_90_model_CH_5,transition_aware,37,1,1
participant_20240919123626_score_90_model_CH_5,transition_aware,38,1,1
participant_20240919123626_score_90_model_CH_5,transition_aware,39,0,0
participant_20240919123626_score_90_model_CH_5,transition_aware,40,1,1
participant_20240919123720_score_88_model_CH_5,transition_aware,2,0,0
participant_20240919123720_score_88_model_CH_5,transition_aware,3,0,0
participant_20240919123720_score_88_model_CH_5,transition_aware,4,0,0
participant_20240919123720_score_88_model_CH_5,transition_aware,5,0,0
participant_20240919123720_score_88_model_CH_5,transition_aware,6,0,0
participant_20240919123720_score_88_model_CH_5,transition_aware,7,1,0
participant_20240919123720_score_88_model_CH_5,transition_aware,8,0,0
participant_20240919123720_score_88_model_CH_5,transition_aware,9,0,0
participant_20240919123720_score_88_model_CH_5,transition_aware,10,1,0
participant_20240919123720_score_88_model_CH_5,transition_aware,11,1,0
participant_20240919123720_score_88_model_CH_5,transition_aware,12,1,0
participant_20240919123720_score_88_model_CH_5,transition_aware,13,0,0
participant_20240919123720_score_88_model_CH_5,transition_aware,14,0,0
participant_20240919123720_score_88_model_CH_5,transition_aware,15,0,0
participant_20240919123720_score_88_model_CH_5,transition_aware,16,0,0
participant_20240919123720_score_88_model_CH_5,transition_aware,17,0,0
participant_20240919123720_score_88_model_CH_5,transition_aware,18,0,0
participant_20240919123720_score_88_model_CH_5,transition_aware,19,0,0
participant_20240919123720_score_88_model_CH_5,transition_aware,20,0,0
participant_20240919123720_score_88_model_CH_5,transition_aware,21,0,0
participant_20240919123720_score_88_model_CH_5,transition_aware,22,0,0
participant_20240919123720_score_88_model_CH_5,transition_aware,23,1,0
participant_20240919123720_score_88_model_CH_5,transition_aware,24,0,0
participant_20240919123720_score_88_model_CH_5,transition_aware,25,0,0
participant_20240919123720_score_88_model_CH_5,transition_aware,26,0,0
participant_20240919123720_score_88_model_CH_5,transition_aware,27,0,0
participant_20240919123720_score_88_model_CH_5,transition_aware,28,0,0
participant_20240919123720_score_88_model_CH_5,transition_aware,29,0,0
participant_20240919123720_score_88_model_CH_5,transition_aware,30,0,0
participant_20240919123720_score_88_model_CH_5,transition_aware,31,1,0
participant_20240919123720_score_88_model_CH_5,transition_aware,32,0,0
participant_20240919123720_score_88_model_CH_5,transition_aware,33,0,0
participant_20240919123720_score_88_model_CH_5,transition_aware,34,1,1
participant_20240919123720_score_88_model_CH_5,transition_aware,35,0,0
participant_20240919123720_score_88_model_CH_5,transition_aware,36,0,0
participant_20240919123720_score_88_model_CH_5,transition_aware,37,1,1
participant_20240919123720_score_88_model_CH_5,transition_aware,38,0,0
participant_20240919123720_score_88_model_CH_5,transition_aware,39,0,0
participant_20240919123720_score_88_model_CH_5,transition_aware,40,0,0
participant_20240919123800_score_86_model_CH_5,transition_aware,2,0,0
participant_20240919123800_score_86_model_CH_5,transition_aware,3,0,0
participant_20240919123800_score_86_model_CH_5,transition_aware,4,0,0
participant_20240919123800_score_86_model_CH_5,transition_aware,5,0,0
participant_20240919123800_score_86_model_CH_5,transition_aware,6,0,0
participant_20240919123800_score_86_model_CH_5,transition_aware,7,1,0
participant_20240919123800_score_86_model_CH_5,transition_aware,8,0,0
participant_20240919123800_score_86_model_CH_5,transition_aware,9,0,0
participant_20240919123800_score_86_model_CH_5,transition_aware,10,0,1
participant_20240919123800_score_86_model_CH_5,transition_aware,11,0,0
participant_20240919123800_score_86_model_CH_5,transition_aware,12,0,0
participant_20240919123800_score_86_model_CH_5,transition_aware,13,0,0
participant_20240919123800_score_86_model_CH_5,transition_aware,14,0,0
participant_20240919123800_score_86_model_CH_5,transition_aware,15,0,0
participant_20240919123800_score_86_model_CH_5,transition_aware,16,0,0
participant_20240919123800_score_86_model_CH_5,transition_aware,17,0,0
participant_20240919123800_score_86_model_CH_5,transition_aware,18,1,0
participant_20240919123800_score_86_model_CH_5,transition_aware,19,0,0
participant_20240919123800_score_86_model_CH_5,transition_aware,20,0,0
participant_20240919123800_score_86_model_CH_5,transition_aware,21,0,0
participant_20240919123800_score_86_model_CH_5,transition_aware,22,0,0
participant_20240919123800_score_86_model_CH_5,transition_aware,23,0,0
participant_20240919123800_score_86_model_CH_5,transition_aware,24,0,0
participant_20240919123800_score_86_model_CH_5,transition_aware,25,0,0
participant_20240919123800_score_86_model_CH_5,transition_aware,26,1,0
participant_20240919123800_score_86_model_CH_5,transition_aware,27,0,0
participant_20240919123800_score_86_model_CH_5,transition_aware,28,0,0
participant_20240919123800_score_86_model_CH_5,transition_aware,29,0,0
participant_20240919123800_score_86_model_CH_5,transition_aware,30,0,1
participant_20240919123800_score_86_model_CH_5,transition_aware,31,0,0
participant_20240919123800_score_86_model_CH_5,transition_aware,32,0,0
participant_20240919123800_score_86_model_CH_5,transition_aware,33,1,0
participant_20240919123800_score_86_model_CH_5,transition_aware,34,0,0
participant_20240919123800_score_86_model_CH_5,transition_aware,35,0,0
participant_20240919123800_score_86_model_CH_5,transition_aware,36,0,0
participant_20240919123800_score_86_model_CH_5,transition_aware,37,0,0
participant_20240919123800_score_86_model_CH_5,transition_aware,38,0,0
participant_20240919123800_score_86_model_CH_5,transition_aware,39,0,0
participant_20240919123800_score_86_model_CH_5,transition_aware,40,0,0
participant_20240919123808_score_88_model_CH_5,transition_aware,2,0,0
participant_20240919123808_score_88_model_CH_5,transition_aware,3,0,0
participant_20240919123808_score_88_model_CH_5,transition_aware,4,0,0
participant_20240919123808_score_88_model_CH_5,transition_aware,5,0,0
participant_20240919123808_score_88_model_CH_5,transition_aware,6,0,0
participant_20240919123808_score_88_model_CH_5,transition_aware,7,1,0
participant_20240919123808_score_88_model_CH_5,transition_aware,8,0,0
participant_20240919123808_score_88_model_CH_5,transition_aware,9,0,0
participant_20240919123808_score_88_model_CH_5,transition_aware,10,1,0
participant_20240919123808_score_88_model_CH_5,transition_aware,11,0,0
participant_20240919123808_score_88_model_CH_5,transition_aware,12,1,0
participant_20240919123808_score_88_model_CH_5,transition_aware,13,0,0
participant_20240919123808_score_88_model_CH_5,transition_aware,14,0,0
participant_20240919123808_score_88_model_CH_5,transition_aware,15,0,0
participant_20240919123808_score_88_model_CH_5,transition_aware,16,0,0
participant_20240919123808_score_88_model_CH_5,transition_aware,17,0,0
participant_20240919123808_score_88_model_CH_5,transition_aware,18,0,0
participant_20240919123808_score_88_model_CH_5,transition_aware,19,0,0
participant_20240919123808_score_88_model_CH_5,transition_aware,20,0,0
participant_20240919123808_score_88_model_CH_5,transition_aware,21,0,0
participant_20240919123808_score_88_model_CH_5,transition_aware,22,0,0
participant_20240919123808_score_88_model_CH_5,transition_aware,23,1,0
participant_20240919123808_score_88_model_CH_5,transition_aware,24,0,0
participant_20240919123808_score_88_model_CH_5,transition_aware,25,0,0
participant_20240919123808_score_88_model_CH_5,transition_aware,26,0,0
participant_20240919123808_score_88_model_CH_5,transition_aware,27,0,0
participant_20240919123808_score_88_model_CH_5,transition_aware,28,0,0
participant_20240919123808_score_88_model_CH_5,transition_aware,29,0,0
participant_20240919123808_score_88_model_CH_5,transition_aware,30,1,0
participant_20240919123808_score_88_model_CH_5,transition_aware,31,1,0
participant_20240919123808_score_88_model_CH_5,transition_aware,32,0,0
participant_20240919123808_score_88_model_CH_5,transition_aware,33,1,0
participant_20240919123808_score_88_model_CH_5,transition_aware,34,0,0
participant_20240919123808_score_88_model_CH_5,transition_aware,35,0,0
participant_20240919123808_score_88_model_CH_5,transition_aware,36,0,0
participant_20240919123808_score_88_model_CH_5,transition_aware,37,1,0
participant_20240919123808_score_88_model_CH_5,transition_aware,38,0,0
participant_20240919123808_score_88_model_CH_5,transition_aware,39,0,0
participant_20240919123808_score_88_model_CH_5,transition_aware,40,0,0
participant_20240919123953_score_85_model_CH_5,transition_aware,2,0,0
participant_20240919123953_score_85_model_CH_5,transition_aware,3,0,0
participant_20240919123953_score_85_model_CH_5,transition_aware,4,1,0
participant_20240919123953_score_85_model_CH_5,transition_aware,5,0,0
participant_20240919123953_score_85_model_CH_5,transition_aware,6,0,0
participant_20240919123953_score_85_model_CH_5,transition_aware,7,0,0
participant_20240919123953_score_85_model_CH_5,transition_aware,8,0,0
participant_20240919123953_score_85_model_CH_5,transition_aware,9,0,0
participant_20240919123953_score_85_model_CH_5,transition_aware,10,0,0
participant_20240919123953_score_85_model_CH_5,transition_aware,11,0,0
participant_20240919123953_score_85_model_CH_5,transition_aware,12,0,0
participant_20240919123953_score_85_model_CH_5,transition_aware,13,0,0
participant_20240919123953_score_85_model_CH_5,transition_aware,14,0,0
participant_20240919123953_score_85_model_CH_5,transition_aware,15,1,0
participant_20240919123953_score_85_model_CH_5,transition_aware,16,0,0
participant_20240919123953_score_85_model_CH_5,transition_aware,17,0,0
participant_20240919123953_score_85_model_CH_5,transition_aware,18,0,0
participant_20240919123953_score_85_model_CH_5,transition_aware,19,0,0
participant_20240919123953_score_85_model_CH_5,transition_aware,20,0,0
participant_20240919123953_score_85_model_CH_5,transition_aware,21,0,0
participant_20240919123953_score_85_model_CH_5,transition_aware,22,0,0
participant_20240919123953_score_85_model_CH_5,transition_aware,23,0,0
participant_20240919123953_score_85_model_CH_5,transition_aware,24,1,0
participant_20240919123953_score_85_model_CH_5,transition_aware,25,0,1
participant_20240919123953_score_85_model_CH_5,transition_aware,26,0,0
participant_20240919123953_score_85_model_CH_5,transition_aware,27,0,0
participant_20240919123953_score_85_model_CH_5,transition_aware,28,0,0
participant_20240919123953_score_85_model_CH_5,transition_aware,29,0,0
participant_20240919123953_score_85_model_CH_5,transition_aware,30,0,0
participant_20240919123953_score_85_model_CH_5,transition_aware,31,1,0
participant_20240919123953_score_85_model_CH_5,transition_aware,32,0,0
participant_20240919123953_score_85_model_CH_5,transition_aware,33,0,0
participant_20240919123953_score_85_model_CH_5,transition_aware,34,0,0
participant_20240919123953_score_85_model_CH_5,transition_aware,35,0,0
participant_20240919123953_score_85_model_CH_5,transition_aware,36,1,0
participant_20240919123953_score_85_model_CH_5,transition_aware,37,1,0
participant_20240919123953_score_85_model_CH_5,transition_aware,38,0,0
participant_20240919123953_score_85_model_CH_5,transition_aware,39,0,0
participant_20240919123953_score_85_model_CH_5,transition_aware,40,0,0
participant_20240919124004_score_91_model_CH_5,transition_aware,2,0,0
participant_20240919124004_score_91_model_CH_5,transition_aware,3,0,0
participant_20240919124004_score_91_model_CH_5,transition_aware,4,0,0
participant_20240919124004_score_91_model_CH_5,transition_aware,5,0,0
participant_20240919124004_score_91_model_CH_5,transition_aware,6,0,0
participant_20240919124004_score_91_model_CH_5,transition_aware,7,0,0
participant_20240919124004_score_91_model_CH_5,transition_aware,8,0,0
participant_20240919124004_score_91_model_CH_5,transition_aware,9,0,0
participant_20240919124004_score_91_model_CH_5,transition_aware,10,0,0
participant_20240919124004_score_91_model_CH_5,transition_aware,11,0,0
participant_20240919124004_score_91_model_CH_5,transition_aware,12,1,1
participant_20240919124004_score_91_model_CH_5,transition_aware,13,0,0
participant_20240919124004_score_91_model_CH_5,transition_aware,14,0,0
participant_20240919124004_score_91_model_CH_5,transition_aware,15,0,0
participant_20240919124004_score_91_model_CH_5,transition_aware,16,0,0
participant_20240919124004_score_91_model_CH_5,transition_aware,17,1,1
participant_20240919124004_score_91_model_CH_5,transition_aware,18,1,1
participant_20240919124004_score_91_model_CH_5,transition_aware,19,0,0
participant_20240919124004_score_91_model_CH_5,transition_aware,20,0,0
participant_20240919124004_score_91_model_CH_5,transition_aware,21,1,0
participant_20240919124004_score_91_model_CH_5,transition_aware,22,1,1
participant_20240919124004_score_91_model_CH_5,transition_aware,23,0,0
participant_20240919124004_score_91_model_CH_5,transition_aware,24,0,0
participant_20240919124004_score_91_model_CH_5,transition_aware,25,1,1
participant_20240919124004_score_91_model_CH_5,transition_aware,26,1,1
participant_20240919124004_score_91_model_CH_5,transition_aware,27,1,1
participant_20240919124004_score_91_model_CH_5,transition_aware,28,1,1
participant_20240919124004_score_91_model_CH_5,transition_aware,29,1,1
participant_20240919124004_score_91_model_CH_5,transition_aware,30,1,1
participant_20240919124004_score_91_model_CH_5,transition_aware,31,1,1
participant_20240919124004_score_91_model_CH_5,transition_aware,32,1,1
participant_20240919124004_score_91_model_CH_5,transition_aware,33,1,1
participant_20240919124004_score_91_model_CH_5,transition_aware,34,0,0
participant_20240919124004_score_91_model_CH_5,transition_aware,35,1,1
participant_20240919124004_score_91_model_CH_5,transition_aware,36,1,1
participant_20240919124004_score_91_model_CH_5,transition_aware,37,1,1
participant_20240919124004_score_91_model_CH_5,transition_aware,38,1,1
participant_20240919124004_score_91_model_CH_5,transition_aware,39,1,1
participant_20240919124004_score_91_model_CH_5,transition_aware,40,0,0
participant_20240919124047_score_89_model_CH_5,transition_aware,2,0,0
participant_20240919124047_score_89_model_CH_5,transition_aware,3,0,0
participant_20240919124047_score_89_model_CH_5,transition_aware,4,0,0
participant_20240919124047_score_89_model_CH_5,transition_aware,5,0,0
participant_20240919124047_score_89_model_CH_5,transition_aware,6,0,0
participant_20240919124047_score_89_model_CH_5,transition_aware,7,1,1
participant_20240919124047_score_89_model_CH_5,transition_aware,8,1,1
participant_20240919124047_score_89_model_CH_5,transition_aware,9,0,0
participant_20240919124047_score_89_model_CH_5,transition_aware,10,0,0
participant_20240919124047_score_89_model_CH_5,transition_aware,11,0,0
participant_20240919124047_score_89_model_CH_5,transition_aware,12,0,1
participant_20240919124047_score_89_model_CH_5,transition_aware,13,0,0
participant_20240919124047_score_89_model_CH_5,transition_aware,14,1,1
participant_20240919124047_score_89_model_CH_5,transition_aware,15,0,0
participant_20240919124047_score_89_model_CH_5,transition_aware,16,0,0
participant_20240919124047_score_89_model_CH_5,transition_aware,17,1,0
participant_20240919124047_score_89_model_CH_5,transition_aware,18,0,0
participant_20240919124047_score_89_model_CH_5,transition_aware,19,0,0
participant_20240919124047_score_89_model_CH_5,transition_aware,20,0,0
participant_20240919124047_score_89_model_CH_5,transition_aware,21,1,1
participant_20240919124047_score_89_model_CH_5,transition_aware,22,1,1
participant_20240919124047_score_89_model_CH_5,transition_aware,23,1,1
participant_20240919124047_score_89_model_CH_5,transition_aware,24,0,1
participant_20240919124047_score_89_model_CH_5,transition_aware,25,0,0
participant_20240919124047_score_89_model_CH_5,transition_aware,26,0,0
participant_20240919124047_score_89_model_CH_5,transition_aware,27,0,0
participant_20240919124047_score_89_model_CH_5,transition_aware,28,0,0
participant_20240919124047_score_89_model_CH_5,transition_aware,29,0,0
participant_20240919124047_score_89_model_CH_5,transition_aware,30,0,1
participant_20240919124047_score_89_model_CH_5,transition_aware,31,0,0
participant_20240919124047_score_89_model_CH_5,transition_aware,32,1,1
participant_20240919124047_score_89_model_CH_5,transition_aware,33,0,0
participant_20240919124047_score_89_model_CH_5,transition_aware,34,1,1
participant_20240919124047_score_89_model_CH_5,transition_aware,35,0,0
participant_20240919124047_score_89_model_CH_5,transition_aware,36,1,1
participant_20240919124047_score_89_model_CH_5,transition_aware,37,1,1
participant_20240919124047_score_89_model_CH_5,transition_aware,38,0,0
participant_20240919124047_score_89_model_CH_5,transition_aware,39,1,1
participant_20240919124047_score_89_model_CH_5,transition_aware,40,1,1
participant_20240919124048_score_87_model_CH_5,transition_aware,2,0,0
participant_20240919124048_score_87_model_CH_5,transition_aware,3,1,1
participant_20240919124048_score_87_model_CH_5,transition_aware,4,0,0
participant_20240919124048_score_87_model_CH_5,transition_aware,5,0,0
participant_20240919124048_score_87_model_CH_5,transition_aware,6,0,0
participant_20240919124048_score_87_model_CH_5,transition_aware,7,0,1
participant_20240919124048_score_87_model_CH_5,transition_aware,8,0,0
participant_20240919124048_score_87_model_CH_5,transition_aware,9,0,0
participant_20240919124048_score_87_model_CH_5,transition_aware,10,0,0
participant_20240919124048_score_87_model_CH_5,transition_aware,11,0,0
participant_20240919124048_score_87_model_CH_5,transition_aware,12,0,0
participant_20240919124048_score_87_model_CH_5,transition_aware,13,0,0
participant_20240919124048_score_87_model_CH_5,transition_aware,14,0,0
participant_20240919124048_score_87_model_CH_5,transition_aware,15,0,0
participant_20240919124048_score_87_model_CH_5,transition_aware,16,1,1
participant_20240919124048_score_87_model_CH_5,transition_aware,17,0,0
participant_20240919124048_score_87_model_CH_5,transition_aware,18,0,0
participant_20240919124048_score_87_model_CH_5,transition_aware,19,0,0
participant_20240919124048_score_87_model_CH_5,transition_aware,20,0,1
participant_20240919124048_score_87_model_CH_5,transition_aware,21,0,0
participant_20240919124048_score_87_model_CH_5,transition_aware,22,0,0
participant_20240919124048_score_87_model_CH_5,transition_aware,23,1,0
participant_20240919124048_score_87_model_CH_5,transition_aware,24,0,0
participant_20240919124048_score_87_model_CH_5,transition_aware,25,0,0
participant_20240919124048_score_87_model_CH_5,transition_aware,26,0,1
participant_20240919124048_score_87_model_CH_5,transition_aware,27,0,0
participant_20240919124048_score_87_model_CH_5,transition_aware,28,0,0
participant_20240919124048_score_87_model_CH_5,transition_aware,29,0,0
participant_20240919124048_score_87_model_CH_5,transition_aware,30,1,0
participant_20240919124048_score_87_model_CH_5,transition_aware,31,0,0
participant_20240919124048_score_87_model_CH_5,transition_aware,32,0,0
participant_20240919124048_score_87_model_CH_5,transition_aware,33,0,0
participant_20240919124048_score_87_model_CH_5,transition_aware,34,0,0
participant_20240919124048_score_87_model_CH_5,transition_aware,35,0,0
participant_20240919124048_score_87_model_CH_5,transition_aware,36,0,0
participant_20240919124048_score_87_model_CH_5,transition_aware,37,0,0
participant_20240919124048_score_87_model_CH_5,transition_aware,38,0,0
participant_20240919124048_score_87_model_CH_5,transition_aware,39,0,0
participant_20240919124048_score_87_model_CH_5,transition_aware,40,1,0
participant_20240919124245_score_84_model_CH_5,transition_aware,2,0,0
participant_20240919124245_score_84_model_CH_5,transition_aware,3,0,0
participant_20240919124245_score_84_model_CH_5,transition_aware,4,0,0
participant_20240919124245_score_84_model_CH_5,transition_aware,5,1,0
participant_20240919124245_score_84_model_CH_5,transition_aware,6,0,0
participant_20240919124245_score_84_model_CH_5,transition_aware,7,1,0
participant_20240919124245_score_84_model_CH_5,transition_aware,8,0,0
participant_20240919124245_score_84_model_CH_5,transition_aware,9,0,0
participant_20240919124245_score_84_model_CH_5,transition_aware,10,1,0
participant_20240919124245_score_84_model_CH_5,transition_aware,11,1,1
participant_20240919124245_score_84_model_CH_5,transition_aware,12,1,1
participant_20240919124245_score_84_model_CH_5,transition_aware,13,0,0
participant_20240919124245_score_84_model_CH_5,transition_aware,14,0,0
participant_20240919124245_score_84_model_CH_5,transition_aware,15,0,0
participant_20240919124245_score_84_model_CH_5,transition_aware,16,0,0
participant_20240919124245_score_84_model_CH_5,transition_aware,17,0,0
participant_20240919124245_score_84_model_CH_5,transition_aware,18,0,0
participant_20240919124245_score_84_model_CH_5,transition_aware,19,0,0
participant_20240919124245_score_84_model_CH_5,transition_aware,20,0,0
participant_20240919124245_score_84_model_CH_5,transition_aware,21,0,0
participant_20240919124245_score_84_model_CH_5,transition_aware,22,0,0
participant_20240919124245_score_84_model_CH_5,transition_aware,23,1,0
participant_20240919124245_score_84_model_CH_5,transition_aware,24,0,0
participant_20240919124245_score_84_model_CH_5,transition_aware,25,0,0
participant_20240919124245_score_84_model_CH_5,transition_aware,26,0,0
participant_20240919124245_score_84_model_CH_5,transition_aware,27,0,0
participant_20240919124245_score_84_model_CH_5,transition_aware,28,0,0
participant_20240919124245_score_84_model_CH_5,transition_aware,29,0,0
participant_20240919124245_score_84_model_CH_5,transition_aware,30,1,0
participant_20240919124245_score_84_model_CH_5,transition_aware,31,0,0
participant_20240919124245_score_84_model_CH_5,transition_aware,32,0,0
participant_20240919124245_score_84_model_CH_5,transition_aware,33,0,0
participant_20240919124245_score_84_model_CH_5,transition_aware,34,0,0
participant_20240919124245_score_84_model_CH_5,transition_aware,35,0,0
participant_20240919124245_score_84_model_CH_5,transition_aware,36,0,0
participant_20240919124245_score_84_model_CH_5,transition_aware,37,0,0
participant_20240919124245_score_84_model_CH_5,transition_aware,38,0,0
participant_20240919124245_score_84_model_CH_5,transition_aware,39,0,0
participant_20240919124245_score_84_model_CH_5,transition_aware,40,1,0
participant_20240919124404_score_81_model_CH_5,transition_aware,2,1,0
participant_20240919124404_score_81_model_CH_5,transition_aware,3,1,0
participant_20240919124404_score_81_model_CH_5,transition_aware,4,0,0
participant_20240919124404_score_81_model_CH_5,transition_aware,5,0,0
participant_20240919124404_score_81_model_CH_5,transition_aware,6,0,0
participant_20240919124404_score_81_model_CH_5,transition_aware,7,0,1
participant_20240919124404_score_81_model_CH_5,transition_aware,8,0,0
participant_20240919124404_score_81_model_CH_5,transition_aware,9,0,0
participant_20240919124404_score_81_model_CH_5,transition_aware,10,0,0
participant_20240919124404_score_81_model_CH_5,transition_aware,11,1,0
participant_20240919124404_score_81_model_CH_5,transition_aware,12,0,1
participant_20240919124404_score_81_model_CH_5,transition_aware,13,0,0
participant_20240919124404_score_81_model_CH_5,transition_aware,14,0,0
participant_20240919124404_score_81_model_CH_5,transition_aware,15,1,0
participant_20240919124404_score_81_model_CH_5,transition_aware,16,0,0
participant_20240919124404_score_81_model_CH_5,transition_aware,17,0,1
participant_20240919124404_score_81_model_CH_5,transition_aware,18,0,0
participant_20240919124404_score_81_model_CH_5,transition_aware,19,0,0
participant_20240919124404_score_81_model_CH_5,transition_aware,20,0,0
participant_20240919124404_score_81_model_CH_5,transition_aware,21,0,0
participant_20240919124404_score_81_model_CH_5,transition_aware,22,0,0
participant_20240919124404_score_81_model_CH_5,transition_aware,23,0,0
participant_20240919124404_score_81_model_CH_5,transition_aware,24,1,0
participant_20240919124404_score_81_model_CH_5,transition_aware,25,0,0
participant_20240919124404_score_81_model_CH_5,transition_aware,26,1,0
participant_20240919124404_score_81_model_CH_5,transition_aware,27,0,0
participant_20240919124404_score_81_model_CH_5,transition_aware,28,1,1
participant_20240919124404_score_81_model_CH_5,transition_aware,29,0,0
participant_20240919124404_score_81_model_CH_5,transition_aware,30,0,0
participant_20240919124404_score_81_model_CH_5,transition_aware,31,0,0
participant_20240919124404_score_81_model_CH_5,transition_aware,32,0,0
participant_20240919124404_score_81_model_CH_5,transition_aware,33,0,0
participant_20240919124404_score_81_model_CH_5,transition_aware,34,0,0
participant_20240919124404_score_81_model_CH_5,transition_aware,35,0,0
participant_20240919124404_score_81_model_CH_5,transition_aware,36,0,0
participant_20240919124404_score_81_model_CH_5,transition_aware,37,0,0
participant_20240919124404_score_81_model_CH_5,transition_aware,38,0,0
participant_20240919124404_score_81_model_CH_5,transition_aware,39,0,0
participant_20240919124404_score_81_model_CH_5,transition_aware,40,1,0
participant_20240919124535_score_88_model_CH_5,transition_aware,2,0,0
participant_20240919124535_score_88_model_CH_5,transition_aware,3,0,1
participant_20240919124535_score_88_model_CH_5,transition_aware,4,0,1
participant_20240919124535_score_88_model_CH_5,transition_aware,5,0,0
participant_20240919124535_score_88_model_CH_5,transition_aware,6,0,0
participant_20240919124535_score_88_model_CH_5,transition_aware,7,0,0
participant_20240919124535_score_88_model_CH_5,transition_aware,8,0,0
participant_20240919124535_score_88_model_CH_5,transition_aware,9,0,0
participant_20240919124535_score_88_model_CH_5,transition_aware,10,1,0
participant_20240919124535_score_88_model_CH_5,transition_aware,11,0,0
participant_20240919124535_score_88_model_CH_5,transition_aware,12,0,0
participant_20240919124535_score_88_model_CH_5,transition_aware,13,0,0
participant_20240919124535_score_88_model_CH_5,transition_aware,14,0,0
participant_20240919124535_score_88_model_CH_5,transition_aware,15,0,0
participant_20240919124535_score_88_model_CH_5,transition_aware,16,1,0
participant_20240919124535_score_88_model_CH_5,transition_aware,17,1,0
participant_20240919124535_score_88_model_CH_5,transition_aware,18,0,0
participant_20240919124535_score_88_model_CH_5,transition_aware,19,1,0
participant_20240919124535_score_88_model_CH_5,transition_aware,20,1,0
participant_20240919124535_score_88_model_CH_5,transition_aware,21,0,0
participant_20240919124535_score_88_model_CH_5,transition_aware,22,0,0
participant_20240919124535_score_88_model_CH_5,transition_aware,23,0,0
participant_20240919124535_score_88_model_CH_5,transition_aware,24,1,0
participant_20240919124535_score_88_model_CH_5,transition_aware,25,0,1
participant_20240919124535_score_88_model_CH_5,transition_aware,26,1,0
participant_20240919124535_score_88_model_CH_5,transition_aware,27,1,0
participant_20240919124535_score_88_model_CH_5,transition_aware,28,0,1
participant_20240919124535_score_88_model_CH_5,transition_aware,29,0,0
participant_20240919124535_score_88_model_CH_5,transition_aware,30,0,0
participant_20240919124535_score_88_model_CH_5,transition_aware,31,0,0
participant_20240919124535_score_88_model_CH_5,transition_aware,32,1,1
participant_20240919124535_score_88_model_CH_5,transition_aware,33,1,0
participant_20240919124535_score_88_model_CH_5,transition_aware,34,0,0
participant_20240919124535_score_88_model_CH_5,transition_aware,35,0,0
participant_20240919124535_score_88_model_CH_5,transition_aware,36,0,0
participant_20240919124535_score_88_model_CH_5,transition_aware,37,0,0
participant_20240919124535_score_88_model_CH_5,transition_aware,38,0,0
participant_20240919124535_score_88_model_CH_5,transition_aware,39,0,0
participant_20240919124535_score_88_model_CH_5,transition_aware,40,0,0
participant_20240919125534_score_84_model_CH_5,transition_aware,2,1,0
participant_20240919125534_score_84_model_CH_5,transition_aware,3,0,0
participant_20240919125534_score_84_model_CH_5,transition_aware,4,1,0
participant_20240919125534_score_84_model_CH_5,transition_aware,5,0,0
participant_20240919125534_score_84_model_CH_5,transition_aware,6,0,0
participant_20240919125534_score_84_model_CH_5,transition_aware,7,0,0
participant_20240919125534_score_84_model_CH_5,transition_aware,8,0,0
participant_20240919125534_score_84_model_CH_5,transition_aware,9,0,0
participant_20240919125534_score_84_model_CH_5,transition_aware,10,0,0
participant_20240919125534_score_84_model_CH_5,transition_aware,11,0,0
participant_20240919125534_score_84_model_CH_5,transition_aware,12,0,0
participant_20240919125534_score_84_model_CH_5,transition_aware,13,0,0
participant_20240919125534_score_84_model_CH_5,transition_aware,14,0,0
participant_20240919125534_score_84_model_CH_5,transition_aware,15,0,0
participant_20240919125534_score_84_model_CH_5,transition_aware,16,0,0
participant_20240919125534_score_84_model_CH_5,transition_aware,17,0,0
participant_20240919125534_score_84_model_CH_5,transition_aware,18,0,0
participant_20240919125534_score_84_model_CH_5,transition_aware,19,0,0
participant_20240919125534_score_84_model_CH_5,transition_aware,20,0,0
participant_20240919125534_score_84_model_CH_5,transition_aware,21,0,0
participant_20240919125534_score_84_model_CH_5,transition_aware,22,0,0
participant_20240919125534_score_84_model_CH_5,transition_aware,23,0,0
participant_20240919125534_score_84_model_CH_5,transition_aware,24,0,0
participant_20240919125534_score_84_model_CH_5,transition_aware,25,0,0
participant_20240919125534_score_84_model_CH_5,transition_aware,26,0,0
participant_20240919125534_score_84_model_CH_5,transition_aware,27,0,0
participant_20240919125534_score_84_model_CH_5,transition_aware,28,0,0
participant_20240919125534_score_84_model_CH_5,transition_aware,29,0,0
participant_20240919125534_score_84_model_CH_5,transition_aware,30,1,0
participant_20240919125534_score_84_model_CH_5,transition_aware,31,0,0
participant_20240919125534_score_84_model_CH_5,transition_aware,32,0,0
participant_20240919125534_score_84_model_CH_5,transition_aware,33,0,0
participant_20240919125534_score_84_model_CH_5,transition_aware,34,0,0
participant_20240919125534_score_84_model_CH_5,transition_aware,35,0,0
participant_20240919125534_score_84_model_CH_5,transition_aware,36,1,1
participant_20240919125534_score_84_model_CH_5,transition_aware,37,0,0
participant_20240919125534_score_84_model_CH_5,transition_aware,38,0,0
participant_20240919125534_score_84_model_CH_5,transition_aware,39,1,0
participant_20240919125534_score_84_model_CH_5,transition_aware,40,0,0
participant_20240919130104_score_80_model_CH_5,transition_aware,2,0,1
participant_20240919130104_score_80_model_CH_5,transition_aware,3,1,1
participant_20240919130104_score_80_model_CH_5,transition_aware,4,0,1
participant_20240919130104_score_80_model_CH_5,transition_aware,5,0,0
participant_20240919130104_score_80_model_CH_5,transition_aware,6,0,1
participant_20240919130104_score_80_model_CH_5,transition_aware,7,0,1
participant_20240919130104_score_80_model_CH_5,transition_aware,8,0,1
participant_20240919130104_score_80_model_CH_5,transition_aware,9,1,1
participant_20240919130104_score_80_model_CH_5,transition_aware,10,0,1
participant_20240919130104_score_80_model_CH_5,transition_aware,11,0,1
participant_20240919130104_score_80_model_CH_5,transition_aware,12,0,1
participant_20240919130104_score_80_model_CH_5,transition_aware,13,1,1
participant_20240919130104_score_80_model_CH_5,transition_aware,14,0,1
participant_20240919130104_score_80_model_CH_5,transition_aware,15,0,1
participant_20240919130104_score_80_model_CH_5,transition_aware,16,0,1
participant_20240919130104_score_80_model_CH_5,transition_aware,17,0,1
participant_20240919130104_score_80_model_CH_5,transition_aware,18,0,1
participant_20240919130104_score_80_model_CH_5,transition_aware,19,0,1
participant_20240919130104_score_80_model_CH_5,transition_aware,20,1,1
participant_20240919130104_score_80_model_CH_5,transition_aware,21,0,1
participant_20240919130104_score_80_model_CH_5,transition_aware,22,0,1
participant_20240919130104_score_80_model_CH_5,transition_aware,23,0,1
participant_20240919130104_score_80_model_CH_5,transition_aware,24,0,1
participant_20240919130104_score_80_model_CH_5,transition_aware,25,0,1
participant_20240919130104_score_80_model_CH_5,transition_aware,26,0,1
participant_20240919130104_score_80_model_CH_5,transition_aware,27,0,1
participant_20240919130104_score_80_model_CH_5,transition_aware,28,0,1
participant_20240919130104_score_80_model_CH_5,transition_aware,29,0,1
participant_20240919130104_score_80_model_CH_5,transition_aware,30,0,1
participant_20240919130104_score_80_model_CH_5,transition_aware,31,0,1
participant_20240919130104_score_80_model_CH_5,transition_aware,32,0,1
participant_20240919130104_score_80_model_CH_5,transition_aware,33,0,1
participant_20240919130104_score_80_model_CH_5,transition_aware,34,0,1
participant_20240919130104_score_80_model_CH_5,transition_aware,35,0,1
participant_20240919130104_score_80_model_CH_5,transition_aware,36,0,1
participant_20240919130104_score_80_model_CH_5,transition_aware,37,0,1
participant_20240919130104_score_80_model_CH_5,transition_aware,38,0,1
participant_20240919130104_score_80_model_CH_5,transition_aware,39,0,1
participant_20240919130104_score_80_model_CH_5,transition_aware,40,0,1
participant_20240919131159_score_87_model_CH_5,transition_aware,2,0,0
participant_20240919131159_score_87_model_CH_5,transition_aware,3,0,0
participant_20240919131159_score_87_model_CH_5,transition_aware,4,0,0
participant_20240919131159_score_87_model_CH_5,transition_aware,5,0,0
participant_20240919131159_score_87_model_CH_5,transition_aware,6,0,0
participant_20240919131159_score_87_model_CH_5,transition_aware,7,0,0
participant_20240919131159_score_87_model_CH_5,transition_aware,8,0,0
participant_20240919131159_score_87_model_CH_5,transition_aware,9,0,0
participant_20240919131159_score_87_model_CH_5,transition_aware,10,0,0
participant_20240919131159_score_87_model_CH_5,transition_aware,11,0,0
participant_20240919131159_score_87_model_CH_5,transition_aware,12,0,0
participant_20240919131159_score_87_model_CH_5,transition_aware,13,0,0
participant_20240919131159_score_87_model_CH_5,transition_aware,14,0,0
participant_20240919131159_score_87_model_CH_5,transition_aware,15,1,0
participant_20240919131159_score_87_model_CH_5,transition_aware,16,0,0
participant_20240919131159_score_87_model_CH_5,transition_aware,17,1,0
participant_20240919131159_score_87_model_CH_5,transition_aware,18,0,0
participant_20240919131159_score_87_model_CH_5,transition_aware,19,1,0
participant_20240919131159_score_87_model_CH_5,transition_aware,20,1,0
participant_20240919131159_score_87_model_CH_5,transition_aware,21,0,0
participant_20240919131159_score_87_model_CH_5,transition_aware,22,1,0
participant_20240919131159_score_87_model_CH_5,transition_aware,23,0,0
participant_20240919131159_score_87_model_CH_5,transition_aware,24,0,0
participant_20240919131159_score_87_model_CH_5,transition_aware,25,0,0
participant_20240919131159_score_87_model_CH_5,transition_aware,26,1,1
participant_20240919131159_score_87_model_CH_5,transition_aware,27,1,1
participant_20240919131159_score_87_model_CH_5,transition_aware,28,1,1
participant_20240919131159_score_87_model_CH_5,transition_aware,29,1,1
participant_20240919131159_score_87_model_CH_5,transition_aware,30,0,1
participant_20240919131159_score_87_model_CH_5,transition_aware,31,0,1
participant_20240919131159_score_87_model_CH_5,transition_aware,32,0,1
participant_20240919131159_score_87_model_CH_5,transition_aware,33,0,0
participant_20240919131159_score_87_model_CH_5,transition_aware,34,1,1
participant_20240919131159_score_87_model_CH_5,transition_aware,35,1,1
participant_20240919131159_score_87_model_CH_5,transition_aware,36,1,1
participant_20240919131159_score_87_model_CH_5,transition_aware,37,1,1
participant_20240919131159_score_87_model_CH_5,transition_aware,38,1,1
participant_20240919131159_score_87_model_CH_5,transition_aware,39,0,1
participant_20240919131159_score_87_model_CH_5,transition_aware,40,0,0
participant_20240910183132_score_87_model_CH_8,reward_aware,2,0,0
participant_20240910183132_score_87_model_CH_8,reward_aware,3,0,0
participant_20240910183132_score_87_model_CH_8,reward_aware,4,0,0
participant_20240910183132_score_87_model_CH_8,reward_aware,5,0,0
participant_20240910183132_score_87_model_CH_8,reward_aware,6,0,0
participant_20240910183132_score_87_model_CH_8,reward_aware,7,0,1
participant_20240910183132_score_87_model_CH_8,reward_aware,8,0,0
participant_20240910183132_score_87_model_CH_8,reward_aware,9,1,1
participant_20240910183132_score_87_model_CH_8,reward_aware,10,0,0
participant_20240910183132_score_87_model_CH_8,reward_aware,11,0,0
participant_20240910183132_score_87_model_CH_8,reward_aware,12,0,0
participant_20240910183132_score_87_model_CH_8,reward_aware,13,0,0
participant_20240910183132_score_87_model_CH_8,reward_aware,14,0,0
participant_20240910183132_score_87_model_CH_8,reward_aware,15,0,0
participant_20240910183132_score_87_model_CH_8,reward_aware,16,0,0
participant_20240910183132_score_87_model_CH_8,reward_aware,17,0,0
participant_20240910183132_score_87_model_CH_8,reward_aware,18,0,0
participant_20240910183132_score_87_model_CH_8,reward_aware,19,0,0
participant_20240910183132_score_87_model_CH_8,reward_aware,20,0,0
participant_20240910183132_score_87_model_CH_8,reward_aware,21,0,0
participant_20240910183132_score_87_model_CH_8,reward_aware,22,0,0
participant_20240910183132_score_87_model_CH_8,reward_aware,23,0,1
participant_20240910183132_score_87_model_CH_8,reward_aware,24,1,1
participant_20240910183132_score_87_model_CH_8,reward_aware,25,1,1
participant_20240910183132_score_87_model_CH_8,reward_aware,26,1,1
participant_20240910183132_score_87_model_CH_8,reward_aware,27,1,1
participant_20240910183132_score_87_model_CH_8,reward_aware,28,0,1
participant_20240910183132_score_87_model_CH_8,reward_aware,29,0,1
participant_20240910183132_score_87_model_CH_8,reward_aware,30,0,0
participant_20240910183132_score_87_model_CH_8,reward_aware,31,0,1
participant_20240910183132_score_87_model_CH_8,reward_aware,32,0,1
participant_20240910183132_score_87_model_CH_8,reward_aware,33,1,1
participant_20240910183132_score_87_model_CH_8,reward_aware,34,0,0
participant_20240910183132_score_87_model_CH_8,reward_aware,35,0,0
participant_20240910183132_score_87_model_CH_8,reward_aware,36,0,0
participant_20240910183132_score_87_model_CH_8,reward_aware,37,1,0
participant_20240910183132_score_87_model_CH_8,reward_aware,38,0,0
participant_20240910183132_score_87_model_CH_8,reward_aware,39,1,1
participant_20240910183132_score_87_model_CH_8,reward_aware,40,1,1
participant_20240910183314_score_85_model_CH_8,reward_aware,2,0,0
participant_20240910183314_score_85_model_CH_8,reward_aware,3,0,0
participant_20240910183314_score_85_model_CH_8,reward_aware,4,0,0
participant_20240910183314_score_85_model_CH_8,reward_aware,5,0,0
participant_20240910183314_score_85_model_CH_8,reward_aware,6,0,0
participant_20240910183314_score_85_model_CH_8,reward_aware,7,0,0
participant_20240910183314_score_85_model_CH_8,reward_aware,8,0,0
participant_20240910183314_score_85_model_CH_8,reward_aware,9,1,0
participant_20240910183314_score_85_model_CH_8,reward_aware,10,0,0
participant_20240910183314_score_85_model_CH_8,reward_aware,11,0,0
participant_20240910183314_score_85_model_CH_8,reward_aware,12,0,0
participant_20240910183314_score_85_model_CH_8,reward_aware,13,0,0
participant_20240910183314_score_85_model_CH_8,reward_aware,14,0,0
participant_20240910183314_score_85_model_CH_8,reward_aware,15,0,1
participant_20240910183314_score_85_model_CH_8,reward_aware,16,0,0
participant_20240910183314_score_85_model_CH_8,reward_aware,17,1,0
participant_20240910183314_score_85_model_CH_8,reward_aware,18,0,0
participant_20240910183314_score_85_model_CH_8,reward_aware,19,1,0
participant_20240910183314_score_85_model_CH_8,reward_aware,20,0,0
participant_20240910183314_score_85_model_CH_8,reward_aware,21,0,0
participant_20240910183314_score_85_model_CH_8,reward_aware,22,1,0
participant_20240910183314_score_85_model_CH_8,reward_aware,23,0,0
participant_20240910183314_score_85_model_CH_8,reward_aware,24,0,0
participant_20240910183314_score_85_model_CH_8,reward_aware,25,0,0
participant_20240910183314_score_85_model_CH_8,reward_aware,26,0,0
participant_20240910183314_score_85_model_CH_8,reward_aware,27,0,0
participant_20240910183314_score_85_model_CH_8,reward_aware,28,0,0
participant_20240910183314_score_85_model_CH_8,reward_aware,29,0,0
participant_20240910183314_score_85_model_CH_8,reward_aware,30,1,0
participant_20240910183314_score_85_model_CH_8,reward_aware,31,0,0
participant_20240910183314_score_85_model_CH_8,reward_aware,32,0,0
participant_20240910183314_score_85_model_CH_8,reward_aware,33,0,0
participant_20240910183314_score_85_model_CH_8,reward_aware,34,0,0
participant_20240910183314_score_85_model_CH_8,reward_aware,35,0,0
participant_20240910183314_score_85_model_CH_8,reward_aware,36,1,0
participant_20240910183314_score_85_model_CH_8,reward_aware,37,0,0
participant_20240910183314_score_85_model_CH_8,reward_aware,38,0,0
participant_20240910183314_score_85_model_CH_8,reward_aware,39,0,0
participant_20240910183314_score_85_model_CH_8,reward_aware,40,0,0
participant_20240910183655_score_86_model_CH_8,reward_aware,2,0,0
participant_20240910183655_score_86_model_CH_8,reward_aware,3,0,0
participant_20240910183655_score_86_model_CH_8,reward_aware,4,0,0
participant_20240910183655_score_86_model_CH_8,reward_aware,5,0,0
participant_20240910183655_score_86_model_CH_8,reward_aware,6,0,0
participant_20240910183655_score_86_model_CH_8,reward_aware,7,0,0
participant_20240910183655_score_86_model_CH_8,reward_aware,8,0,0
participant_20240910183655_score_86_model_CH_8,reward_aware,9,0,0
participant_20240910183655_score_86_model_CH_8,reward_aware,10,0,0
participant_20240910183655_score_86_model_CH_8,reward_aware,11,0,0
participant_20240910183655_score_86_model_CH_8,reward_aware,12,0,0
participant_20240910183655_score_86_model_CH_8,reward_aware,13,0,1
participant_20240910183655_score_86_model_CH_8,reward_aware,14,0,1
participant_20240910183655_score_86_model_CH_8,reward_aware,15,0,0
participant_20240910183655_score_86_model_CH_8,reward_aware,16,0,0
participant_20240910183655_score_86_model_CH_8,reward_aware,17,0,0
participant_20240910183655_score_86_model_CH_8,reward_aware,18,1,0
participant_20240910183655_score_86_model_CH_8,reward_aware,19,0,0
participant_20240910183655_score_86_model_CH_8,reward_aware,20,0,0
participant_20240910183655_score_86_model_CH_8,reward_aware,21,0,1
participant_20240910183655_score_86_model_CH_8,reward_aware,22,0,0
participant_20240910183655_score_86_model_CH_8,reward_aware,23,0,0
participant_20240910183655_score_86_model_CH_8,reward_aware,24,0,0
participant_20240910183655_score_86_model_CH_8,reward_aware,25,0,0
participant_20240910183655_score_86_model_CH_8,reward_aware,26,0,0
participant_20240910183655_score_86_model_CH_8,reward_aware,27,0,1
participant_20240910183655_score_86_model_CH_8,reward_aware,28,0,0
participant_20240910183655_score_86_model_CH_8,reward_aware,29,0,0
participant_20240910183655_score_86_model_CH_8,reward_aware,30,0,0
participant_20240910183655_score_86_model_CH_8,reward_aware,31,0,0
participant_20240910183655_score_86_model_CH_8,reward_aware,32,0,0
participant_20240910183655_score_86_model_CH_8,reward_aware,33,0,0
participant_20240910183655_score_86_model_CH_8,reward_aware,34,0,0
participant_20240910183655_score_86_model_CH_8,reward_aware,35,0,0
participant_20240910183655_score_86_model_CH_8,reward_aware,36,0,0
participant_20240910183655_score_86_model_CH_8,reward_aware,37,1,0
participant_20240910183655_score_86_model_CH_8,reward_aware,38,0,0
participant_20240910183655_score_86_model_CH_8,reward_aware,39,0,0
participant_20240910183655_score_86_model_CH_8,reward_aware,40,1,0
participant_20240910183740_score_85_model_CH_8,reward_aware,2,0,0
participant_20240910183740_score_85_model_CH_8,reward_aware,3,1,0
participant_20240910183740_score_85_model_CH_8,reward_aware,4,0,0
participant_20240910183740_score_85_model_CH_8,reward_aware,5,0,0
participant_20240910183740_score_85_model_CH_8,reward_aware,6,0,0
participant_20240910183740_score_85_model_CH_8,reward_aware,7,0,0
participant_20240910183740_score_85_model_CH_8,reward_aware,8,0,0
participant_20240910183740_score_85_model_CH_8,reward_aware,9,0,0
participant_20240910183740_score_85_model_CH_8,reward_aware,10,0,0
participant_20240910183740_score_85_model_CH_8,reward_aware,11,0,0
participant_20240910183740_score_85_model_CH_8,reward_aware,12,0,0
participant_20240910183740_score_85_model_CH_8,reward_aware,13,0,0
participant_20240910183740_score_85_model_CH_8,reward_aware,14,0,0
participant_20240910183740_score_85_model_CH_8,reward_aware,15,0,0
participant_20240910183740_score_85_model_CH_8,reward_aware,16,0,0
participant_20240910183740_score_85_model_CH_8,reward_aware,17,1,0
participant_20240910183740_score_85_model_CH_8,reward_aware,18,0,0
participant_20240910183740_score_85_model_CH_8,reward_aware,19,1,0
participant_20240910183740_score_85_model_CH_8,reward_aware,20,0,0
participant_20240910183740_score_85_model_CH_8,reward_aware,21,1,0
participant_20240910183740_score_85_model_CH_8,reward_aware,22,0,0
participant_20240910183740_score_85_model_CH_8,reward_aware,23,1,0
participant_20240910183740_score_85_model_CH_8,reward_aware,24,0,0
participant_20240910183740_score_85_model_CH_8,reward_aware,25,0,0
participant_20240910183740_score_85_model_CH_8,reward_aware,26,0,0
participant_20240910183740_score_85_model_CH_8,reward_aware,27,0,0
participant_20240910183740_score_85_model_CH_8,reward_aware,28,1,0
participant_20240910183740_score_85_model_CH_8,reward_aware,29,0,0
participant_20240910183740_score_85_model_CH_8,reward_aware,30,0,0
participant_20240910183740_score_85_model_CH_8,reward_aware,31,0,0
participant_20240910183740_score_85_model_CH_8,reward_aware,32,1,0
participant_20240910183740_score_85_model_CH_8,reward_aware,33,1,0
participant_20240910183740_score_85_model_CH_8,reward_aware,34,0,0
participant_20240910183740_score_85_model_CH_8,reward_aware,35,0,0
participant_20240910183740_score_85_model_CH_8,reward_aware,36,0,0
participant_20240910183740_score_85_model_CH_8,reward_aware,37,0,0
participant_20240910183740_score_85_model_CH_8,reward_aware,38,0,0
participant_20240910183740_score_85_model_CH_8,reward_aware,39,0,0
participant_20240910183740_score_85_model_CH_8,reward_aware,40,0,0
participant_20240910183815_score_87_model_CH_8,reward_aware,2,0,1
participant_20240910183815_score_87_model_CH_8,reward_aware,3,1,1
participant_20240910183815_score_87_model_CH_8,reward_aware,4,0,0
participant_20240910183815_score_87_model_CH_8,reward_aware,5,0,1
participant_20240910183815_score_87_model_CH_8,reward_aware,6,0,1
participant_20240910183815_score_87_model_CH_8,reward_aware,7,0,0
participant_20240910183815_score_87_model_CH_8,reward_aware,8,0,1
participant_20240910183815_score_87_model_CH_8,reward_aware,9,1,1
participant_20240910183815_score_87_model_CH_8,reward_aware,10,0,0
participant_20240910183815_score_87_model_CH_8,reward_aware,11,0,1
participant_20240910183815_score_87_model_CH_8,reward_aware,12,0,1
participant_20240910183815_score_87_model_CH_8,reward_aware,13,0,0
participant_20240910183815_score_87_model_CH_8,reward_aware,14,0,0
participant_20240910183815_score_87_model_CH_8,reward_aware,15,0,0
participant_20240910183815_score_87_model_CH_8,reward_aware,16,0,0
participant_20240910183815_score_87_model_CH_8,reward_aware,17,1,1
participant_20240910183815_score_87_model_CH_8,reward_aware,18,0,0
participant_20240910183815_score_87_model_CH_8,reward_aware,19,1,0
participant_20240910183815_score_87_model_CH_8,reward_aware,20,0,0
participant_20240910183815_score_87_model_CH_8,reward_aware,21,0,0
participant_20240910183815_score_87_model_CH_8,reward_aware,22,0,1
participant_20240910183815_score_87_model_CH_8,reward_aware,23,0,1
participant_20240910183815_score_87_model_CH_8,reward_aware,24,0,1
participant_20240910183815_score_87_model_CH_8,reward_aware,25,0,0
participant_20240910183815_score_87_model_CH_8,reward_aware,26,0,0
participant_20240910183815_score_87_model_CH_8,reward_aware,27,0,1
participant_20240910183815_score_87_model_CH_8,reward_aware,28,0,1
participant_20240910183815_score_87_model_CH_8,reward_aware,29,0,0
participant_20240910183815_score_87_model_CH_8,reward_aware,30,1,1
participant_20240910183815_score_87_model_CH_8,reward_aware,31,0,0
participant_20240910183815_score_87_model_CH_8,reward_aware,32,0,0
participant_20240910183815_score_87_model_CH_8,reward_aware,33,1,0
participant_20240910183815_score_87_model_CH_8,reward_aware,34,0,1
participant_20240910183815_score_87_model_CH_8,reward_aware,35,0,0
participant_20240910183815_score_87_model_CH_8,reward_aware,36,1,1
participant_20240910183815_score_87_model_CH_8,reward_aware,37,1,1
participant_20240910183815_score_87_model_CH_8,reward_aware,38,1,1
participant_20240910183815_score_87_model_CH_8,reward_aware,39,0,0
participant_20240910183815_score_87_model_CH_8,reward_aware,40,0,0
participant_20240910191433_score_88_model_CH_8,reward_aware,2,0,1
participant_20240910191433_score_88_model_CH_8,reward_aware,3,0,0
participant_20240910191433_score_88_model_CH_8,reward_aware,4,0,0
participant_20240910191433_score_88_model_CH_8,reward_aware,5,0,0
participant_20240910191433_score_88_model_CH_8,reward_aware,6,0,0
participant_20240910191433_score_88_model_CH_8,reward_aware,7,0,0
participant_20240910191433_score_88_model_CH_8,reward_aware,8,1,0
participant_20240910191433_score_88_model_CH_8,reward_aware,9,1,0
participant_20240910191433_score_88_model_CH_8,reward_aware,10,0,0
participant_20240910191433_score_88_model_CH_8,reward_aware,11,0,0
participant_20240910191433_score_88_model_CH_8,reward_aware,12,0,0
participant_20240910191433_score_88_model_CH_8,reward_aware,13,0,0
participant_20240910191433_score_88_model_CH_8,reward_aware,14,1,0
participant_20240910191433_score_88_model_CH_8,reward_aware,15,0,1
participant_20240910191433_score_88_model_CH_8,reward_aware,16,0,0
participant_20240910191433_score_88_model_CH_8,reward_aware,17,1,0
participant_20240910191433_score_88_model_CH_8,reward_aware,18,0,0
participant_20240910191433_score_88_model_CH_8,reward_aware,19,1,0
participant_20240910191433_score_88_model_CH_8,reward_aware,20,0,0
participant_20240910191433_score_88_model_CH_8,reward_aware,21,0,1
participant_20240910191433_score_88_model_CH_8,reward_aware,22,0,0
participant_20240910191433_score_88_model_CH_8,reward_aware,23,0,1
participant_20240910191433_score_88_model_CH_8,reward_aware,24,0,0
participant_20240910191433_score_88_model_CH_8,reward_aware,25,1,0
participant_20240910191433_score_88_model_CH_8,reward_aware,26,0,0
participant_20240910191433_score_88_model_CH_8,reward_aware,27,0,0
participant_20240910191433_score_88_model_CH_8,reward_aware,28,0,0
participant_20240910191433_score_88_model_CH_8,reward_aware,29,0,0
participant_20240910191433_score_88_model_CH_8,reward_aware,30,0,0
participant_20240910191433_score_88_model_CH_8,reward_aware,31,0,0
participant_20240910191433_score_88_model_CH_8,reward_aware,32,0,0
participant_20240910191433_score_88_model_CH_8,reward_aware,33,0,0
participant_20240910191433_score_88_model_CH_8,reward_aware,34,1,0
participant_20240910191433_score_88_model_CH_8,reward_aware,35,0,0
participant_20240910191433_score_88_model_CH_8,reward_aware,36,0,0
participant_20240910191433_score_88_model_CH_8,reward_aware,37,0,0
participant_20240910191433_score_88_model_CH_8,reward_aware,38,1,0
participant_20240910191433_score_88_model_CH_8,reward_aware,39,0,0
participant_20240910191433_score_88_model_CH_8,reward_aware,40,0,0
participant_20240910191810_score_84_model_CH_8,reward_aware,2,0,0
participant_20240910191810_score_84_model_CH_8,reward_aware,3,0,0
participant_20240910191810_score_84_model_CH_8,reward_aware,4,0,0
participant_20240910191810_score_84_model_CH_8,reward_aware,5,0,0
participant_20240910191810_score_84_model_CH_8,reward_aware,6,0,0
participant_20240910191810_score_84_model_CH_8,reward_aware,7,0,0
participant_20240910191810_score_84_model_CH_8,reward_aware,8,0,0
participant_20240910191810_score_84_model_CH_8,reward_aware,9,0,0
participant_20240910191810_score_84_model_CH_8,reward_aware,10,0,0
participant_20240910191810_score_84_model_CH_8,reward_aware,11,0,0
participant_20240910191810_score_84_model_CH_8,reward_aware,12,0,0
participant_20240910191810_score_84_model_CH_8,reward_aware,13,0,1
participant_20240910191810_score_84_model_CH_8,reward_aware,14,0,0
participant_20240910191810_score_84_model_CH_8,reward_aware,15,0,0
participant_20240910191810_score_84_model_CH_8,reward_aware,16,0,0
participant_20240910191810_score_84_model_CH_8,reward_aware,17,0,0
participant_20240910191810_score_84_model_CH_8,reward_aware,18,0,0
participant_20240910191810_score_84_model_CH_8,reward_aware,19,0,0
participant_20240910191810_score_84_model_CH_8,reward_aware,20,0,0
participant_20240910191810_score_84_model_CH_8,reward_aware,21,0,0
participant_20240910191810_score_84_model_CH_8,reward_aware,22,0,0
participant_20240910191810_score_84_model_CH_8,reward_aware,23,1,0
participant_20240910191810_score_84_model_CH_8,reward_aware,24,0,0
participant_20240910191810_score_84_model_CH_8,reward_aware,25,0,0
participant_20240910191810_score_84_model_CH_8,reward_aware,26,0,0
participant_20240910191810_score_84_model_CH_8,reward_aware,27,1,0
participant_20240910191810_score_84_model_CH_8,reward_aware,28,0,0
participant_20240910191810_score_84_model_CH_8,reward_aware,29,0,0
participant_20240910191810_score_84_model_CH_8,reward_aware,30,0,0
participant_20240910191810_score_84_model_CH_8,reward_aware,31,0,0
participant_20240910191810_score_84_model_CH_8,reward_aware,32,0,0
participant_20240910191810_score_84_model_CH_8,reward_aware,33,0,0
participant_20240910191810_score_84_model_CH_8,reward_aware,34,0,1
participant_20240910191810_score_84_model_CH_8,reward_aware,35,0,0
participant_20240910191810_score_84_model_CH_8,reward_aware,36,0,0
participant_20240910191810_score_84_model_CH_8,reward_aware,37,0,0
participant_20240910191810_score_84_model_CH_8,reward_aware,38,1,0
participant_20240910191810_score_84_model_CH_8,reward_aware,39,0,0
participant_20240910191810_score_84_model_CH_8,reward_aware,40,0,0
participant_20240910192743_score_90_model_CH_8,reward_aware,2,0,0
participant_20240910192743_score_90_model_CH_8,reward_aware,3,1,0
participant_20240910192743_score_90_model_CH_8,reward_aware,4,0,0
participant_20240910192743_score_90_model_CH_8,reward_aware,5,0,0
participant_20240910192743_score_90_model_CH_8,reward_aware,6,0,0
participant_20240910192743_score_90_model_CH_8,reward_aware,7,0,0
participant_20240910192743_score_90_model_CH_8,reward_aware,8,0,0
participant_20240910192743_score_90_model_CH_8,reward_aware,9,0,0
participant_20240910192743_score_90_model_CH_8,reward_aware,10,0,1
participant_20240910192743_score_90_model_CH_8,reward_aware,11,0,0
participant_20240910192743_score_90_model_CH_8,reward_aware,12,0,0
participant_20240910192743_score_90_model_CH_8,reward_aware,13,0,0
participant_20240910192743_score_90_model_CH_8,reward_aware,14,0,0
participant_20240910192743_score_90_model_CH_8,reward_aware,15,0,0
participant_20240910192743_score_90_model_CH_8,reward_aware,16,1,0
participant_20240910192743_score_90_model_CH_8,reward_aware,17,0,0
participant_20240910192743_score_90_model_CH_8,reward_aware,18,1,1
participant_20240910192743_score_90_model_CH_8,reward_aware,19,1,1
participant_20240910192743_score_90_model_CH_8,reward_aware,20,1,1
participant_20240910192743_score_90_model_CH_8,reward_aware,21,1,1
participant_20240910192743_score_90_model_CH_8,reward_aware,22,1,1
participant_20240910192743_score_90_model_CH_8,reward_aware,23,1,1
participant_20240910192743_score_90_model_CH_8,reward_aware,24,1,1
participant_20240910192743_score_90_model_CH_8,reward_aware,25,1,1
participant_20240910192743_score_90_model_CH_8,reward_aware,26,0,1
participant_20240910192743_score_90_model_CH_8,reward_aware,27,0,1
participant_20240910192743_score_90_model_CH_8,reward_aware,28,0,0
participant_20240910192743_score_90_model_CH_8,reward_aware,29,0,0
participant_20240910192743_score_90_model_CH_8,reward_aware,30,0,0
participant_20240910192743_score_90_model_CH_8,reward_aware,31,0,0
participant_20240910192743_score_90_model_CH_8,reward_aware,32,0,0
participant_20240910192743_score_90_model_CH_8,reward_aware,33,1,1
participant_20240910192743_score_90_model_CH_8,reward_aware,34,1,1
participant_20240910192743_score_90_model_CH_8,reward_aware,35,1,1
participant_20240910192743_score_90_model_CH_8,reward_aware,36,0,1
participant_20240910192743_score_90_model_CH_8,reward_aware,37,0,0
participant_20240910192743_score_90_model_CH_8,reward_aware,38,0,0
participant_20240910192743_score_90_model_CH_8,reward_aware,39,1,1
participant_20240910192743_score_90_model_CH_8,reward_aware,40,1,1
participant_20240910193934_score_83_model_CH_8,reward_aware,2,0,0
participant_20240910193934_score_83_model_CH_8,reward_aware,3,1,1
participant_20240910193934_score_83_model_CH_8,reward_aware,4,0,0
participant_20240910193934_score_83_model_CH_8,reward_aware,5,1,1
participant_20240910193934_score_83_model_CH_8,reward_aware,6,0,0
participant_20240910193934_score_83_model_CH_8,reward_aware,7,0,1
participant_20240910193934_score_83_model_CH_8,reward_aware,8,0,0
participant_20240910193934_score_83_model_CH_8,reward_aware,9,0,0
participant_20240910193934_score_83_model_CH_8,reward_aware,10,0,0
participant_20240910193934_score_83_model_CH_8,reward_aware,11,0,0
participant_20240910193934_score_83_model_CH_8,reward_aware,12,0,0
participant_20240910193934_score_83_model_CH_8,reward_aware,13,0,0
participant_20240910193934_score_83_model_CH_8,reward_aware,14,0,1
participant_20240910193934_score_83_model_CH_8,reward_aware,15,0,1
participant_20240910193934_score_83_model_CH_8,reward_aware,16,0,0
participant_20240910193934_score_83_model_CH_8,reward_aware,17,0,0
participant_20240910193934_score_83_model_CH_8,reward_aware,18,0,1
participant_20240910193934_score_83_model_CH_8,reward_aware,19,0,0
participant_20240910193934_score_83_model_CH_8,reward_aware,20,0,1
participant_20240910193934_score_83_model_CH_8,reward_aware,21,0,0
participant_20240910193934_score_83_model_CH_8,reward_aware,22,0,1
participant_20240910193934_score_83_model_CH_8,reward_aware,23,0,1
participant_20240910193934_score_83_model_CH_8,reward_aware,24,0,0
participant_20240910193934_score_83_model_CH_8,reward_aware,25,0,1
participant_20240910193934_score_83_model_CH_8,reward_aware,26,0,1
participant_20240910193934_score_83_model_CH_8,reward_aware,27,0,0
participant_20240910193934_score_83_model_CH_8,reward_aware,28,1,1
participant_20240910193934_score_83_model_CH_8,reward_aware,29,1,1
participant_20240910193934_score_83_model_CH_8,reward_aware,30,0,1
participant_20240910193934_score_83_model_CH_8,reward_aware,31,0,1
participant_20240910193934_score_83_model_CH_8,reward_aware,32,0,1
participant_20240910193934_score_83_model_CH_8,reward_aware,33,0,0
participant_20240910193934_score_83_model_CH_8,reward_aware,34,0,0
participant_20240910193934_score_83_model_CH_8,reward_aware,35,0,0
participant_20240910193934_score_83_model_CH_8,reward_aware,36,0,1
participant_20240910193934_score_83_model_CH_8,reward_aware,37,0,0
participant_20240910193934_score_83_model_CH_8,reward_aware,38,0,0
participant_20240910193934_score_83_model_CH_8,reward_aware,39,0,0
participant_20240910193934_score_83_model_CH_8,reward_aware,40,0,0
participant_20240910200959_score_85_model_CH_8,reward_aware,2,0,0
participant_20240910200959_score_85_model_CH_8,reward_aware,3,0,0
participant_20240910200959_score_85_model_CH_8,reward_aware,4,0,0
participant_20240910200959_score_85_model_CH_8,reward_aware,5,0,0
participant_20240910200959_score_85_model_CH_8,reward_aware,6,1,0
participant_20240910200959_score_85_model_CH_8,reward_aware,7,0,0
participant_20240910200959_score_85_model_CH_8,reward_aware,8,0,0
participant_20240910200959_score_85_model_CH_8,reward_aware,9,0,0
participant_20240910200959_score_85_model_CH_8,reward_aware,10,0,0
participant_20240910200959_score_85_model_CH_8,reward_aware,11,0,0
participant_20240910200959_score_85_model_CH_8,reward_aware,12,0,0
participant_20240910200959_score_85_model_CH_8,reward_aware,13,0,0
participant_20240910200959_score_85_model_CH_8,reward_aware,14,0,0
participant_20240910200959_score_85_model_CH_8,reward_aware,15,0,0
participant_20240910200959_score_85_model_CH_8,reward_aware,16,0,0
participant_20240910200959_score_85_model_CH_8,reward_aware,17,1,0
participant_20240910200959_score_85_model_CH_8,reward_aware,18,0,0
participant_20240910200959_score_85_model_CH_8,reward_aware,19,1,0
participant_20240910200959_score_85_model_CH_8,reward_aware,20,0,0
participant_20240910200959_score_85_model_CH_8,reward_aware,21,1,0
participant_20240910200959_score_85_model_CH_8,reward_aware,22,1,0
participant_20240910200959_score_85_model_CH_8,reward_aware,23,0,0
participant_20240910200959_score_85_model_CH_8,reward_aware,24,1,0
participant_20240910200959_score_85_model_CH_8,reward_aware,25,0,0
participant_20240910200959_score_85_model_CH_8,reward_aware,26,0,0
participant_20240910200959_score_85_model_CH_8,reward_aware,27,0,0
participant_20240910200959_score_85_model_CH_8,reward_aware,28,0,0
participant_20240910200959_score_85_model_CH_8,reward_aware,29,0,0
participant_20240910200959_score_85_model_CH_8,reward_aware,30,0,1
participant_20240910200959_score_85_model_CH_8,reward_aware,31,0,0
participant_20240910200959_score_85_model_CH_8,reward_aware,32,0,0
participant_20240910200959_score_85_model_CH_8,reward_aware,33,1,1
participant_20240910200959_score_85_model_CH_8,reward_aware,34,0,0
participant_20240910200959_score_85_model_CH_8,reward_aware,35,0,0
participant_20240910200959_score_85_model_CH_8,reward_aware,36,1,0
participant_20240910200959_score_85_model_CH_8,reward_aware,37,0,0
participant_20240910200959_score_85_model_CH_8,reward_aware,38,0,0
participant_20240910200959_score_85_model_CH_8,reward_aware,39,0,0
participant_20240910200959_score_85_model_CH_8,reward_aware,40,0,0
participant_20240919122234_score_83_model_CH_8,reward_aware,2,0,0
participant_20240919122234_score_83_model_CH_8,reward_aware,3,0,0
participant_20240919122234_score_83_model_CH_8,reward_aware,4,0,0
participant_20240919122234_score_83_model_CH_8,reward_aware,5,1,0
participant_20240919122234_score_83_model_CH_8,reward_aware,6,0,0
participant_20240919122234_score_83_model_CH_8,reward_aware,7,0,0
participant_20240919122234_score_83_model_CH_8,reward_aware,8,0,0
participant_20240919122234_score_83_model_CH_8,reward_aware,9,0,0
participant_20240919122234_score_83_model_CH_8,reward_aware,10,0,0
participant_20240919122234_score_83_model_CH_8,reward_aware,11,1,0
participant_20240919122234_score_83_model_CH_8,reward_aware,12,0,0
participant_20240919122234_score_83_model_CH_8,reward_aware,13,0,0
participant_20240919122234_score_83_model_CH_8,reward_aware,14,0,0
participant_20240919122234_score_83_model_CH_8,reward_aware,15,1,0
participant_20240919122234_score_83_model_CH_8,reward_aware,16,0,0
participant_20240919122234_score_83_model_CH_8,reward_aware,17,0,0
participant_20240919122234_score_83_model_CH_8,reward_aware,18,1,0
participant_20240919122234_score_83_model_CH_8,reward_aware,19,0,0
participant_20240919122234_score_83_model_CH_8,reward_aware,20,0,0
participant_20240919122234_score_83_model_CH_8,reward_aware,21,0,0
participant_20240919122234_score_83_model_CH_8,reward_aware,22,0,0
participant_20240919122234_score_83_model_CH_8,reward_aware,23,0,0
participant_20240919122234_score_83_model_CH_8,reward_aware,24,0,0
participant_20240919122234_score_83_model_CH_8,reward_aware,25,1,0
participant_20240919122234_score_83_model_CH_8,reward_aware,26,0,0
participant_20240919122234_score_83_model_CH_8,reward_aware,27,0,0
participant_20240919122234_score_83_model_CH_8,reward_aware,28,0,0
participant_20240919122234_score_83_model_CH_8,reward_aware,29,0,0
participant_20240919122234_score_83_model_CH_8,reward_aware,30,0,0
participant_20240919122234_score_83_model_CH_8,reward_aware,31,0,0
participant_20240919122234_score_83_model_CH_8,reward_aware,32,0,0
participant_20240919122234_score_83_model_CH_8,reward_aware,33,1,0
participant_20240919122234_score_83_model_CH_8,reward_aware,34,0,0
participant_20240919122234_score_83_model_CH_8,reward_aware,35,1,0
participant_20240919122234_score_83_model_CH_8,reward_aware,36,0,0
participant_20240919122234_score_83_model_CH_8,reward_aware,37,0,0
participant_20240919122234_score_83_model_CH_8,reward_aware,38,0,0
participant_20240919122234_score_83_model_CH_8,reward_aware,39,1,0
participant_20240919122234_score_83_model_CH_8,reward_aware,40,0,0
participant_20240919122502_score_85_model_CH_8,reward_aware,2,0,0
participant_20240919122502_score_85_model_CH_8,reward_aware,3,1,0
participant_20240919122502_score_85_model_CH_8,reward_aware,4,0,0
participant_20240919122502_score_85_model_CH_8,reward_aware,5,0,0
participant_20240919122502_score_85_model_CH_8,reward_aware,6,1,1
participant_20240919122502_score_85_model_CH_8,reward_aware,7,1,1
participant_20240919122502_score_85_model_CH_8,reward_aware,8,0,0
participant_20240919122502_score_85_model_CH_8,reward_aware,9,0,0
participant_20240919122502_score_85_model_CH_8,reward_aware,10,0,0
participant_20240919122502_score_85_model_CH_8,reward_aware,11,0,0
participant_20240919122502_score_85_model_CH_8,reward_aware,12,0,0
participant_20240919122502_score_85_model_CH_8,reward_aware,13,0,0
participant_20240919122502_score_85_model_CH_8,reward_aware,14,0,0
participant_20240919122502_score_85_model_CH_8,reward_aware,15,0,0
participant_20240919122502_score_85_model_CH_8,reward_aware,16,0,1
participant_20240919122502_score_85_model_CH_8,reward_aware,17,0,0
participant_20240919122502_score_85_model_CH_8,reward_aware,18,0,0
participant_20240919122502_score_85_model_CH_8,reward_aware,19,0,0
participant_20240919122502_score_85_model_CH_8,reward_aware,20,0,0
participant_20240919122502_score_85_model_CH_8,reward_aware,21,0,0
participant_20240919122502_score_85_model_CH_8,reward_aware,22,0,0
participant_20240919122502_score_85_model_CH_8,reward_aware,23,0,0
participant_20240919122502_score_85_model_CH_8,reward_aware,24,0,0
participant_20240919122502_score_85_model_CH_8,reward_aware,25,0,0
participant_20240919122502_score_85_model_CH_8,reward_aware,26,1,1
participant_20240919122502_score_85_model_CH_8,reward_aware,27,0,0
participant_20240919122502_score_85_model_CH_8,reward_aware,28,1,0
participant_20240919122502_score_85_model_CH_8,reward_aware,29,0,0
participant_20240919122502_score_85_model_CH_8,reward_aware,30,0,0
participant_20240919122502_score_85_model_CH_8,reward_aware,31,0,0
participant_20240919122502_score_85_model_CH_8,reward_aware,32,0,0
participant_20240919122502_score_85_model_CH_8,reward_aware,33,0,0
participant_20240919122502_score_85_model_CH_8,reward_aware,34,1,1
participant_20240919122502_score_85_model_CH_8,reward_aware,35,1,0
participant_20240919122502_score_85_model_CH_8,reward_aware,36,0,0
participant_20240919122502_score_85_model_CH_8,reward_aware,37,1,1
participant_20240919122502_score_85_model_CH_8,reward_aware,38,1,1
participant_20240919122502_score_85_model_CH_8,reward_aware,39,1,1
participant_20240919122502_score_85_model_CH_8,reward_aware,40,1,1
participant_20240919122518_score_90_model_CH_8,reward_aware,2,0,1
participant_20240919122518_score_90_model_CH_8,reward_aware,3,0,0
participant_20240919122518_score_90_model_CH_8,reward_aware,4,1,1
participant_20240919122518_score_90_model_CH_8,reward_aware,5,0,0
participant_20240919122518_score_90_model_CH_8,reward_aware,6,1,1
participant_20240919122518_score_90_model_CH_8,reward_aware,7,0,0
participant_20240919122518_score_90_model_CH_8,reward_aware,8,0,0
participant_20240919122518_score_90_model_CH_8,reward_aware,9,0,0
participant_20240919122518_score_90_model_CH_8,reward_aware,10,1,0
participant_20240919122518_score_90_model_CH_8,reward_aware,11,0,0
participant_20240919122518_score_90_model_CH_8,reward_aware,12,1,1
participant_20240919122518_score_90_model_CH_8,reward_aware,13,0,0
participant_20240919122518_score_90_model_CH_8,reward_aware,14,0,0
participant_20240919122518_score_90_model_CH_8,reward_aware,15,0,0
participant_20240919122518_score_90_model_CH_8,reward_aware,16,1,0
participant_20240919122518_score_90_model_CH_8,reward_aware,17,0,0
participant_20240919122518_score_90_model_CH_8,reward_aware,18,1,0
participant_20240919122518_score_90_model_CH_8,reward_aware,19,0,0
participant_20240919122518_score_90_model_CH_8,reward_aware,20,0,0
participant_20240919122518_score_90_model_CH_8,reward_aware,21,1,0
participant_20240919122518_score_90_model_CH_8,reward_aware,22,0,0
participant_20240919122518_score_90_model_CH_8,reward_aware,23,0,0
participant_20240919122518_score_90_model_CH_8,reward_aware,24,1,0
participant_20240919122518_score_90_model_CH_8,reward_aware,25,0,0
participant_20240919122518_score_90_model_CH_8,reward_aware,26,0,0
participant_20240919122518_score_90_model_CH_8,reward_aware,27,0,0
participant_20240919122518_score_90_model_CH_8,reward_aware,28,1,0
participant_20240919122518_score_90_model_CH_8,reward_aware,29,0,0
participant_20240919122518_score_90_model_CH_8,reward_aware,30,1,1
participant_20240919122518_score_90_model_CH_8,reward_aware,31,1,1
participant_20240919122518_score_90_model_CH_8,reward_aware,32,1,1
participant_20240919122518_score_90_model_CH_8,reward_aware,33,1,1
participant_20240919122518_score_90_model_CH_8,reward_aware,34,1,1
participant_20240919122518_score_90_model_CH_8,reward_aware,35,1,1
participant_20240919122518_score_90_model_CH_8,reward_aware,36,0,0
participant_20240919122518_score_90_model_CH_8,reward_aware,37,1,1
participant_20240919122518_score_90_model_CH_8,reward_aware,38,1,1
participant_20240919122518_score_90_model_CH_8,reward_aware,39,0,0
participant_20240919122518_score_90_model_CH_8,reward_aware,40,0,0
participant_20240919122611_score_85_model_CH_8,reward_aware,2,0,0
participant_20240919122611_score_85_model_CH_8,reward_aware,3,0,0
participant_20240919122611_score_85_model_CH_8,reward_aware,4,0,0
participant_20240919122611_score_85_model_CH_8,reward_aware,5,1,0
participant_20240919122611_score_85_model_CH_8,reward_aware,6,0,0
participant_20240919122611_score_85_model_CH_8,reward_aware,7,0,0
participant_20240919122611_score_85_model_CH_8,reward_aware,8,0,0
participant_20240919122611_score_85_model_CH_8,reward_aware,9,1,0
participant_20240919122611_score_85_model_CH_8,reward_aware,10,0,0
participant_20240919122611_score_85_model_CH_8,reward_aware,11,0,0
participant_20240919122611_score_85_model_CH_8,reward_aware,12,0,0
participant_20240919122611_score_85_model_CH_8,reward_aware,13,0,0
participant_20240919122611_score_85_model_CH_8,reward_aware,14,0,0
participant_20240919122611_score_85_model_CH_8,reward_aware,15,0,0
participant_20240919122611_score_85_model_CH_8,reward_aware,16,0,0
participant_20240919122611_score_85_model_CH_8,reward_aware,17,0,0
participant_20240919122611_score_85_model_CH_8,reward_aware,18,1,0
participant_20240919122611_score_85_model_CH_8,reward_aware,19,0,0
participant_20240919122611_score_85_model_CH_8,reward_aware,20,0,0
participant_20240919122611_score_85_model_CH_8,reward_aware,21,1,0
participant_20240919122611_score_85_model_CH_8,reward_aware,22,0,0
participant_20240919122611_score_85_model_CH_8,reward_aware,23,0,0
participant_20240919122611_score_85_model_CH_8,reward_aware,24,0,0
participant_20240919122611_score_85_model_CH_8,reward_aware,25,0,0
participant_20240919122611_score_85_model_CH_8,reward_aware,26,0,0
participant_20240919122611_score_85_model_CH_8,reward_aware,27,0,0
participant_20240919122611_score_85_model_CH_8,reward_aware,28,0,0
participant_20240919122611_score_85_model_CH_8,reward_aware,29,0,0
participant_20240919122611_score_85_model_CH_8,reward_aware,30,0,0
participant_20240919122611_score_85_model_CH_8,reward_aware,31,1,0
participant_20240919122611_score_85_model_CH_8,reward_aware,32,0,0
participant_20240919122611_score_85_model_CH_8,reward_aware,33,0,0
participant_20240919122611_score_85_model_CH_8,reward_aware,34,0,0
participant_20240919122611_score_85_model_CH_8,reward_aware,35,0,0
participant_20240919122611_score_85_model_CH_8,reward_aware,36,0,0
participant_20240919122611_score_85_model_CH_8,reward_aware,37,1,0
participant_20240919122611_score_85_model_CH_8,reward_aware,38,0,0
participant_20240919122611_score_85_model_CH_8,reward_aware,39,0,0
participant_20240919122611_score_85_model_CH_8,reward_aware,40,1,0
participant_20240919122717_score_84_model_CH_8,reward_aware,2,0,0
participant_20240919122717_score_84_model_CH_8,reward_aware,3,0,0
participant_20240919122717_score_84_model_CH_8,reward_aware,4,0,0
participant_20240919122717_score_84_model_CH_8,reward_aware,5,0,0
participant_20240919122717_score_84_model_CH_8,reward_aware,6,0,0
participant_20240919122717_score_84_model_CH_8,reward_aware,7,0,0
participant_20240919122717_score_84_model_CH_8,reward_aware,8,0,0
participant_20240919122717_score_84_model_CH_8,reward_aware,9,0,0
participant_20240919122717_score_84_model_CH_8,reward_aware,10,0,0
participant_20240919122717_score_84_model_CH_8,reward_aware,11,0,0
participant_20240919122717_score_84_model_CH_8,reward_aware,12,0,0
participant_20240919122717_score_84_model_CH_8,reward_aware,13,0,0
participant_20240919122717_score_84_model_CH_8,reward_aware,14,0,1
participant_20240919122717_score_84_model_CH_8,reward_aware,15,0,0
participant_20240919122717_score_84_model_CH_8,reward_aware,16,0,0
participant_20240919122717_score_84_model_CH_8,reward_aware,17,0,0
participant_20240919122717_score_84_model_CH_8,reward_aware,18,0,0
participant_20240919122717_score_84_model_CH_8,reward_aware,19,0,0
participant_20240919122717_score_84_model_CH_8,reward_aware,20,0,0
participant_20240919122717_score_84_model_CH_8,reward_aware,21,0,0
participant_20240919122717_score_84_model_CH_8,reward_aware,22,0,1
participant_20240919122717_score_84_model_CH_8,reward_aware,23,0,0
participant_20240919122717_score_84_model_CH_8,reward_aware,24,1,0
participant_20240919122717_score_84_model_CH_8,reward_aware,25,0,1
participant_20240919122717_score_84_model_CH_8,reward_aware,26,0,1
participant_20240919122717_score_84_model_CH_8,reward_aware,27,0,0
participant_20240919122717_score_84_model_CH_8,reward_aware,28,0,0
participant_20240919122717_score_84_model_CH_8,reward_aware,29,0,1
participant_20240919122717_score_84_model_CH_8,reward_aware,30,0,0
participant_20240919122717_score_84_model_CH_8,reward_aware,31,1,1
participant_20240919122717_score_84_model_CH_8,reward_aware,32,1,0
participant_20240919122717_score_84_model_CH_8,reward_aware,33,0,0
participant_20240919122717_score_84_model_CH_8,reward_aware,34,0,0
participant_20240919122717_score_84_model_CH_8,reward_aware,35,1,0
participant_20240919122717_score_84_model_CH_8,reward_aware,36,0,0
participant_20240919122717_score_84_model_CH_8,reward_aware,37,0,0
participant_20240919122717_score_84_model_CH_8,reward_aware,38,0,1
participant_20240919122717_score_84_model_CH_8,reward_aware,39,0,0
participant_20240919122717_score_84_model_CH_8,reward_aware,40,0,0
participant_20240919122742_score_83_model_CH_8,reward_aware,2,0,0
participant_20240919122742_score_83_model_CH_8,reward_aware,3,0,0
participant_20240919122742_score_83_model_CH_8,reward_aware,4,1,0
participant_20240919122742_score_83_model_CH_8,reward_aware,5,1,0
participant_20240919122742_score_83_model_CH_8,reward_aware,6,0,0
participant_20240919122742_score_83_model_CH_8,reward_aware,7,0,0
participant_20240919122742_score_83_model_CH_8,reward_aware,8,0,0
participant_20240919122742_score_83_model_CH_8,reward_aware,9,0,0
participant_20240919122742_score_83_model_CH_8,reward_aware,10,0,0
participant_20240919122742_score_83_model_CH_8,reward_aware,11,0,0
participant_20240919122742_score_83_model_CH_8,reward_aware,12,0,0
participant_20240919122742_score_83_model_CH_8,reward_aware,13,0,0
participant_20240919122742_score_83_model_CH_8,reward_aware,14,0,0
participant_20240919122742_score_83_model_CH_8,reward_aware,15,1,0
participant_20240919122742_score_83_model_CH_8,reward_aware,16,0,0
participant_20240919122742_score_83_model_CH_8,reward_aware,17,0,0
participant_20240919122742_score_83_model_CH_8,reward_aware,18,0,0
participant_20240919122742_score_83_model_CH_8,reward_aware,19,1,0
participant_20240919122742_score_83_model_CH_8,reward_aware,20,0,0
participant_20240919122742_score_83_model_CH_8,reward_aware,21,0,0
participant_20240919122742_score_83_model_CH_8,reward_aware,22,0,0
participant_20240919122742_score_83_model_CH_8,reward_aware,23,0,0
participant_20240919122742_score_83_model_CH_8,reward_aware,24,0,0
participant_20240919122742_score_83_model_CH_8,reward_aware,25,0,0
participant_20240919122742_score_83_model_CH_8,reward_aware,26,0,0
participant_20240919122742_score_83_model_CH_8,reward_aware,27,1,0
participant_20240919122742_score_83_model_CH_8,reward_aware,28,0,0
participant_20240919122742_score_83_model_CH_8,reward_aware,29,0,0
participant_20240919122742_score_83_model_CH_8,reward_aware,30,1,0
participant_20240919122742_score_83_model_CH_8,reward_aware,31,0,0
participant_20240919122742_score_83_model_CH_8,reward_aware,32,0,0
participant_20240919122742_score_83_model_CH_8,reward_aware,33,0,0
participant_20240919122742_score_83_model_CH_8,reward_aware,34,0,0
participant_20240919122742_score_83_model_CH_8,reward_aware,35,0,0
participant_20240919122742_score_83_model_CH_8,reward_aware,36,0,0
participant_20240919122742_score_83_model_CH_8,reward_aware,37,0,0
participant_20240919122742_score_83_model_CH_8,reward_aware,38,0,0
participant_20240919122742_score_83_model_CH_8,reward_aware,39,0,0
participant_20240919122742_score_83_model_CH_8,reward_aware,40,0,0
participant_20240919123000_score_88_model_CH_8,reward_aware,2,1,0
participant_20240919123000_score_88_model_CH_8,reward_aware,3,0,0
participant_20240919123000_score_88_model_CH_8,reward_aware,4,0,0
participant_20240919123000_score_88_model_CH_8,reward_aware,5,0,0
participant_20240919123000_score_88_model_CH_8,reward_aware,6,0,0
participant_20240919123000_score_88_model_CH_8,reward_aware,7,0,0
participant_20240919123000_score_88_model_CH_8,reward_aware,8,1,0
participant_20240919123000_score_88_model_CH_8,reward_aware,9,0,0
participant_20240919123000_score_88_model_CH_8,reward_aware,10,0,0
participant_20240919123000_score_88_model_CH_8,reward_aware,11,0,0
participant_20240919123000_score_88_model_CH_8,reward_aware,12,1,0
participant_20240919123000_score_88_model_CH_8,reward_aware,13,1,0
participant_20240919123000_score_88_model_CH_8,reward_aware,14,0,0
participant_20240919123000_score_88_model_CH_8,reward_aware,15,0,0
participant_20240919123000_score_88_model_CH_8,reward_aware,16,0,0
participant_20240919123000_score_88_model_CH_8,reward_aware,17,0,0
participant_20240919123000_score_88_model_CH_8,reward_aware,18,0,0
participant_20240919123000_score_88_model_CH_8,reward_aware,19,1,0
participant_20240919123000_score_88_model_CH_8,reward_aware,20,0,0
participant_20240919123000_score_88_model_CH_8,reward_aware,21,0,0
participant_20240919123000_score_88_model_CH_8,reward_aware,22,0,0
participant_20240919123000_score_88_model_CH_8,reward_aware,23,0,0
participant_20240919123000_score_88_model_CH_8,reward_aware,24,0,0
participant_20240919123000_score_88_model_CH_8,reward_aware,25,0,0
participant_20240919123000_score_88_model_CH_8,reward_aware,26,0,0
participant_20240919123000_score_88_model_CH_8,reward_aware,27,0,0
participant_20240919123000_score_88_model_CH_8,reward_aware,28,1,0
participant_20240919123000_score_88_model_CH_8,reward_aware,29,0,0
participant_20240919123000_score_88_model_CH_8,reward_aware,30,0,0
participant_20240919123000_score_88_model_CH_8,reward_aware,31,0,0
participant_20240919123000_score_88_model_CH_8,reward_aware,32,0,0
participant_20240919123000_score_88_model_CH_8,reward_aware,33,0,0
participant_20240919123000_score_88_model_CH_8,reward_aware,34,0,0
participant_20240919123000_score_88_model_CH_8,reward_aware,35,0,0
participant_20240919123000_score_88_model_CH_8,reward_aware,36,1,0
participant_20240919123000_score_88_model_CH_8,reward_aware,37,0,0
participant_20240919123000_score_88_model_CH_8,reward_aware,38,0,0
participant_20240919123000_score_88_model_CH_8,reward_aware,39,0,0
participant_20240919123000_score_88_model_CH_8,reward_aware,40,0,0
participant_20240919123237_score_82_model_CH_8,reward_aware,2,0,0
participant_20240919123237_score_82_model_CH_8,reward_aware,3,0,0
participant_20240919123237_score_82_model_CH_8,reward_aware,4,0,0
participant_20240919123237_score_82_model_CH_8,reward_aware,5,0,0
participant_20240919123237_score_82_model_CH_8,reward_aware,6,0,0
participant_20240919123237_score_82_model_CH_8,reward_aware,7,0,0
participant_20240919123237_score_82_model_CH_8,reward_aware,8,0,0
participant_20240919123237_score_82_model_CH_8,reward_aware,9,0,0
participant_20240919123237_score_82_model_CH_8,reward_aware,10,0,0
participant_20240919123237_score_82_model_CH_8,reward_aware,11,1,0
participant_20240919123237_score_82_model_CH_8,reward_aware,12,0,0
participant_20240919123237_score_82_model_CH_8,reward_aware,13,0,0
participant_20240919123237_score_82_model_CH_8,reward_aware,14,0,0
participant_20240919123237_score_82_model_CH_8,reward_aware,15,0,0
participant_20240919123237_score_82_model_CH_8,reward_aware,16,0,1
participant_20240919123237_score_82_model_CH_8,reward_aware,17,0,0
participant_20240919123237_score_82_model_CH_8,reward_aware,18,0,0
participant_20240919123237_score_82_model_CH_8,reward_aware,19,0,1
participant_20240919123237_score_82_model_CH_8,reward_aware,20,0,0
participant_20240919123237_score_82_model_CH_8,reward_aware,21,0,0
participant_20240919123237_score_82_model_CH_8,reward_aware,22,1,0
participant_20240919123237_score_82_model_CH_8,reward_aware,23,0,0
participant_20240919123237_score_82_model_CH_8,reward_aware,24,0,0
participant_20240919123237_score_82_model_CH_8,reward_aware,25,0,0
participant_20240919123237_score_82_model_CH_8,reward_aware,26,0,0
participant_20240919123237_score_82_model_CH_8,reward_aware,27,0,0
participant_20240919123237_score_82_model_CH_8,reward_aware,28,0,0
participant_20240919123237_score_82_model_CH_8,reward_aware,29,0,1
participant_20240919123237_score_82_model_CH_8,reward_aware,30,0,0
participant_20240919123237_score_82_model_CH_8,reward_aware,31,0,0
participant_20240919123237_score_82_model_CH_8,reward_aware,32,0,0
participant_20240919123237_score_82_model_CH_8,reward_aware,33,1,0
participant_20240919123237_score_82_model_CH_8,reward_aware,34,0,0
participant_20240919123237_score_82_model_CH_8,reward_aware,35,0,0
participant_20240919123237_score_82_model_CH_8,reward_aware,36,0,1
participant_20240919123237_score_82_model_CH_8,reward_aware,37,0,0
participant_20240919123237_score_82_model_CH_8,reward_aware,38,1,1
participant_20240919123237_score_82_model_CH_8,reward_aware,39,1,0
participant_20240919123237_score_82_model_CH_8,reward_aware,40,0,1
participant_20240919123423_score_86_model_CH_8,reward_aware,2,0,0
participant_20240919123423_score_86_model_CH_8,reward_aware,3,1,0
participant_20240919123423_score_86_model_CH_8,reward_aware,4,0,0
participant_20240919123423_score_86_model_CH_8,reward_aware,5,1,0
participant_20240919123423_score_86_model_CH_8,reward_aware,6,0,0
participant_20240919123423_score_86_model_CH_8,reward_aware,7,0,0
participant_20240919123423_score_86_model_CH_8,reward_aware,8,0,0
participant_20240919123423_score_86_model_CH_8,reward_aware,9,0,0
participant_20240919123423_score_86_model_CH_8,reward_aware,10,0,0
participant_20240919123423_score_86_model_CH_8,reward_aware,11,0,0
participant_20240919123423_score_86_model_CH_8,reward_aware,12,0,0
participant_20240919123423_score_86_model_CH_8,reward_aware,13,0,0
participant_20240919123423_score_86_model_CH_8,reward_aware,14,0,0
participant_20240919123423_score_86_model_CH_8,reward_aware,15,0,0
participant_20240919123423_score_86_model_CH_8,reward_aware,16,0,0
participant_20240919123423_score_86_model_CH_8,reward_aware,17,0,0
participant_20240919123423_score_86_model_CH_8,reward_aware,18,0,0
participant_20240919123423_score_86_model_CH_8,reward_aware,19,0,0
participant_20240919123423_score_86_model_CH_8,reward_aware,20,0,0
participant_20240919123423_score_86_model_CH_8,reward_aware,21,0,0
participant_20240919123423_score_86_model_CH_8,reward_aware,22,0,1
participant_20240919123423_score_86_model_CH_8,reward_aware,23,0,0
participant_20240919123423_score_86_model_CH_8,reward_aware,24,0,0
participant_20240919123423_score_86_model_CH_8,reward_aware,25,0,0
participant_20240919123423_score_86_model_CH_8,reward_aware,26,0,0
participant_20240919123423_score_86_model_CH_8,reward_aware,27,0,0
participant_20240919123423_score_86_model_CH_8,reward_aware,28,0,0
participant_20240919123423_score_86_model_CH_8,reward_aware,29,0,0
participant_20240919123423_score_86_model_CH_8,reward_aware,30,1,0
participant_20240919123423_score_86_model_CH_8,reward_aware,31,0,0
participant_20240919123423_score_86_model_CH_8,reward_aware,32,0,0
participant_20240919123423_score_86_model_CH_8,reward_aware,33,0,0
participant_20240919123423_score_86_model_CH_8,reward_aware,34,0,0
participant_20240919123423_score_86_model_CH_8,reward_aware,35,1,0
participant_20240919123423_score_86_model_CH_8,reward_aware,36,0,0
participant_20240919123423_score_86_model_CH_8,reward_aware,37,0,0
participant_20240919123423_score_86_model_CH_8,reward_aware,38,0,0
participant_20240919123423_score_86_model_CH_8,reward_aware,39,0,0
participant_20240919123423_score_86_model_CH_8,reward_aware,40,0,0
participant_20240919123436_score_83_model_CH_8,reward_aware,2,0,0
participant_20240919123436_score_83_model_CH_8,reward_aware,3,0,0
participant_20240919123436_score_83_model_CH_8,reward_aware,4,0,0
participant_20240919123436_score_83_model_CH_8,reward_aware,5,0,0
participant_20240919123436_score_83_model_CH_8,reward_aware,6,0,0
participant_20240919123436_score_83_model_CH_8,reward_aware,7,0,0
participant_20240919123436_score_83_model_CH_8,reward_aware,8,1,0
participant_20240919123436_score_83_model_CH_8,reward_aware,9,0,0
participant_20240919123436_score_83_model_CH_8,reward_aware,10,1,1
participant_20240919123436_score_83_model_CH_8,reward_aware,11,1,0
participant_20240919123436_score_83_model_CH_8,reward_aware,12,0,0
participant_20240919123436_score_83_model_CH_8,reward_aware,13,0,0
participant_20240919123436_score_83_model_CH_8,reward_aware,14,0,0
participant_20240919123436_score_83_model_CH_8,reward_aware,15,0,0
participant_20240919123436_score_83_model_CH_8,reward_aware,16,0,0
participant_20240919123436_score_83_model_CH_8,reward_aware,17,0,1
participant_20240919123436_score_83_model_CH_8,reward_aware,18,0,0
participant_20240919123436_score_83_model_CH_8,reward_aware,19,0,0
participant_20240919123436_score_83_model_CH_8,reward_aware,20,0,0
participant_20240919123436_score_83_model_CH_8,reward_aware,21,0,0
participant_20240919123436_score_83_model_CH_8,reward_aware,22,0,0
participant_20240919123436_score_83_model_CH_8,reward_aware,23,0,0
participant_20240919123436_score_83_model_CH_8,reward_aware,24,0,0
participant_20240919123436_score_83_model_CH_8,reward_aware,25,0,0
participant_20240919123436_score_83_model_CH_8,reward_aware,26,0,0
participant_20240919123436_score_83_model_CH_8,reward_aware,27,0,0
participant_20240919123436_score_83_model_CH_8,reward_aware,28,0,0
participant_20240919123436_score_83_model_CH_8,reward_aware,29,1,0
participant_20240919123436_score_83_model_CH_8,reward_aware,30,0,0
participant_20240919123436_score_83_model_CH_8,reward_aware,31,0,0
participant_20240919123436_score_83_model_CH_8,reward_aware,32,0,0
participant_20240919123436_score_83_model_CH_8,reward_aware,33,0,0
participant_20240919123436_score_83_model_CH_8,reward_aware,34,0,0
participant_20240919123436_score_83_model_CH_8,reward_aware,35,0,0
participant_20240919123436_score_83_model_CH_8,reward_aware,36,0,0
participant_20240919123436_score_83_model_CH_8,reward_aware,37,0,0
participant_20240919123436_score_83_model_CH_8,reward_aware,38,0,0
participant_20240919123436_score_83_model_CH_8,reward_aware,39,0,0
participant_20240919123436_score_83_model_CH_8,reward_aware,40,0,0
participant_20240919123515_score_89_model_CH_8,reward_aware,2,0,0
participant_20240919123515_score_89_model_CH_8,reward_aware,3,0,1
participant_20240919123515_score_89_model_CH_8,reward_aware,4,1,0
participant_20240919123515_score_89_model_CH_8,reward_aware,5,0,0
participant_20240919123515_score_89_model_CH_8,reward_aware,6,0,0
participant_20240919123515_score_89_model_CH_8,reward_aware,7,0,0
participant_20240919123515_score_89_model_CH_8,reward_aware,8,0,0
participant_20240919123515_score_89_model_CH_8,reward_aware,9,0,0
participant_20240919123515_score_89_model_CH_8,reward_aware,10,0,0
participant_20240919123515_score_89_model_CH_8,reward_aware,11,0,0
participant_20240919123515_score_89_model_CH_8,reward_aware,12,0,0
participant_20240919123515_score_89_model_CH_8,reward_aware,13,0,0
participant_20240919123515_score_89_model_CH_8,reward_aware,14,0,0
participant_20240919123515_score_89_model_CH_8,reward_aware,15,0,0
participant_20240919123515_score_89_model_CH_8,reward_aware,16,0,0
participant_20240919123515_score_89_model_CH_8,reward_aware,17,1,0
participant_20240919123515_score_89_model_CH_8,reward_aware,18,0,0
participant_20240919123515_score_89_model_CH_8,reward_aware,19,0,0
participant_20240919123515_score_89_model_CH_8,reward_aware,20,0,0
participant_20240919123515_score_89_model_CH_8,reward_aware,21,0,0
participant_20240919123515_score_89_model_CH_8,reward_aware,22,1,1
participant_20240919123515_score_89_model_CH_8,reward_aware,23,1,0
participant_20240919123515_score_89_model_CH_8,reward_aware,24,0,0
participant_20240919123515_score_89_model_CH_8,reward_aware,25,1,1
participant_20240919123515_score_89_model_CH_8,reward_aware,26,1,1
participant_20240919123515_score_89_model_CH_8,reward_aware,27,0,0
participant_20240919123515_score_89_model_CH_8,reward_aware,28,0,0
participant_20240919123515_score_89_model_CH_8,reward_aware,29,1,0
participant_20240919123515_score_89_model_CH_8,reward_aware,30,0,0
participant_20240919123515_score_89_model_CH_8,reward_aware,31,1,1
participant_20240919123515_score_89_model_CH_8,reward_aware,32,1,1
participant_20240919123515_score_89_model_CH_8,reward_aware,33,1,0
participant_20240919123515_score_89_model_CH_8,reward_aware,34,0,0
participant_20240919123515_score_89_model_CH_8,reward_aware,35,1,1
participant_20240919123515_score_89_model_CH_8,reward_aware,36,1,1
participant_20240919123515_score_89_model_CH_8,reward_aware,37,1,1
participant_20240919123515_score_89_model_CH_8,reward_aware,38,0,0
participant_20240919123515_score_89_model_CH_8,reward_aware,39,1,1
participant_20240919123515_score_89_model_CH_8,reward_aware,40,1,1
participant_20240919123524_score_90_model_CH_8,reward_aware,2,0,0
participant_20240919123524_score_90_model_CH_8,reward_aware,3,0,0
participant_20240919123524_score_90_model_CH_8,reward_aware,4,1,0
participant_20240919123524_score_90_model_CH_8,reward_aware,5,0,0
participant_20240919123524_score_90_model_CH_8,reward_aware,6,0,0
participant_20240919123524_score_90_model_CH_8,reward_aware,7,0,0
participant_20240919123524_score_90_model_CH_8,reward_aware,8,0,0
participant_20240919123524_score_90_model_CH_8,reward_aware,9,1,0
participant_20240919123524_score_90_model_CH_8,reward_aware,10,0,0
participant_20240919123524_score_90_model_CH_8,reward_aware,11,0,0
participant_20240919123524_score_90_model_CH_8,reward_aware,12,0,0
participant_20240919123524_score_90_model_CH_8,reward_aware,13,0,0
participant_20240919123524_score_90_model_CH_8,reward_aware,14,1,0
participant_20240919123524_score_90_model_CH_8,reward_aware,15,0,0
participant_20240919123524_score_90_model_CH_8,reward_aware,16,0,0
participant_20240919123524_score_90_model_CH_8,reward_aware,17,1,1
participant_20240919123524_score_90_model_CH_8,reward_aware,18,1,1
participant_20240919123524_score_90_model_CH_8,reward_aware,19,0,0
participant_20240919123524_score_90_model_CH_8,reward_aware,20,0,0
participant_20240919123524_score_90_model_CH_8,reward_aware,21,1,0
participant_20240919123524_score_90_model_CH_8,reward_aware,22,0,0
participant_20240919123524_score_90_model_CH_8,reward_aware,23,1,1
participant_20240919123524_score_90_model_CH_8,reward_aware,24,1,1
participant_20240919123524_score_90_model_CH_8,reward_aware,25,1,1
participant_20240919123524_score_90_model_CH_8,reward_aware,26,1,1
participant_20240919123524_score_90_model_CH_8,reward_aware,27,1,1
participant_20240919123524_score_90_model_CH_8,reward_aware,28,1,1
participant_20240919123524_score_90_model_CH_8,reward_aware,29,0,0
participant_20240919123524_score_90_model_CH_8,reward_aware,30,0,0
participant_20240919123524_score_90_model_CH_8,reward_aware,31,1,1
participant_20240919123524_score_90_model_CH_8,reward_aware,32,0,0
participant_20240919123524_score_90_model_CH_8,reward_aware,33,1,1
participant_20240919123524_score_90_model_CH_8,reward_aware,34,1,1
participant_20240919123524_score_90_model_CH_8,reward_aware,35,1,1
participant_20240919123524_score_90_model_CH_8,reward_aware,36,1,1
participant_20240919123524_score_90_model_CH_8,reward_aware,37,0,1
participant_20240919123524_score_90_model_CH_8,reward_aware,38,0,0
participant_20240919123524_score_90_model_CH_8,reward_aware,39,0,0
participant_20240919123524_score_90_model_CH_8,reward_aware,40,1,1
participant_20240919123538_score_87_model_CH_8,reward_aware,2,0,0
participant_20240919123538_score_87_model_CH_8,reward_aware,3,0,0
participant_20240919123538_score_87_model_CH_8,reward_aware,4,0,0
participant_20240919123538_score_87_model_CH_8,reward_aware,5,0,0
participant_20240919123538_score_87_model_CH_8,reward_aware,6,1,0
participant_20240919123538_score_87_model_CH_8,reward_aware,7,0,0
participant_20240919123538_score_87_model_CH_8,reward_aware,8,0,0
participant_20240919123538_score_87_model_CH_8,reward_aware,9,1,0
participant_20240919123538_score_87_model_CH_8,reward_aware,10,0,0
participant_20240919123538_score_87_model_CH_8,reward_aware,11,0,1
participant_20240919123538_score_87_model_CH_8,reward_aware,12,1,0
participant_20240919123538_score_87_model_CH_8,reward_aware,13,0,0
participant_20240919123538_score_87_model_CH_8,reward_aware,14,0,0
participant_20240919123538_score_87_model_CH_8,reward_aware,15,0,0
participant_20240919123538_score_87_model_CH_8,reward_aware,16,1,0
participant_20240919123538_score_87_model_CH_8,reward_aware,17,0,0
participant_20240919123538_score_87_model_CH_8,reward_aware,18,0,0
participant_20240919123538_score_87_model_CH_8,reward_aware,19,1,0
participant_20240919123538_score_87_model_CH_8,reward_aware,20,1,0
participant_20240919123538_score_87_model_CH_8,reward_aware,21,1,1
participant_20240919123538_score_87_model_CH_8,reward_aware,22,0,0
participant_20240919123538_score_87_model_CH_8,reward_aware,23,0,0
participant_20240919123538_score_87_model_CH_8,reward_aware,24,0,0
participant_20240919123538_score_87_model_CH_8,reward_aware,25,0,0
participant_20240919123538_score_87_model_CH_8,reward_aware,26,0,0
participant_20240919123538_score_87_model_CH_8,reward_aware,27,1,0
participant_20240919123538_score_87_model_CH_8,reward_aware,28,1,0
participant_20240919123538_score_87_model_CH_8,reward_aware,29,0,0
participant_20240919123538_score_87_model_CH_8,reward_aware,30,0,0
participant_20240919123538_score_87_model_CH_8,reward_aware,31,0,0
participant_20240919123538_score_87_model_CH_8,reward_aware,32,0,0
participant_20240919123538_score_87_model_CH_8,reward_aware,33,0,0
participant_20240919123538_score_87_model_CH_8,reward_aware,34,0,0
participant_20240919123538_score_87_model_CH_8,reward_aware,35,0,0
participant_20240919123538_score_87_model_CH_8,reward_aware,36,0,0
participant_20240919123538_score_87_model_CH_8,reward_aware,37,0,0
participant_20240919123538_score_87_model_CH_8,reward_aware,38,0,0
participant_20240919123538_score_87_model_CH_8,reward_aware,39,0,0
participant_20240919123538_score_87_model_CH_8,reward_aware,40,0,0
participant_20240919123740_score_80_model_CH_8,reward_aware,2,0,0
participant_20240919123740_score_80_model_CH_8,reward_aware,3,0,0
participant_20240919123740_score_80_model_CH_8,reward_aware,4,0,0
participant_20240919123740_score_80_model_CH_8,reward_aware,5,0,0
participant_20240919123740_score_80_model_CH_8,reward_aware,6,1,0
participant_20240919123740_score_80_model_CH_8,reward_aware,7,0,0
participant_20240919123740_score_80_model_CH_8,reward_aware,8,0,0
participant_20240919123740_score_80_model_CH_8,reward_aware,9,0,0
participant_20240919123740_score_80_model_CH_8,reward_aware,10,0,0
participant_20240919123740_score_80_model_CH_8,reward_aware,11,1,0
participant_20240919123740_score_80_model_CH_8,reward_aware,12,0,0
participant_20240919123740_score_80_model_CH_8,reward_aware,13,0,0
participant_20240919123740_score_80_model_CH_8,reward_aware,14,1,0
participant_20240919123740_score_80_model_CH_8,reward_aware,15,0,0
participant_20240919123740_score_80_model_CH_8,reward_aware,16,0,0
participant_20240919123740_score_80_model_CH_8,reward_aware,17,1,0
participant_20240919123740_score_80_model_CH_8,reward_aware,18,0,0
participant_20240919123740_score_80_model_CH_8,reward_aware,19,1,0
participant_20240919123740_score_80_model_CH_8,reward_aware,20,0,0
participant_20240919123740_score_80_model_CH_8,reward_aware,21,0,0
participant_20240919123740_score_80_model_CH_8,reward_aware,22,0,0
participant_20240919123740_score_80_model_CH_8,reward_aware,23,0,0
participant_20240919123740_score_80_model_CH_8,reward_aware,24,0,0
participant_20240919123740_score_80_model_CH_8,reward_aware,25,0,1
participant_20240919123740_score_80_model_CH_8,reward_aware,26,0,0
participant_20240919123740_score_80_model_CH_8,reward_aware,27,0,0
participant_20240919123740_score_80_model_CH_8,reward_aware,28,0,0
participant_20240919123740_score_80_model_CH_8,reward_aware,29,0,0
participant_20240919123740_score_80_model_CH_8,reward_aware,30,0,0
participant_20240919123740_score_80_model_CH_8,reward_aware,31,0,0
participant_20240919123740_score_80_model_CH_8,reward_aware,32,0,0
participant_20240919123740_score_80_model_CH_8,reward_aware,33,0,0
participant_20240919123740_score_80_model_CH_8,reward_aware,34,0,0
participant_20240919123740_score_80_model_CH_8,reward_aware,35,0,0
participant_20240919123740_score_80_model_CH_8,reward_aware,36,0,0
participant_20240919123740_score_80_model_CH_8,reward_aware,37,0,0
participant_20240919123740_score_80_model_CH_8,reward_aware,38,0,0
participant_20240919123740_score_80_model_CH_8,reward_aware,39,0,0
participant_20240919123740_score_80_model_CH_8,reward_aware,40,0,0
participant_20240919123833_score_82_model_CH_8,reward_aware,2,0,0
participant_20240919123833_score_82_model_CH_8,reward_aware,3,0,0
participant_20240919123833_score_82_model_CH_8,reward_aware,4,0,0
participant_20240919123833_score_82_model_CH_8,reward_aware,5,0,1
participant_20240919123833_score_82_model_CH_8,reward_aware,6,0,1
participant_20240919123833_score_82_model_CH_8,reward_aware,7,0,0
participant_20240919123833_score_82_model_CH_8,reward_aware,8,0,0
participant_20240919123833_score_82_model_CH_8,reward_aware,9,0,0
participant_20240919123833_score_82_model_CH_8,reward_aware,10,1,0
participant_20240919123833_score_82_model_CH_8,reward_aware,11,0,0
participant_20240919123833_score_82_model_CH_8,reward_aware,12,0,0
participant_20240919123833_score_82_model_CH_8,reward_aware,13,1,0
participant_20240919123833_score_82_model_CH_8,reward_aware,14,0,0
participant_20240919123833_score_82_model_CH_8,reward_aware,15,0,0
participant_20240919123833_score_82_model_CH_8,reward_aware,16,1,1
participant_20240919123833_score_82_model_CH_8,reward_aware,17,0,0
participant_20240919123833_score_82_model_CH_8,reward_aware,18,0,0
participant_20240919123833_score_82_model_CH_8,reward_aware,19,0,0
participant_20240919123833_score_82_model_CH_8,reward_aware,20,0,0
participant_20240919123833_score_82_model_CH_8,reward_aware,21,0,0
participant_20240919123833_score_82_model_CH_8,reward_aware,22,0,0
participant_20240919123833_score_82_model_CH_8,reward_aware,23,1,0
participant_20240919123833_score_82_model_CH_8,reward_aware,24,0,0
participant_20240919123833_score_82_model_CH_8,reward_aware,25,0,0
participant_20240919123833_score_82_model_CH_8,reward_aware,26,0,0
participant_20240919123833_score_82_model_CH_8,reward_aware,27,0,0
participant_20240919123833_score_82_model_CH_8,reward_aware,28,0,0
participant_20240919123833_score_82_model_CH_8,reward_aware,29,0,0
participant_20240919123833_score_82_model_CH_8,reward_aware,30,0,1
participant_20240919123833_score_82_model_CH_8,reward_aware,31,0,0
participant_20240919123833_score_82_model_CH_8,reward_aware,32,0,0
participant_20240919123833_score_82_model_CH_8,reward_aware,33,0,0
participant_20240919123833_score_82_model_CH_8,reward_aware,34,0,0
participant_20240919123833_score_82_model_CH_8,reward_aware,35,1,0
participant_20240919123833_score_82_model_CH_8,reward_aware,36,0,0
participant_20240919123833_score_82_model_CH_8,reward_aware,37,0,0
participant_20240919123833_score_82_model_CH_8,reward_aware,38,0,0
participant_20240919123833_score_82_model_CH_8,reward_aware,39,1,0
participant_20240919123833_score_82_model_CH_8,reward_aware,40,0,0
participant_20240919123921_score_87_model_CH_8,reward_aware,2,0,0
participant_20240919123921_score_87_model_CH_8,reward_aware,3,0,0
participant_20240919123921_score_87_model_CH_8,reward_aware,4,0,0
participant_20240919123921_score_87_model_CH_8,reward_aware,5,0,0
participant_20240919123921_score_87_model_CH_8,reward_aware,6,0,0
participant_20240919123921_score_87_model_CH_8,reward_aware,7,0,0
participant_20240919123921_score_87_model_CH_8,reward_aware,8,0,0
participant_20240919123921_score_87_model_CH_8,reward_aware,9,0,0
participant_20240919123921_score_87_model_CH_8,reward_aware,10,1,0
participant_20240919123921_score_87_model_CH_8,reward_aware,11,0,0
participant_20240919123921_score_87_model_CH_8,reward_aware,12,1,0
participant_20240919123921_score_87_model_CH_8,reward_aware,13,0,0
participant_20240919123921_score_87_model_CH_8,reward_aware,14,0,0
participant_20240919123921_score_87_model_CH_8,reward_aware,15,0,0
participant_20240919123921_score_87_model_CH_8,reward_aware,16,1,0
participant_20240919123921_score_87_model_CH_8,reward_aware,17,0,0
participant_20240919123921_score_87_model_CH_8,reward_aware,18,0,0
participant_20240919123921_score_87_model_CH_8,reward_aware,19,0,0
participant_20240919123921_score_87_model_CH_8,reward_aware,20,0,0
participant_20240919123921_score_87_model_CH_8,reward_aware,21,1,0
participant_20240919123921_score_87_model_CH_8,reward_aware,22,0,0
participant_20240919123921_score_87_model_CH_8,reward_aware,23,0,0
participant_20240919123921_score_87_model_CH_8,reward_aware,24,1,0
participant_20240919123921_score_87_model_CH_8,reward_aware,25,0,0
participant_20240919123921_score_87_model_CH_8,reward_aware,26,0,0
participant_20240919123921_score_87_model_CH_8,reward_aware,27,1,0
participant_20240919123921_score_87_model_CH_8,reward_aware,28,1,0
participant_20240919123921_score_87_model_CH_8,reward_aware,29,0,0
participant_20240919123921_score_87_model_CH_8,reward_aware,30,0,0
participant_20240919123921_score_87_model_CH_8,reward_aware,31,1,0
participant_20240919123921_score_87_model_CH_8,reward_aware,32,0,0
participant_20240919123921_score_87_model_CH_8,reward_aware,33,1,0
participant_20240919123921_score_87_model_CH_8,reward_aware,34,1,0
participant_20240919123921_score_87_model_CH_8,reward_aware,35,0,0
participant_20240919123921_score_87_model_CH_8,reward_aware,36,0,0
participant_20240919123921_score_87_model_CH_8,reward_aware,37,1,0
participant_20240919123921_score_87_model_CH_8,reward_aware,38,0,0
participant_20240919123921_score_87_model_CH_8,reward_aware,39,0,0
participant_20240919123921_score_87_model_CH_8,reward_aware,40,0,0
participant_20240919123957_score_85_model_CH_8,reward_aware,2,0,0
participant_20240919123957_score_85_model_CH_8,reward_aware,3,0,0
participant_20240919123957_score_85_model_CH_8,reward_aware,4,0,0
participant_20240919123957_score_85_model_CH_8,reward_aware,5,0,0
participant_20240919123957_score_85_model_CH_8,reward_aware,6,1,0
participant_20240919123957_score_85_model_CH_8,reward_aware,7,0,0
participant_20240919123957_score_85_model_CH_8,reward_aware,8,1,0
participant_20240919123957_score_85_model_CH_8,reward_aware,9,0,0
participant_20240919123957_score_85_model_CH_8,reward_aware,10,0,0
participant_20240919123957_score_85_model_CH_8,reward_aware,11,1,0
participant_20240919123957_score_85_model_CH_8,reward_aware,12,0,0
participant_20240919123957_score_85_model_CH_8,reward_aware,13,0,0
participant_20240919123957_score_85_model_CH_8,reward_aware,14,0,0
participant_20240919123957_score_85_model_CH_8,reward_aware,15,0,0
participant_20240919123957_score_85_model_CH_8,reward_aware,16,0,0
participant_20240919123957_score_85_model_CH_8,reward_aware,17,0,0
participant_20240919123957_score_85_model_CH_8,reward_aware,18,0,0
participant_20240919123957_score_85_model_CH_8,reward_aware,19,1,0
participant_20240919123957_score_85_model_CH_8,reward_aware,20,0,0
participant_20240919123957_score_85_model_CH_8,reward_aware,21,0,0
participant_20240919123957_score_85_model_CH_8,reward_aware,22,0,0
participant_20240919123957_score_85_model_CH_8,reward_aware,23,0,0
participant_20240919123957_score_85_model_CH_8,reward_aware,24,0,0
participant_20240919123957_score_85_model_CH_8,reward_aware,25,0,0
participant_20240919123957_score_85_model_CH_8,reward_aware,26,0,0
participant_20240919123957_score_85_model_CH_8,reward_aware,27,0,0
participant_20240919123957_score_85_model_CH_8,reward_aware,28,0,0
participant_20240919123957_score_85_model_CH_8,reward_aware,29,1,0
participant_20240919123957_score_85_model_CH_8,reward_aware,30,0,0
participant_20240919123957_score_85_model_CH_8,reward_aware,31,1,0
participant_20240919123957_score_85_model_CH_8,reward_aware,32,0,0
participant_20240919123957_score_85_model_CH_8,reward_aware,33,0,0
participant_20240919123957_score_85_model_CH_8,reward_aware,34,0,0
participant_20240919123957_score_85_model_CH_8,reward_aware,35,0,0
participant_20240919123957_score_85_model_CH_8,reward_aware,36,0,0
participant_20240919123957_score_85_model_CH_8,reward_aware,37,1,0
participant_20240919123957_score_85_model_CH_8,reward_aware,38,0,0
participant_20240919123957_score_85_model_CH_8,reward_aware,39,1,0
participant_20240919123957_score_85_model_CH_8,reward_aware,40,0,0
participant_20240919124021_score_84_model_CH_8,reward_aware,2,0,0
participant_20240919124021_score_84_model_CH_8,reward_aware,3,0,0
participant_20240919124021_score_84_model_CH_8,reward_aware,4,1,0
participant_20240919124021_score_84_model_CH_8,reward_aware,5,0,0
participant_20240919124021_score_84_model_CH_8,reward_aware,6,0,0
participant_20240919124021_score_84_model_CH_8,reward_aware,7,0,0
participant_20240919124021_score_84_model_CH_8,reward_aware,8,0,0
participant_20240919124021_score_84_model_CH_8,reward_aware,9,0,0
participant_20240919124021_score_84_model_CH_8,reward_aware,10,1,0
participant_20240919124021_score_84_model_CH_8,reward_aware,11,0,0
participant_20240919124021_score_84_model_CH_8,reward_aware,12,0,0
participant_20240919124021_score_84_model_CH_8,reward_aware,13,0,0
participant_20240919124021_score_84_model_CH_8,reward_aware,14,0,0
participant_20240919124021_score_84_model_CH_8,reward_aware,15,0,0
participant_20240919124021_score_84_model_CH_8,reward_aware,16,0,0
participant_20240919124021_score_84_model_CH_8,reward_aware,17,0,0
participant_20240919124021_score_84_model_CH_8,reward_aware,18,1,0
participant_20240919124021_score_84_model_CH_8,reward_aware,19,0,0
participant_20240919124021_score_84_model_CH_8,reward_aware,20,0,0
participant_20240919124021_score_84_model_CH_8,reward_aware,21,0,0
participant_20240919124021_score_84_model_CH_8,reward_aware,22,0,0
participant_20240919124021_score_84_model_CH_8,reward_aware,23,0,0
participant_20240919124021_score_84_model_CH_8,reward_aware,24,0,0
participant_20240919124021_score_84_model_CH_8,reward_aware,25,0,0
participant_20240919124021_score_84_model_CH_8,reward_aware,26,0,0
participant_20240919124021_score_84_model_CH_8,reward_aware,27,0,0
participant_20240919124021_score_84_model_CH_8,reward_aware,28,0,0
participant_20240919124021_score_84_model_CH_8,reward_aware,29,0,0
participant_20240919124021_score_84_model_CH_8,reward_aware,30,0,0
participant_20240919124021_score_84_model_CH_8,reward_aware,31,0,0
participant_20240919124021_score_84_model_CH_8,reward_aware,32,0,0
participant_20240919124021_score_84_model_CH_8,reward_aware,33,1,0
participant_20240919124021_score_84_model_CH_8,reward_aware,34,0,0
participant_20240919124021_score_84_model_CH_8,reward_aware,35,1,0
participant_20240919124021_score_84_model_CH_8,reward_aware,36,1,0
participant_20240919124021_score_84_model_CH_8,reward_aware,37,0,0
participant_20240919124021_score_84_model_CH_8,reward_aware,38,0,0
participant_20240919124021_score_84_model_CH_8,reward_aware,39,0,0
participant_20240919124021_score_84_model_CH_8,reward_aware,40,0,0
participant_20240919124102_score_81_model_CH_8,reward_aware,2,0,0
participant_20240919124102_score_81_model_CH_8,reward_aware,3,0,0
participant_20240919124102_score_81_model_CH_8,reward_aware,4,1,0
participant_20240919124102_score_81_model_CH_8,reward_aware,5,0,0
participant_20240919124102_score_81_model_CH_8,reward_aware,6,0,0
participant_20240919124102_score_81_model_CH_8,reward_aware,7,0,0
participant_20240919124102_score_81_model_CH_8,reward_aware,8,1,0
participant_20240919124102_score_81_model_CH_8,reward_aware,9,0,0
participant_20240919124102_score_81_model_CH_8,reward_aware,10,0,0
participant_20240919124102_score_81_model_CH_8,reward_aware,11,0,0
participant_20240919124102_score_81_model_CH_8,reward_aware,12,1,1
participant_20240919124102_score_81_model_CH_8,reward_aware,13,0,1
participant_20240919124102_score_81_model_CH_8,reward_aware,14,0,0
participant_20240919124102_score_81_model_CH_8,reward_aware,15,0,0
participant_20240919124102_score_81_model_CH_8,reward_aware,16,0,0
participant_20240919124102_score_81_model_CH_8,reward_aware,17,0,0
participant_20240919124102_score_81_model_CH_8,reward_aware,18,0,0
participant_20240919124102_score_81_model_CH_8,reward_aware,19,0,0
participant_20240919124102_score_81_model_CH_8,reward_aware,20,0,0
participant_20240919124102_score_81_model_CH_8,reward_aware,21,0,0
participant_20240919124102_score_81_model_CH_8,reward_aware,22,1,0
participant_20240919124102_score_81_model_CH_8,reward_aware,23,0,0
participant_20240919124102_score_81_model_CH_8,reward_aware,24,0,0
participant_20240919124102_score_81_model_CH_8,reward_aware,25,0,0
participant_20240919124102_score_81_model_CH_8,reward_aware,26,0,0
participant_20240919124102_score_81_model_CH_8,reward_aware,27,0,0
participant_20240919124102_score_81_model_CH_8,reward_aware,28,0,0
participant_20240919124102_score_81_model_CH_8,reward_aware,29,0,0
participant_20240919124102_score_81_model_CH_8,reward_aware,30,0,0
participant_20240919124102_score_81_model_CH_8,reward_aware,31,0,0
participant_20240919124102_score_81_model_CH_8,reward_aware,32,1,0
participant_20240919124102_score_81_model_CH_8,reward_aware,33,0,1
participant_20240919124102_score_81_model_CH_8,reward_aware,34,0,0
participant_20240919124102_score_81_model_CH_8,reward_aware,35,0,0
participant_20240919124102_score_81_model_CH_8,reward_aware,36,0,0
participant_20240919124102_score_81_model_CH_8,reward_aware,37,0,0
participant_20240919124102_score_81_model_CH_8,reward_aware,38,0,0
participant_20240919124102_score_81_model_CH_8,reward_aware,39,0,0
participant_20240919124102_score_81_model_CH_8,reward_aware,40,0,1
participant_20240919124237_score_84_model_CH_8,reward_aware,2,0,0
participant_20240919124237_score_84_model_CH_8,reward_aware,3,0,0
participant_20240919124237_score_84_model_CH_8,reward_aware,4,0,0
participant_20240919124237_score_84_model_CH_8,reward_aware,5,0,0
participant_20240919124237_score_84_model_CH_8,reward_aware,6,0,0
participant_20240919124237_score_84_model_CH_8,reward_aware,7,1,0
participant_20240919124237_score_84_model_CH_8,reward_aware,8,0,0
participant_20240919124237_score_84_model_CH_8,reward_aware,9,0,0
participant_20240919124237_score_84_model_CH_8,reward_aware,10,0,0
participant_20240919124237_score_84_model_CH_8,reward_aware,11,0,0
participant_20240919124237_score_84_model_CH_8,reward_aware,12,1,0
participant_20240919124237_score_84_model_CH_8,reward_aware,13,0,0
participant_20240919124237_score_84_model_CH_8,reward_aware,14,0,0
participant_20240919124237_score_84_model_CH_8,reward_aware,15,0,0
participant_20240919124237_score_84_model_CH_8,reward_aware,16,0,0
participant_20240919124237_score_84_model_CH_8,reward_aware,17,0,0
participant_20240919124237_score_84_model_CH_8,reward_aware,18,0,0
participant_20240919124237_score_84_model_CH_8,reward_aware,19,0,0
participant_20240919124237_score_84_model_CH_8,reward_aware,20,0,0
participant_20240919124237_score_84_model_CH_8,reward_aware,21,1,0
participant_20240919124237_score_84_model_CH_8,reward_aware,22,1,0
participant_20240919124237_score_84_model_CH_8,reward_aware,23,0,0
participant_20240919124237_score_84_model_CH_8,reward_aware,24,0,0
participant_20240919124237_score_84_model_CH_8,reward_aware,25,0,0
participant_20240919124237_score_84_model_CH_8,reward_aware,26,0,0
participant_20240919124237_score_84_model_CH_8,reward_aware,27,0,0
participant_20240919124237_score_84_model_CH_8,reward_aware,28,0,0
participant_20240919124237_score_84_model_CH_8,reward_aware,29,0,0
participant_20240919124237_score_84_model_CH_8,reward_aware,30,0,0
participant_20240919124237_score_84_model_CH_8,reward_aware,31,0,0
participant_20240919124237_score_84_model_CH_8,reward_aware,32,0,0
participant_20240919124237_score_84_model_CH_8,reward_aware,33,0,0
participant_20240919124237_score_84_model_CH_8,reward_aware,34,0,0
participant_20240919124237_score_84_model_CH_8,reward_aware,35,1,0
participant_20240919124237_score_84_model_CH_8,reward_aware,36,0,0
participant_20240919124237_score_84_model_CH_8,reward_aware,37,0,0
participant_20240919124237_score_84_model_CH_8,reward_aware,38,0,0
participant_20240919124237_score_84_model_CH_8,reward_aware,39,0,0
participant_20240919124237_score_84_model_CH_8,reward_aware,40,0,0
participant_20240919124309_score_83_model_CH_8,reward_aware,2,0,0
participant_20240919124309_score_83_model_CH_8,reward_aware,3,1,0
participant_20240919124309_score_83_model_CH_8,reward_aware,4,0,0
participant_20240919124309_score_83_model_CH_8,reward_aware,5,0,0
participant_20240919124309_score_83_model_CH_8,reward_aware,6,0,0
participant_20240919124309_score_83_model_CH_8,reward_aware,7,0,0
participant_20240919124309_score_83_model_CH_8,reward_aware,8,0,0
participant_20240919124309_score_83_model_CH_8,reward_aware,9,0,0
participant_20240919124309_score_83_model_CH_8,reward_aware,10,0,0
participant_20240919124309_score_83_model_CH_8,reward_aware,11,0,0
participant_20240919124309_score_83_model_CH_8,reward_aware,12,0,0
participant_20240919124309_score_83_model_CH_8,reward_aware,13,0,0
participant_20240919124309_score_83_model_CH_8,reward_aware,14,0,0
participant_20240919124309_score_83_model_CH_8,reward_aware,15,0,0
participant_20240919124309_score_83_model_CH_8,reward_aware,16,0,0
participant_20240919124309_score_83_model_CH_8,reward_aware,17,0,0
participant_20240919124309_score_83_model_CH_8,reward_aware,18,0,0
participant_20240919124309_score_83_model_CH_8,reward_aware,19,0,0
participant_20240919124309_score_83_model_CH_8,reward_aware,20,0,0
participant_20240919124309_score_83_model_CH_8,reward_aware,21,0,0
participant_20240919124309_score_83_model_CH_8,reward_aware,22,1,0
participant_20240919124309_score_83_model_CH_8,reward_aware,23,0,0
participant_20240919124309_score_83_model_CH_8,reward_aware,24,1,0
participant_20240919124309_score_83_model_CH_8,reward_aware,25,0,0
participant_20240919124309_score_83_model_CH_8,reward_aware,26,0,0
participant_20240919124309_score_83_model_CH_8,reward_aware,27,0,0
participant_20240919124309_score_83_model_CH_8,reward_aware,28,0,0
participant_20240919124309_score_83_model_CH_8,reward_aware,29,0,0
participant_20240919124309_score_83_model_CH_8,reward_aware,30,1,0
participant_20240919124309_score_83_model_CH_8,reward_aware,31,0,0
participant_20240919124309_score_83_model_CH_8,reward_aware,32,0,0
participant_20240919124309_score_83_model_CH_8,reward_aware,33,0,0
participant_20240919124309_score_83_model_CH_8,reward_aware,34,0,0
participant_20240919124309_score_83_model_CH_8,reward_aware,35,0,0
participant_20240919124309_score_83_model_CH_8,reward_aware,36,0,0
participant_20240919124309_score_83_model_CH_8,reward_aware,37,0,0
participant_20240919124309_score_83_model_CH_8,reward_aware,38,0,0
participant_20240919124309_score_83_model_CH_8,reward_aware,39,0,0
participant_20240919124309_score_83_model_CH_8,reward_aware,40,1,0
participant_20240919124320_score_83_model_CH_8,reward_aware,2,0,0
participant_20240919124320_score_83_model_CH_8,reward_aware,3,0,0
participant_20240919124320_score_83_model_CH_8,reward_aware,4,1,0
participant_20240919124320_score_83_model_CH_8,reward_aware,5,0,0
participant_20240919124320_score_83_model_CH_8,reward_aware,6,0,0
participant_20240919124320_score_83_model_CH_8,reward_aware,7,0,0
participant_20240919124320_score_83_model_CH_8,reward_aware,8,1,0
participant_20240919124320_score_83_model_CH_8,reward_aware,9,1,0
participant_20240919124320_score_83_model_CH_8,reward_aware,10,0,0
participant_20240919124320_score_83_model_CH_8,reward_aware,11,0,0
participant_20240919124320_score_83_model_CH_8,reward_aware,12,0,0
participant_20240919124320_score_83_model_CH_8,reward_aware,13,0,0
participant_20240919124320_score_83_model_CH_8,reward_aware,14,1,0
participant_20240919124320_score_83_model_CH_8,reward_aware,15,0,0
participant_20240919124320_score_83_model_CH_8,reward_aware,16,1,0
participant_20240919124320_score_83_model_CH_8,reward_aware,17,0,0
participant_20240919124320_score_83_model_CH_8,reward_aware,18,0,0
participant_20240919124320_score_83_model_CH_8,reward_aware,19,0,0
participant_20240919124320_score_83_model_CH_8,reward_aware,20,0,0
participant_20240919124320_score_83_model_CH_8,reward_aware,21,0,0
participant_20240919124320_score_83_model_CH_8,reward_aware,22,0,0
participant_20240919124320_score_83_model_CH_8,reward_aware,23,0,0
participant_20240919124320_score_83_model_CH_8,reward_aware,24,0,0
participant_20240919124320_score_83_model_CH_8,reward_aware,25,0,0
participant_20240919124320_score_83_model_CH_8,reward_aware,26,0,0
participant_20240919124320_score_83_model_CH_8,reward_aware,27,0,0
participant_20240919124320_score_83_model_CH_8,reward_aware,28,0,0
participant_20240919124320_score_83_model_CH_8,reward_aware,29,0,0
participant_20240919124320_score_83_model_CH_8,reward_aware,30,0,0
participant_20240919124320_score_83_model_CH_8,reward_aware,31,0,0
participant_20240919124320_score_83_model_CH_8,reward_aware,32,0,0
participant_20240919124320_score_83_model_CH_8,reward_aware,33,0,0
participant_20240919124320_score_83_model_CH_8,reward_aware,34,0,0
participant_20240919124320_score_83_model_CH_8,reward_aware,35,1,0
participant_20240919124320_score_83_model_CH_8,reward_aware,36,0,0
participant_20240919124320_score_83_model_CH_8,reward_aware,37,0,0
participant_20240919124320_score_83_model_CH_8,reward_aware,38,0,0
participant_20240919124320_score_83_model_CH_8,reward_aware,39,0,0
participant_20240919124320_score_83_model_CH_8,reward_aware,40,0,0
participant_20240919124339_score_92_model_CH_8,reward_aware,2,0,0
participant_20240919124339_score_92_model_CH_8,reward_aware,3,0,0
participant_20240919124339_score_92_model_CH_8,reward_aware,4,0,0
participant_20240919124339_score_92_model_CH_8,reward_aware,5,0,0
participant_20240919124339_score_92_model_CH_8,reward_aware,6,0,0
participant_20240919124339_score_92_model_CH_8,reward_aware,7,0,0
participant_20240919124339_score_92_model_CH_8,reward_aware,8,0,0
participant_20240919124339_score_92_model_CH_8,reward_aware,9,0,0
participant_20240919124339_score_92_model_CH_8,reward_aware,10,0,0
participant_20240919124339_score_92_model_CH_8,reward_aware,11,1,1
participant_20240919124339_score_92_model_CH_8,reward_aware,12,1,1
participant_20240919124339_score_92_model_CH_8,reward_aware,13,1,1
participant_20240919124339_score_92_model_CH_8,reward_aware,14,0,0
participant_20240919124339_score_92_model_CH_8,reward_aware,15,1,1
participant_20240919124339_score_92_model_CH_8,reward_aware,16,1,1
participant_20240919124339_score_92_model_CH_8,reward_aware,17,1,1
participant_20240919124339_score_92_model_CH_8,reward_aware,18,1,1
participant_20240919124339_score_92_model_CH_8,reward_aware,19,0,0
participant_20240919124339_score_92_model_CH_8,reward_aware,20,1,1
participant_20240919124339_score_92_model_CH_8,reward_aware,21,1,1
participant_20240919124339_score_92_model_CH_8,reward_aware,22,0,0
participant_20240919124339_score_92_model_CH_8,reward_aware,23,1,1
participant_20240919124339_score_92_model_CH_8,reward_aware,24,1,1
participant_20240919124339_score_92_model_CH_8,reward_aware,25,1,1
participant_20240919124339_score_92_model_CH_8,reward_aware,26,0,0
participant_20240919124339_score_92_model_CH_8,reward_aware,27,1,1
participant_20240919124339_score_92_model_CH_8,reward_aware,28,1,1
participant_20240919124339_score_92_model_CH_8,reward_aware,29,1,1
participant_20240919124339_score_92_model_CH_8,reward_aware,30,1,1
participant_20240919124339_score_92_model_CH_8,reward_aware,31,0,0
participant_20240919124339_score_92_model_CH_8,reward_aware,32,0,0
participant_20240919124339_score_92_model_CH_8,reward_aware,33,1,1
participant_20240919124339_score_92_model_CH_8,reward_aware,34,1,1
participant_20240919124339_score_92_model_CH_8,reward_aware,35,1,1
participant_20240919124339_score_92_model_CH_8,reward_aware,36,0,0
participant_20240919124339_score_92_model_CH_8,reward_aware,37,0,0
participant_20240919124339_score_92_model_CH_8,reward_aware,38,1,1
participant_20240919124339_score_92_model_CH_8,reward_aware,39,0,0
participant_20240919124339_score_92_model_CH_8,reward_aware,40,1,1
participant_20240919124448_score_84_model_CH_8,reward_aware,2,0,0
participant_20240919124448_score_84_model_CH_8,reward_aware,3,0,0
participant_20240919124448_score_84_model_CH_8,reward_aware,4,0,0
participant_20240919124448_score_84_model_CH_8,reward_aware,5,0,0
participant_20240919124448_score_84_model_CH_8,reward_aware,6,0,0
participant_20240919124448_score_84_model_CH_8,reward_aware,7,0,1
participant_20240919124448_score_84_model_CH_8,reward_aware,8,0,0
participant_20240919124448_score_84_model_CH_8,reward_aware,9,0,1
participant_20240919124448_score_84_model_CH_8,reward_aware,10,0,1
participant_20240919124448_score_84_model_CH_8,reward_aware,11,0,0
participant_20240919124448_score_84_model_CH_8,reward_aware,12,0,0
participant_20240919124448_score_84_model_CH_8,reward_aware,13,0,0
participant_20240919124448_score_84_model_CH_8,reward_aware,14,1,1
participant_20240919124448_score_84_model_CH_8,reward_aware,15,1,1
participant_20240919124448_score_84_model_CH_8,reward_aware,16,0,0
participant_20240919124448_score_84_model_CH_8,reward_aware,17,1,1
participant_20240919124448_score_84_model_CH_8,reward_aware,18,0,0
participant_20240919124448_score_84_model_CH_8,reward_aware,19,0,0
participant_20240919124448_score_84_model_CH_8,reward_aware,20,0,0
participant_20240919124448_score_84_model_CH_8,reward_aware,21,0,0
participant_20240919124448_score_84_model_CH_8,reward_aware,22,0,0
participant_20240919124448_score_84_model_CH_8,reward_aware,23,0,0
participant_20240919124448_score_84_model_CH_8,reward_aware,24,0,1
participant_20240919124448_score_84_model_CH_8,reward_aware,25,0,1
participant_20240919124448_score_84_model_CH_8,reward_aware,26,0,1
participant_20240919124448_score_84_model_CH_8,reward_aware,27,0,0
participant_20240919124448_score_84_model_CH_8,reward_aware,28,1,1
participant_20240919124448_score_84_model_CH_8,reward_aware,29,1,1
participant_20240919124448_score_84_model_CH_8,reward_aware,30,1,1
participant_20240919124448_score_84_model_CH_8,reward_aware,31,0,0
participant_20240919124448_score_84_model_CH_8,reward_aware,32,0,0
participant_20240919124448_score_84_model_CH_8,reward_aware,33,1,0
participant_20240919124448_score_84_model_CH_8,reward_aware,34,0,0
participant_20240919124448_score_84_model_CH_8,reward_aware,35,0,0
participant_20240919124448_score_84_model_CH_8,reward_aware,36,0,0
participant_20240919124448_score_84_model_CH_8,reward_aware,37,0,0
participant_20240919124448_score_84_model_CH_8,reward_aware,38,0,0
participant_20240919124448_score_84_model_CH_8,reward_aware,39,0,1
participant_20240919124448_score_84_model_CH_8,reward_aware,40,0,1
participant_20240919124605_score_84_model_CH_8,reward_aware,2,0,0
participant_20240919124605_score_84_model_CH_8,reward_aware,3,0,0
participant_20240919124605_score_84_model_CH_8,reward_aware,4,0,0
participant_20240919124605_score_84_model_CH_8,reward_aware,5,0,0
participant_20240919124605_score_84_model_CH_8,reward_aware,6,0,0
participant_20240919124605_score_84_model_CH_8,reward_aware,7,0,0
participant_20240919124605_score_84_model_CH_8,reward_aware,8,0,0
participant_20240919124605_score_84_model_CH_8,reward_aware,9,0,0
participant_20240919124605_score_84_model_CH_8,reward_aware,10,0,0
participant_20240919124605_score_84_model_CH_8,reward_aware,11,0,0
participant_20240919124605_score_84_model_CH_8,reward_aware,12,0,0
participant_20240919124605_score_84_model_CH_8,reward_aware,13,0,0
participant_20240919124605_score_84_model_CH_8,reward_aware,14,0,0
participant_20240919124605_score_84_model_CH_8,reward_aware,15,1,0
participant_20240919124605_score_84_model_CH_8,reward_aware,16,0,0
participant_20240919124605_score_84_model_CH_8,reward_aware,17,1,0
participant_20240919124605_score_84_model_CH_8,reward_aware,18,0,0
participant_20240919124605_score_84_model_CH_8,reward_aware,19,0,0
participant_20240919124605_score_84_model_CH_8,reward_aware,20,0,0
participant_20240919124605_score_84_model_CH_8,reward_aware,21,0,0
participant_20240919124605_score_84_model_CH_8,reward_aware,22,0,0
participant_20240919124605_score_84_model_CH_8,reward_aware,23,0,0
participant_20240919124605_score_84_model_CH_8,reward_aware,24,0,0
participant_20240919124605_score_84_model_CH_8,reward_aware,25,1,0
participant_20240919124605_score_84_model_CH_8,reward_aware,26,1,0
participant_20240919124605_score_84_model_CH_8,reward_aware,27,0,0
participant_20240919124605_score_84_model_CH_8,reward_aware,28,0,0
participant_20240919124605_score_84_model_CH_8,reward_aware,29,0,0
participant_20240919124605_score_84_model_CH_8,reward_aware,30,0,0
participant_20240919124605_score_84_model_CH_8,reward_aware,31,0,0
participant_20240919124605_score_84_model_CH_8,reward_aware,32,0,0
participant_20240919124605_score_84_model_CH_8,reward_aware,33,0,0
participant_20240919124605_score_84_model_CH_8,reward_aware,34,1,0
participant_20240919124605_score_84_model_CH_8,reward_aware,35,0,0
participant_20240919124605_score_84_model_CH_8,reward_aware,36,0,0
participant_20240919124605_score_84_model_CH_8,reward_aware,37,1,0
participant_20240919124605_score_84_model_CH_8,reward_aware,38,0,0
participant_20240919124605_score_84_model_CH_8,reward_aware,39,0,0
participant_20240919124605_score_84_model_CH_8,reward_aware,40,0,0
participant_20240919124707_score_82_model_CH_8,reward_aware,2,0,0
participant_20240919124707_score_82_model_CH_8,reward_aware,3,0,0
participant_20240919124707_score_82_model_CH_8,reward_aware,4,0,0
participant_20240919124707_score_82_model_CH_8,reward_aware,5,0,0
participant_20240919124707_score_82_model_CH_8,reward_aware,6,1,0
participant_20240919124707_score_82_model_CH_8,reward_aware,7,0,0
participant_20240919124707_score_82_model_CH_8,reward_aware,8,0,0
participant_20240919124707_score_82_model_CH_8,reward_aware,9,0,0
participant_20240919124707_score_82_model_CH_8,reward_aware,10,0,0
participant_20240919124707_score_82_model_CH_8,reward_aware,11,1,0
participant_20240919124707_score_82_model_CH_8,reward_aware,12,0,0
participant_20240919124707_score_82_model_CH_8,reward_aware,13,0,0
participant_20240919124707_score_82_model_CH_8,reward_aware,14,0,0
participant_20240919124707_score_82_model_CH_8,reward_aware,15,0,0
participant_20240919124707_score_82_model_CH_8,reward_aware,16,0,0
participant_20240919124707_score_82_model_CH_8,reward_aware,17,0,0
participant_20240919124707_score_82_model_CH_8,reward_aware,18,0,0
participant_20240919124707_score_82_model_CH_8,reward_aware,19,0,0
participant_20240919124707_score_82_model_CH_8,reward_aware,20,0,0
participant_20240919124707_score_82_model_CH_8,reward_aware,21,0,0
participant_20240919124707_score_82_model_CH_8,reward_aware,22,1,0
participant_20240919124707_score_82_model_CH_8,reward_aware,23,0,0
participant_20240919124707_score_82_model_CH_8,reward_aware,24,0,0
participant_20240919124707_score_82_model_CH_8,reward_aware,25,0,0
participant_20240919124707_score_82_model_CH_8,reward_aware,26,1,0
participant_20240919124707_score_82_model_CH_8,reward_aware,27,0,0
participant_20240919124707_score_82_model_CH_8,reward_aware,28,0,0
participant_20240919124707_score_82_model_CH_8,reward_aware,29,0,0
participant_20240919124707_score_82_model_CH_8,reward_aware,30,0,0
participant_20240919124707_score_82_model_CH_8,reward_aware,31,0,0
participant_20240919124707_score_82_model_CH_8,reward_aware,32,0,0
participant_20240919124707_score_82_model_CH_8,reward_aware,33,0,0
participant_20240919124707_score_82_model_CH_8,reward_aware,34,0,0
participant_20240919124707_score_82_model_CH_8,reward_aware,35,0,0
participant_20240919124707_score_82_model_CH_8,reward_aware,36,1,0
participant_20240919124707_score_82_model_CH_8,reward_aware,37,0,0
participant_20240919124707_score_82_model_CH_8,reward_aware,38,0,0
participant_20240919124707_score_82_model_CH_8,reward_aware,39,0,0
participant_20240919124707_score_82_model_CH_8,reward_aware,40,0,0
participant_20240919125526_score_87_model_CH_8,reward_aware,2,1,0
participant_20240919125526_score_87_model_CH_8,reward_aware,3,0,1
participant_20240919125526_score_87_model_CH_8,reward_aware,4,0,0
participant_20240919125526_score_87_model_CH_8,reward_aware,5,1,1
participant_20240919125526_score_87_model_CH_8,reward_aware,6,0,0
participant_20240919125526_score_87_model_CH_8,reward_aware,7,0,0
participant_20240919125526_score_87_model_CH_8,reward_aware,8,0,0
participant_20240919125526_score_87_model_CH_8,reward_aware,9,0,0
participant_20240919125526_score_87_model_CH_8,reward_aware,10,0,0
participant_20240919125526_score_87_model_CH_8,reward_aware,11,1,0
participant_20240919125526_score_87_model_CH_8,reward_aware,12,1,0
participant_20240919125526_score_87_model_CH_8,reward_aware,13,0,0
participant_20240919125526_score_87_model_CH_8,reward_aware,14,0,0
participant_20240919125526_score_87_model_CH_8,reward_aware,15,0,1
participant_20240919125526_score_87_model_CH_8,reward_aware,16,0,0
participant_20240919125526_score_87_model_CH_8,reward_aware,17,0,0
participant_20240919125526_score_87_model_CH_8,reward_aware,18,1,0
participant_20240919125526_score_87_model_CH_8,reward_aware,19,0,1
participant_20240919125526_score_87_model_CH_8,reward_aware,20,0,0
participant_20240919125526_score_87_model_CH_8,reward_aware,21,0,0
participant_20240919125526_score_87_model_CH_8,reward_aware,22,0,0
participant_20240919125526_score_87_model_CH_8,reward_aware,23,0,0
participant_20240919125526_score_87_model_CH_8,reward_aware,24,1,0
participant_20240919125526_score_87_model_CH_8,reward_aware,25,0,0
participant_20240919125526_score_87_model_CH_8,reward_aware,26,0,0
participant_20240919125526_score_87_model_CH_8,reward_aware,27,0,0
participant_20240919125526_score_87_model_CH_8,reward_aware,28,0,0
participant_20240919125526_score_87_model_CH_8,reward_aware,29,0,0
participant_20240919125526_score_87_model_CH_8,reward_aware,30,1,0
participant_20240919125526_score_87_model_CH_8,reward_aware,31,1,0
participant_20240919125526_score_87_model_CH_8,reward_aware,32,0,0
participant_20240919125526_score_87_model_CH_8,reward_aware,33,0,0
participant_20240919125526_score_87_model_CH_8,reward_aware,34,0,0
participant_20240919125526_score_87_model_CH_8,reward_aware,35,0,0
participant_20240919125526_score_87_model_CH_8,reward_aware,36,0,0
participant_20240919125526_score_87_model_CH_8,reward_aware,37,0,0
participant_20240919125526_score_87_model_CH_8,reward_aware,38,1,0
participant_20240919125526_score_87_model_CH_8,reward_aware,39,0,0
participant_20240919125526_score_87_model_CH_8,reward_aware,40,1,1
participant_20240919125528_score_87_model_CH_8,reward_aware,2,0,0
participant_20240919125528_score_87_model_CH_8,reward_aware,3,0,0
participant_20240919125528_score_87_model_CH_8,reward_aware,4,1,0
participant_20240919125528_score_87_model_CH_8,reward_aware,5,0,0
participant_20240919125528_score_87_model_CH_8,reward_aware,6,0,0
participant_20240919125528_score_87_model_CH_8,reward_aware,7,0,0
participant_20240919125528_score_87_model_CH_8,reward_aware,8,1,0
participant_20240919125528_score_87_model_CH_8,reward_aware,9,0,0
participant_20240919125528_score_87_model_CH_8,reward_aware,10,1,0
participant_20240919125528_score_87_model_CH_8,reward_aware,11,0,0
participant_20240919125528_score_87_model_CH_8,reward_aware,12,0,0
participant_20240919125528_score_87_model_CH_8,reward_aware,13,0,0
participant_20240919125528_score_87_model_CH_8,reward_aware,14,0,0
participant_20240919125528_score_87_model_CH_8,reward_aware,15,0,0
participant_20240919125528_score_87_model_CH_8,reward_aware,16,0,0
participant_20240919125528_score_87_model_CH_8,reward_aware,17,0,0
participant_20240919125528_score_87_model_CH_8,reward_aware,18,1,1
participant_20240919125528_score_87_model_CH_8,reward_aware,19,0,0
participant_20240919125528_score_87_model_CH_8,reward_aware,20,0,0
participant_20240919125528_score_87_model_CH_8,reward_aware,21,1,0
participant_20240919125528_score_87_model_CH_8,reward_aware,22,0,0
participant_20240919125528_score_87_model_CH_8,reward_aware,23,0,0
participant_20240919125528_score_87_model_CH_8,reward_aware,24,0,0
participant_20240919125528_score_87_model_CH_8,reward_aware,25,0,0
participant_20240919125528_score_87_model_CH_8,reward_aware,26,0,0
participant_20240919125528_score_87_model_CH_8,reward_aware,27,0,0
participant_20240919125528_score_87_model_CH_8,reward_aware,28,1,0
participant_20240919125528_score_87_model_CH_8,reward_aware,29,0,0
participant_20240919125528_score_87_model_CH_8,reward_aware,30,0,0
participant_20240919125528_score_87_model_CH_8,reward_aware,31,0,0
participant_20240919125528_score_87_model_CH_8,reward_aware,32,0,0
participant_20240919125528_score_87_model_CH_8,reward_aware,33,0,0
participant_20240919125528_score_87_model_CH_8,reward_aware,34,0,0
participant_20240919125528_score_87_model_CH_8,reward_aware,35,0,0
participant_20240919125528_score_87_model_CH_8,reward_aware,36,0,0
participant_20240919125528_score_87_model_CH_8,reward_aware,37,0,0
participant_20240919125528_score_87_model_CH_8,reward_aware,38,1,0
participant_20240919125528_score_87_model_CH_8,reward_aware,39,0,0
participant_20240919125528_score_87_model_CH_8,reward_aware,40,0,0
participant_20240919125936_score_83_model_CH_8,reward_aware,2,0,0
participant_20240919125936_score_83_model_CH_8,reward_aware,3,0,0
participant_20240919125936_score_83_model_CH_8,reward_aware,4,0,0
participant_20240919125936_score_83_model_CH_8,reward_aware,5,1,0
participant_20240919125936_score_83_model_CH_8,reward_aware,6,0,0
participant_20240919125936_score_83_model_CH_8,reward_aware,7,0,0
participant_20240919125936_score_83_model_CH_8,reward_aware,8,0,0
participant_20240919125936_score_83_model_CH_8,reward_aware,9,0,0
participant_20240919125936_score_83_model_CH_8,reward_aware,10,0,0
participant_20240919125936_score_83_model_CH_8,reward_aware,11,0,0
participant_20240919125936_score_83_model_CH_8,reward_aware,12,0,0
participant_20240919125936_score_83_model_CH_8,reward_aware,13,0,0
participant_20240919125936_score_83_model_CH_8,reward_aware,14,0,0
participant_20240919125936_score_83_model_CH_8,reward_aware,15,0,0
participant_20240919125936_score_83_model_CH_8,reward_aware,16,0,0
participant_20240919125936_score_83_model_CH_8,reward_aware,17,0,0
participant_20240919125936_score_83_model_CH_8,reward_aware,18,1,0
participant_20240919125936_score_83_model_CH_8,reward_aware,19,0,0
participant_20240919125936_score_83_model_CH_8,reward_aware,20,0,0
participant_20240919125936_score_83_model_CH_8,reward_aware,21,0,0
participant_20240919125936_score_83_model_CH_8,reward_aware,22,1,0
participant_20240919125936_score_83_model_CH_8,reward_aware,23,0,0
participant_20240919125936_score_83_model_CH_8,reward_aware,24,1,0
participant_20240919125936_score_83_model_CH_8,reward_aware,25,0,0
participant_20240919125936_score_83_model_CH_8,reward_aware,26,0,0
participant_20240919125936_score_83_model_CH_8,reward_aware,27,0,0
participant_20240919125936_score_83_model_CH_8,reward_aware,28,1,0
participant_20240919125936_score_83_model_CH_8,reward_aware,29,0,0
participant_20240919125936_score_83_model_CH_8,reward_aware,30,0,0
participant_20240919125936_score_83_model_CH_8,reward_aware,31,0,0
participant_20240919125936_score_83_model_CH_8,reward_aware,32,0,0
participant_20240919125936_score_83_model_CH_8,reward_aware,33,0,0
participant_20240919125936_score_83_model_CH_8,reward_aware,34,0,0
participant_20240919125936_score_83_model_CH_8,reward_aware,35,0,0
participant_20240919125936_score_83_model_CH_8,reward_aware,36,1,0
participant_20240919125936_score_83_model_CH_8,reward_aware,37,0,0
participant_20240919125936_score_83_model_CH_8,reward_aware,38,0,0
participant_20240919125936_score_83_model_CH_8,reward_aware,39,0,0
participant_20240919125936_score_83_model_CH_8,reward_aware,40,0,0
participant_20240919130130_score_83_model_CH_8,reward_aware,2,0,1
participant_20240919130130_score_83_model_CH_8,reward_aware,3,1,1
participant_20240919130130_score_83_model_CH_8,reward_aware,4,0,1
participant_20240919130130_score_83_model_CH_8,reward_aware,5,0,1
participant_20240919130130_score_83_model_CH_8,reward_aware,6,0,1
participant_20240919130130_score_83_model_CH_8,reward_aware,7,0,1
participant_20240919130130_score_83_model_CH_8,reward_aware,8,1,1
participant_20240919130130_score_83_model_CH_8,reward_aware,9,0,1
participant_20240919130130_score_83_model_CH_8,reward_aware,10,0,0
participant_20240919130130_score_83_model_CH_8,reward_aware,11,0,0
participant_20240919130130_score_83_model_CH_8,reward_aware,12,1,1
participant_20240919130130_score_83_model_CH_8,reward_aware,13,0,0
participant_20240919130130_score_83_model_CH_8,reward_aware,14,0,0
participant_20240919130130_score_83_model_CH_8,reward_aware,15,0,1
participant_20240919130130_score_83_model_CH_8,reward_aware,16,0,1
participant_20240919130130_score_83_model_CH_8,reward_aware,17,0,1
participant_20240919130130_score_83_model_CH_8,reward_aware,18,0,1
participant_20240919130130_score_83_model_CH_8,reward_aware,19,0,1
participant_20240919130130_score_83_model_CH_8,reward_aware,20,0,1
participant_20240919130130_score_83_model_CH_8,reward_aware,21,0,1
participant_20240919130130_score_83_model_CH_8,reward_aware,22,0,1
participant_20240919130130_score_83_model_CH_8,reward_aware,23,0,1
participant_20240919130130_score_83_model_CH_8,reward_aware,24,0,1
participant_20240919130130_score_83_model_CH_8,reward_aware,25,0,1
participant_20240919130130_score_83_model_CH_8,reward_aware,26,0,1
participant_20240919130130_score_83_model_CH_8,reward_aware,27,0,1
participant_20240919130130_score_83_model_CH_8,reward_aware,28,0,1
participant_20240919130130_score_83_model_CH_8,reward_aware,29,0,0
participant_20240919130130_score_83_model_CH_8,reward_aware,30,0,1
participant_20240919130130_score_83_model_CH_8,reward_aware,31,0,1
participant_20240919130130_score_83_model_CH_8,reward_aware,32,0,0
participant_20240919130130_score_83_model_CH_8,reward_aware,33,0,0
participant_20240919130130_score_83_model_CH_8,reward_aware,34,0,0
participant_20240919130130_score_83_model_CH_8,reward_aware,35,0,0
participant_20240919130130_score_83_model_CH_8,reward_aware,36,0,0
participant_20240919130130_score_83_model_CH_8,reward_aware,37,0,1
participant_20240919130130_score_83_model_CH_8,reward_aware,38,0,0
participant_20240919130130_score_83_model_CH_8,reward_aware,39,1,0
participant_20240919130130_score_83_model_CH_8,reward_aware,40,0,1
